t_s,gap_mm,hall_mV,adc16
0.017,385,2491,32215
0.045,394,2491,32215
0.078,389,2491,32212
0.110,389,2492,32220
0.140,382,2492,32218
0.172,394,2491,32215
0.202,393,2492,32218
0.234,385,2492,32218
0.263,396,2491,32213
0.295,381,2491,32209
0.324,389,2492,32220
0.357,400,2491,32216
0.386,376,2491,32210
0.418,386,2491,32214
0.450,379,2491,32211
0.480,363,2491,32212
0.512,374,2491,32217
0.541,370,2491,32216
0.573,391,2491,32210
0.602,384,2491,32207
0.635,370,2491,32215
0.664,390,2491,32210
0.696,362,2491,32214
0.725,370,2490,32203
0.759,350,2491,32213
0.790,368,2491,32211
0.820,392,2491,32209
0.852,387,2491,32207
0.882,353,2491,32207
0.914,385,2491,32211
0.943,355,2491,32208
0.975,348,2490,32198
1.004,339,2490,32201
1.037,325,2490,32202
1.066,327,2489,32191
1.099,326,2489,32191
1.127,346,2489,32190
1.160,352,2490,32193
1.192,385,2490,32201
1.221,366,2490,32198
1.253,387,2490,32199
1.282,397,2490,32203
1.315,383,2490,32197
1.344,374,2489,32190
1.376,372,2488,32178
1.405,363,2488,32172
1.438,366,2487,32156
1.467,356,2487,32161
1.500,361,2487,32156
1.528,356,2486,32150
1.561,353,2486,32147
1.593,355,2486,32146
1.622,358,2486,32146
1.655,356,2486,32153
1.684,352,2487,32158
1.716,348,2487,32156
1.745,347,2487,32159
1.778,352,2487,32158
1.807,353,2486,32150
1.839,358,2485,32130
1.868,354,2484,32119
1.901,356,2482,32097
1.929,361,2481,32086
1.962,352,2482,32098
1.994,362,2482,32095
2.024,355,2483,32106
2.056,354,2483,32113
2.085,352,2485,32137
2.117,349,2484,32123
2.146,344,2483,32113
2.179,345,2482,32094
2.208,343,2479,32054
2.240,350,2479,32057
2.269,350,2479,32060
2.302,346,2480,32068
2.331,358,2479,32053
2.363,352,2479,32053
2.392,347,2480,32064
2.425,349,2481,32080
2.457,350,2482,32101
2.487,351,2482,32095
2.519,352,2480,32067
2.548,353,2478,32047
2.580,352,2479,32052
2.609,356,2477,32034
2.642,352,2476,32021
2.671,351,2474,31993
2.704,356,2473,31976
2.732,351,2472,31970
2.765,355,2472,31964
2.793,353,2472,31961
2.826,351,2470,31941
2.859,358,2463,31849
2.888,362,2458,31787
2.920,357,2456,31761
2.949,355,2452,31712
2.982,357,2449,31666
3.011,354,2447,31640
3.043,350,2445,31617
3.072,344,2445,31617
3.105,346,2446,31635
3.134,338,2447,31641
3.166,332,2447,31647
3.195,343,2447,31643
3.228,338,2444,31599
3.260,337,2443,31589
3.289,330,2441,31565
3.321,341,2438,31524
3.351,336,2437,31514
3.383,340,2437,31518
3.412,337,2439,31541
3.445,334,2445,31621
3.473,337,2447,31648
3.506,328,2449,31669
3.535,332,2447,31642
3.568,340,2445,31614
3.596,340,2440,31556
3.629,340,2438,31520
3.658,333,2437,31512
3.691,340,2437,31519
3.723,341,2438,31521
3.752,342,2437,31520
3.785,337,2438,31529
3.814,350,2440,31552
3.846,350,2439,31537
3.876,346,2438,31530
3.908,343,2438,31528
3.937,346,2438,31532
3.970,349,2441,31559
3.998,356,2444,31604
4.031,352,2446,31630
4.059,356,2447,31646
4.092,351,2447,31648
4.121,358,2445,31615
4.154,351,2433,31455
4.186,354,2404,31082
4.215,361,2367,30613
4.248,361,2341,30275
4.277,366,2339,30248
4.309,357,2354,30435
4.338,364,2365,30581
4.372,363,2372,30678
4.399,359,2369,30627
4.432,361,2365,30581
4.461,366,2349,30378
4.494,360,2325,30065
4.526,364,2290,29607
4.555,354,2255,29157
4.587,368,2236,28912
4.616,362,2225,28770
4.649,350,2220,28701
4.678,363,2219,28698
4.711,361,2225,28775
4.739,361,2249,29082
4.772,366,2272,29379
4.801,363,2293,29648
4.834,358,2307,29833
4.863,362,2313,29914
4.895,360,2313,29914
4.924,373,2303,29785
4.957,363,2289,29601
4.989,371,2272,29380
5.018,373,2251,29106
5.050,372,2235,28905
5.079,377,2234,28890
5.112,372,2236,28911
5.140,372,2253,29134
5.173,379,2275,29418
5.202,371,2296,29689
5.234,375,2294,29663
5.263,374,2290,29609
5.296,379,2283,29525
5.325,371,2279,29472
5.358,384,2272,29382
5.390,380,2254,29149
5.419,375,2240,28965
5.451,383,2234,28892
5.480,381,2230,28830
5.513,381,2219,28694
5.542,383,2219,28694
5.575,386,2222,28738
5.603,387,2224,28754
5.636,391,2220,28703
5.665,387,2219,28699
5.699,379,2220,28702
5.728,384,2228,28813
5.759,384,2235,28904
5.791,384,2239,28947
5.821,384,2234,28893
5.853,387,2234,28882
5.882,398,2234,28894
5.915,389,2233,28880
5.943,391,2226,28786
5.976,388,2225,28777
6.005,394,2223,28747
6.038,397,2213,28611
6.067,392,2200,28444
6.099,391,2185,28251
6.128,394,2175,28128
6.161,399,2171,28072
6.189,394,2177,28153
6.222,401,2180,28188
6.254,395,2185,28251
6.283,404,2193,28356
6.316,394,2194,28370
6.345,402,2195,28379
6.377,409,2193,28363
6.406,399,2196,28393
6.439,397,2199,28435
6.468,396,2196,28399
6.501,400,2185,28261
6.529,391,2180,28185
6.562,396,2169,28050
6.591,395,2155,27869
6.623,402,2148,27770
6.656,403,2140,27674
6.685,401,2125,27482
6.717,398,2108,27261
6.747,391,2103,27196
6.779,398,2113,27327
6.808,400,2121,27432
6.841,397,2123,27456
6.869,401,2120,27415
6.902,395,2112,27311
6.930,395,2118,27389
6.964,400,2135,27605
6.992,399,2154,27860
7.025,399,2162,27953
7.054,398,2161,27943
7.086,403,2158,27904
7.118,404,2154,27856
7.148,395,2152,27821
7.180,403,2150,27806
7.210,395,2145,27743
7.242,401,2144,27722
7.270,398,2145,27740
7.303,401,2146,27744
7.332,393,2147,27766
7.364,398,2143,27705
7.393,390,2136,27617
7.426,397,2129,27528
7.455,398,2133,27589
7.488,403,2139,27656
7.520,394,2140,27674
7.549,394,2143,27714
7.581,394,2146,27756
7.610,403,2147,27768
7.643,401,2155,27861
7.672,401,2160,27937
7.705,402,2175,28125
7.733,397,2180,28192
7.766,396,2180,28184
7.795,403,2175,28127
7.828,404,2173,28102
7.857,400,2169,28047
7.889,399,2163,27970
7.918,407,2162,27952
7.951,398,2162,27954
7.983,396,2156,27876
8.013,404,2149,27787
8.044,396,2145,27731
8.074,404,2149,27788
8.106,394,2156,27876
8.136,392,2166,28007
8.168,401,2175,28126
8.197,390,2178,28169
8.229,396,2174,28109
8.258,393,2172,28090
8.291,398,2176,28143
8.319,399,2180,28190
8.352,398,2180,28188
8.384,400,2177,28156
8.413,399,2170,28066
8.445,394,2165,28002
8.474,392,2170,28062
8.507,398,2177,28151
8.536,401,2180,28188
8.569,397,2188,28295
8.597,395,2199,28434
8.630,387,2208,28557
8.659,394,2218,28680
8.691,394,2219,28699
8.720,399,2225,28765
8.753,395,2232,28858
8.782,398,2234,28891
8.814,403,2239,28955
8.847,397,2250,29098
8.876,397,2255,29160
8.908,395,2267,29316
8.937,391,2279,29467
8.970,398,2285,29544
8.999,390,2290,29613
9.031,398,2293,29653
9.060,392,2289,29595
9.093,396,2281,29498
9.122,399,2279,29471
9.154,393,2279,29475
9.183,394,2282,29505
9.216,392,2289,29600
9.248,390,2293,29652
9.277,393,2290,29609
9.310,391,2286,29561
9.339,389,2279,29467
9.371,390,2265,29292
9.400,397,2254,29147
9.433,400,2242,28989
9.462,396,2233,28874
9.494,396,2221,28718
9.523,394,2217,28672
9.556,407,2211,28585
9.585,393,2212,28609
9.617,394,2219,28697
9.646,395,2219,28699
9.679,397,2220,28707
9.711,391,2219,28699
9.740,394,2211,28597
9.773,394,2201,28466
9.802,400,2196,28391
9.834,403,2185,28250
9.863,390,2179,28183
9.896,403,2170,28056
9.924,392,2165,27990
9.957,399,2169,28043
9.986,399,2170,28064
10.019,391,2169,28053
10.047,407,2163,27972
10.080,395,2155,27873
10.112,396,2152,27827
10.141,394,2146,27747
10.174,397,2145,27731
10.203,397,2141,27679
10.235,403,2138,27653
10.264,396,2140,27672
10.297,404,2145,27744
10.326,404,2154,27857
10.358,407,2155,27872
10.387,401,2160,27925
10.420,401,2163,27967
10.449,403,2161,27939
10.482,400,2157,27897
10.510,401,2163,27971
10.543,410,2174,28107
10.575,403,2180,28185
10.604,396,2187,28278
10.637,398,2198,28422
10.666,399,2205,28519
10.698,400,2215,28648
10.727,400,2220,28709
10.760,405,2225,28778
10.789,401,2234,28882
10.821,405,2234,28893
10.850,394,2240,28960
10.883,395,2250,29089
10.911,400,2254,29149
10.944,402,2264,29282
10.973,396,2276,29435
11.006,393,2282,29514
11.038,399,2292,29644
11.067,392,2294,29664
11.100,394,2297,29699
11.129,398,2296,29691
11.161,394,2295,29671
11.191,395,2294,29664
11.223,400,2294,29668
11.252,400,2295,29681
11.285,395,2299,29731
11.313,396,2305,29812
11.346,386,2313,29916
11.375,400,2323,30043
11.407,395,2333,30171
11.440,392,2338,30237
11.469,396,2345,30317
11.502,387,2353,30431
11.531,391,2357,30484
11.563,391,2358,30489
11.592,393,2358,30491
11.624,393,2358,30489
11.653,398,2358,30486
11.686,394,2356,30468
11.714,387,2356,30468
11.747,390,2358,30487
11.776,393,2358,30497
11.809,390,2362,30545
11.837,394,2367,30614
11.870,395,2372,30672
11.902,389,2378,30745
11.931,382,2378,30752
11.964,392,2382,30800
11.994,390,2383,30816
12.026,392,2384,30826
12.054,383,2388,30880
12.087,387,2389,30891
12.116,399,2390,30901
12.149,393,2391,30915
12.178,391,2392,30936
12.211,390,2393,30940
12.239,384,2394,30952
12.272,391,2397,31001
12.304,390,2400,31029
12.334,387,2404,31091
12.366,390,2407,31132
12.395,385,2408,31135
12.428,384,2410,31162
12.456,391,2411,31172
12.489,389,2412,31195
12.518,396,2413,31197
12.550,385,2412,31194
12.579,387,2412,31196
12.612,391,2413,31196
12.640,392,2413,31198
12.673,386,2413,31198
12.702,387,2413,31198
12.735,385,2413,31200
12.767,383,2413,31203
12.796,383,2413,31204
12.829,382,2413,31205
12.858,382,2414,31211
12.890,381,2413,31205
12.919,391,2413,31205
12.952,396,2413,31203
12.981,383,2413,31209
13.013,392,2414,31219
13.042,381,2417,31249
13.074,381,2418,31264
13.103,394,2420,31288
13.136,391,2420,31297
13.168,385,2422,31314
13.197,386,2420,31300
13.230,387,2419,31278
13.259,385,2415,31230
13.292,387,2413,31202
13.321,383,2412,31195
13.353,391,2413,31197
13.382,388,2412,31184
13.415,390,2409,31145
13.443,383,2408,31135
13.476,390,2406,31108
13.505,389,2400,31037
13.538,393,2398,31008
13.566,391,2397,31000
13.599,390,2396,30980
13.631,387,2395,30973
13.660,390,2394,30953
13.693,390,2393,30938
13.722,386,2392,30937
13.754,385,2386,30850
13.783,395,2380,30772
13.816,394,2377,30739
13.845,387,2369,30627
13.878,391,2359,30503
13.906,390,2357,30472
13.939,397,2353,30433
13.967,387,2354,30441
14.000,393,2356,30465
14.032,391,2358,30486
14.061,395,2357,30483
14.094,382,2356,30470
14.123,388,2354,30434
14.155,392,2351,30406
14.185,396,2344,30314
14.217,395,2339,30249
14.246,390,2338,30235
14.279,393,2333,30175
14.308,397,2328,30108
14.340,398,2321,30010
14.369,397,2318,29970
14.401,399,2314,29924
14.431,396,2313,29916
14.463,391,2314,29918
14.495,396,2313,29910
14.525,395,2310,29871
14.557,395,2306,29820
14.586,395,2303,29786
14.618,393,2299,29732
14.647,393,2294,29665
14.680,404,2294,29660
14.709,397,2292,29637
14.742,394,2289,29603
14.770,392,2289,29601
14.803,388,2289,29595
14.832,394,2288,29585
14.864,400,2283,29518
14.893,398,2278,29458
14.926,392,2270,29349
14.958,394,2263,29264
14.987,401,2255,29158
15.020,400,2254,29148
15.049,397,2253,29134
15.082,396,2250,29099
15.110,399,2250,29096
15.143,406,2250,29091
15.172,398,2250,29089
15.205,394,2249,29080
15.233,400,2243,29010
15.266,397,2235,28902
15.294,400,2228,28810
15.327,398,2223,28748
15.359,392,2221,28723
15.389,400,2220,28709
15.421,397,2219,28699
15.450,405,2219,28701
15.483,398,2220,28707
15.512,399,2219,28698
15.544,392,2210,28583
15.573,406,2200,28448
15.605,403,2194,28373
15.634,394,2190,28323
15.668,391,2191,28336
15.696,402,2192,28349
15.729,405,2195,28378
15.757,397,2198,28427
15.791,403,2199,28436
15.822,395,2199,28433
15.852,394,2199,28440
15.884,398,2200,28443
15.913,397,2186,28274
15.946,401,2176,28139
15.975,397,2170,28055
16.008,403,2180,28184
16.036,403,2186,28263
16.069,398,2186,28269
16.098,393,2181,28198
16.130,395,2180,28188
16.159,402,2180,28185
16.191,404,2172,28092
16.223,407,2157,27894
16.253,401,2150,27805
16.285,399,2145,27734
16.314,400,2145,27740
16.347,395,2153,27841
16.375,406,2155,27862
16.408,401,2155,27865
16.437,397,2161,27939
16.470,400,2166,28010
16.499,396,2170,28057
16.532,402,2179,28177
16.560,401,2180,28190
16.593,394,2178,28165
16.621,402,2161,27945
16.654,406,2155,27861
16.686,395,2154,27849
16.716,396,2158,27908
16.748,404,2169,28043
16.777,399,2172,28088
16.810,404,2175,28127
16.839,402,2173,28106
16.871,396,2171,28071
16.900,401,2168,28033
16.933,407,2160,27930
16.962,400,2160,27935
16.994,405,2169,28049
17.023,398,2177,28152
17.056,402,2185,28260
17.088,400,2202,28470
17.118,406,2219,28693
17.150,398,2229,28823
17.179,406,2249,29077
17.211,401,2259,29216
17.240,398,2274,29402
17.273,404,2279,29467
17.302,399,2281,29498
17.334,402,2289,29599
17.363,392,2294,29660
17.396,389,2297,29706
17.425,397,2304,29793
17.457,390,2313,29916
17.486,396,2319,29987
17.519,394,2328,30108
17.551,392,2335,30189
17.580,392,2338,30232
17.612,398,2341,30270
17.641,392,2344,30313
17.674,387,2350,30387
17.703,394,2353,30425
17.736,392,2355,30458
17.764,400,2358,30488
17.797,388,2358,30495
17.826,388,2361,30532
17.859,386,2368,30616
17.887,392,2371,30660
17.920,393,2374,30698
17.949,376,2377,30733
17.982,390,2378,30745
18.014,395,2378,30749
18.043,395,2378,30746
18.076,395,2378,30753
18.104,391,2381,30783
18.137,394,2383,30818
18.165,394,2389,30891
18.198,387,2393,30942
18.227,392,2394,30951
18.260,389,2396,30989
18.289,391,2398,31005
18.321,387,2398,31004
18.350,389,2398,31008
18.383,392,2398,31010
18.416,389,2398,31014
18.444,384,2400,31032
18.476,382,2403,31070
18.505,392,2406,31118
18.538,388,2408,31143
18.567,390,2412,31189
18.599,397,2412,31193
18.628,383,2413,31198
18.661,390,2413,31198
18.690,387,2413,31199
18.723,384,2414,31211
18.752,381,2414,31211
18.784,389,2414,31212
18.813,389,2415,31226
18.846,385,2416,31248
18.878,391,2418,31266
18.907,387,2420,31294
18.939,392,2421,31305
18.969,384,2421,31304
19.001,385,2421,31303
19.030,389,2421,31307
19.062,394,2421,31306
19.091,387,2420,31296
19.124,389,2420,31296
19.153,382,2421,31302
19.185,383,2422,31315
19.214,389,2422,31325
19.247,385,2425,31354
19.280,388,2429,31412
19.309,387,2432,31443
19.341,385,2433,31462
19.370,385,2433,31461
19.403,385,2434,31475
19.432,382,2434,31471
19.464,378,2433,31462
19.493,378,2433,31457
19.526,382,2433,31460
19.554,377,2432,31451
19.587,380,2433,31455
19.615,390,2432,31453
19.648,394,2433,31457
19.677,386,2433,31457
19.710,384,2433,31455
19.742,379,2432,31453
19.771,380,2431,31437
19.804,391,2430,31422
19.833,388,2428,31399
19.865,385,2426,31365
19.894,385,2424,31339
19.927,378,2424,31339
19.956,389,2424,31345
19.989,390,2424,31344
20.017,376,2425,31354
20.050,388,2425,31356
20.079,389,2423,31329
20.112,380,2423,31328
20.140,382,2419,31282
20.173,386,2414,31222
20.205,390,2413,31197
20.235,383,2412,31196
20.266,388,2411,31180
20.296,378,2407,31132
20.328,390,2403,31071
20.357,384,2398,31007
20.390,389,2394,30953
20.419,388,2393,30939
20.451,388,2389,30896
20.480,387,2384,30827
20.513,391,2382,30806
20.541,389,2379,30766
20.574,393,2377,30744
20.606,390,2378,30748
20.635,394,2374,30697
20.668,392,2370,30642
20.697,392,2366,30601
20.729,395,2359,30510
20.758,388,2358,30486
20.791,394,2352,30414
20.819,394,2343,30302
20.852,392,2338,30238
20.881,398,2338,30235
20.914,386,2337,30217
20.943,394,2337,30215
20.976,393,2337,30219
21.004,389,2336,30210
21.037,397,2334,30183
21.070,399,2329,30121
21.098,399,2321,30014
21.131,395,2314,29917
21.160,394,2304,29791
21.192,387,2295,29671
21.221,394,2291,29626
21.253,399,2288,29584
21.282,403,2285,29544
21.315,394,2283,29522
21.344,395,2280,29479
21.377,394,2279,29468
21.406,396,2278,29464
21.438,402,2276,29431
21.470,393,2269,29342
21.499,391,2258,29204
21.532,395,2254,29148
21.561,395,2252,29121
21.594,398,2249,29078
21.623,394,2247,29055
21.655,392,2243,29005
21.685,395,2240,28971
21.717,403,2243,29003
21.747,401,2242,28994
21.778,400,2238,28946
21.807,394,2237,28926
21.840,393,2240,28965
21.872,398,2246,29045
21.901,409,2249,29085
21.934,394,2253,29130
21.963,395,2254,29146
21.995,407,2253,29139
22.024,397,2250,29095
22.056,396,2248,29065
22.086,405,2244,29012
22.118,402,2239,28957
22.147,406,2234,28889
22.180,402,2225,28771
22.209,398,2219,28699
22.241,404,2216,28650
22.270,400,2210,28573
22.303,392,2207,28540
22.335,391,2206,28520
22.364,395,2207,28545
22.397,404,2208,28556
22.425,404,2212,28599
22.458,404,2216,28650
22.487,402,2210,28576
22.519,396,2203,28485
22.549,409,2203,28491
22.581,406,2207,28538
22.610,404,2204,28494
22.642,409,2194,28374
22.671,395,2180,28189
22.704,395,2180,28187
22.737,401,2182,28219
22.765,399,2185,28252
22.798,401,2184,28236
22.827,399,2180,28188
22.859,400,2180,28190
22.889,402,2183,28224
22.921,405,2184,28236
22.949,401,2181,28198
22.982,406,2180,28186
23.011,396,2179,28182
23.043,402,2165,27995
23.072,396,2155,27866
23.105,399,2151,27810
23.134,402,2154,27852
23.167,397,2155,27868
23.199,406,2155,27868
23.228,402,2155,27867
23.261,405,2152,27829
23.290,399,2145,27743
23.322,395,2140,27679
23.351,396,2140,27672
23.384,401,2144,27721
23.412,398,2142,27694
23.445,403,2132,27564
23.474,403,2123,27452
23.507,402,2135,27605
23.536,402,2146,27748
23.568,407,2149,27786
23.600,398,2140,27679
23.630,403,2136,27619
23.662,407,2141,27683
23.691,400,2154,27860
23.724,400,2155,27872
23.753,404,2156,27876
23.785,403,2164,27981
23.814,406,2179,28180
23.847,403,2189,28312
23.876,405,2199,28431
23.908,405,2200,28454
23.937,404,2208,28556
23.970,398,2206,28523
23.999,398,2197,28404
24.031,408,2180,28195
24.063,405,2179,28174
24.093,402,2179,28182
24.125,398,2180,28190
24.154,404,2180,28188
24.187,402,2180,28184
24.216,406,2181,28208
24.249,401,2188,28291
24.277,410,2180,28187
24.310,404,2172,28091
24.338,404,2178,28165
24.371,400,2185,28259
24.399,407,2197,28407
24.432,403,2193,28359
24.465,399,2189,28311
24.494,397,2199,28432
24.526,408,2209,28564
24.555,400,2210,28583
24.588,402,2212,28597
24.616,402,2219,28699
24.649,398,2219,28699
24.678,407,2207,28541
24.711,398,2194,28369
24.739,414,2186,28269
24.772,406,2182,28216
24.801,400,2177,28154
24.833,406,2169,28045
24.862,403,2175,28123
24.895,405,2182,28219
24.927,402,2185,28251
24.956,405,2180,28184
24.989,398,2161,27945
25.018,401,2155,27865
25.050,409,2156,27884
25.079,395,2161,27949
25.112,405,2166,28014
25.141,409,2174,28117
25.173,406,2184,28241
25.202,400,2196,28393
25.235,397,2200,28453
25.263,400,2206,28532
25.296,400,2206,28524
25.329,392,2205,28508
25.358,400,2206,28522
25.390,397,2211,28590
25.419,400,2219,28694
25.452,399,2224,28755
25.481,401,2227,28798
25.513,405,2234,28889
25.542,398,2239,28948
25.575,397,2245,29035
25.603,400,2249,29081
25.636,398,2252,29126
25.665,397,2254,29147
25.698,398,2259,29214
25.726,399,2272,29380
25.759,404,2279,29472
25.792,397,2289,29601
25.821,394,2294,29658
25.853,400,2299,29729
25.882,397,2304,29791
25.915,395,2305,29812
25.943,394,2307,29833
25.976,393,2310,29875
26.005,403,2312,29893
26.038,399,2312,29892
26.066,398,2313,29910
26.099,397,2314,29920
26.128,392,2319,29992
26.161,394,2328,30106
26.193,398,2333,30169
26.222,386,2338,30233
26.255,391,2339,30248
26.283,395,2343,30300
26.316,397,2343,30303
26.345,391,2347,30354
26.377,392,2350,30385
26.406,388,2350,30386
26.439,395,2351,30397
26.468,389,2350,30387
26.501,398,2349,30375
26.529,400,2351,30397
26.562,390,2353,30433
26.591,389,2357,30473
26.623,395,2358,30495
26.656,387,2360,30521
26.685,396,2365,30582
26.717,394,2368,30627
26.746,392,2373,30689
26.779,393,2377,30741
26.808,388,2378,30749
26.840,393,2380,30780
26.869,393,2383,30811
26.902,392,2383,30821
26.930,385,2385,30842
26.963,392,2387,30871
26.992,396,2392,30933
27.025,391,2393,30943
27.053,395,2394,30952
27.086,389,2397,30991
27.119,384,2398,31013
27.148,394,2399,31025
27.180,390,2400,31040
27.209,383,2401,31042
27.242,393,2403,31068
27.271,389,2406,31112
27.304,387,2407,31123
27.332,391,2409,31153
27.365,394,2412,31189
27.394,391,2413,31197
27.426,392,2413,31196
27.455,384,2413,31198
27.487,387,2413,31198
27.520,386,2413,31200
27.549,386,2413,31198
27.581,384,2413,31198
27.610,395,2412,31196
27.643,388,2413,31197
27.672,388,2412,31196
27.705,380,2413,31199
27.734,392,2413,31198
27.766,397,2413,31198
27.796,391,2413,31201
27.828,390,2413,31207
27.856,385,2414,31213
27.889,394,2416,31236
27.922,386,2417,31259
27.951,377,2420,31287
27.983,394,2420,31297
28.013,387,2421,31308
28.045,389,2422,31322
28.074,386,2422,31321
28.107,384,2424,31343
28.136,384,2428,31391
28.168,381,2432,31443
28.196,388,2432,31449
28.230,387,2433,31457
28.258,384,2433,31457
28.291,386,2434,31472
28.320,391,2435,31482
28.352,381,2435,31489
28.384,386,2436,31495
28.414,389,2437,31511
28.446,387,2437,31514
28.475,380,2437,31515
28.508,382,2438,31521
28.536,381,2439,31534
28.569,381,2439,31539
28.598,377,2440,31552
28.631,384,2441,31565
28.659,378,2442,31582
28.692,377,2443,31587
28.721,381,2444,31601
28.754,385,2445,31623
28.786,378,2447,31640
28.815,383,2447,31646
28.848,383,2448,31651
28.877,381,2449,31665
28.909,381,2451,31688
28.938,379,2452,31706
28.971,379,2452,31708
28.999,382,2453,31714
29.032,371,2454,31727
29.061,381,2454,31737
29.094,376,2455,31745
29.122,380,2456,31757
29.155,380,2456,31763
29.184,387,2456,31762
29.216,381,2457,31766
29.249,383,2457,31766
29.279,380,2457,31770
29.311,375,2457,31766
29.339,379,2457,31768
29.372,375,2457,31771
29.402,380,2457,31772
29.433,381,2457,31772
29.462,378,2457,31776
29.495,376,2457,31774
29.524,377,2458,31778
29.556,376,2458,31780
29.585,384,2458,31782
29.618,386,2458,31786
29.646,372,2458,31785
29.679,373,2458,31783
29.711,376,2458,31788
29.740,377,2459,31792
29.773,378,2458,31790
29.802,370,2458,31789
29.834,378,2459,31794
29.863,376,2459,31793
29.897,373,2458,31789
29.925,378,2458,31786
29.958,373,2458,31784
29.986,377,2458,31781
30.019,380,2457,31774
30.048,378,2457,31778
30.081,378,2458,31781
30.113,380,2458,31788
30.142,377,2459,31802
30.174,379,2461,31823
30.204,375,2461,31827
30.236,378,2462,31838
30.265,369,2462,31843
30.298,373,2463,31843
30.326,374,2463,31851
30.359,377,2463,31848
30.388,375,2463,31851
30.421,377,2463,31848
30.449,374,2463,31847
30.482,370,2463,31853
30.511,380,2463,31852
30.543,381,2464,31862
30.576,378,2464,31864
30.605,374,2464,31867
30.637,375,2464,31865
30.666,377,2464,31860
30.698,377,2465,31871
30.727,369,2465,31874
30.760,367,2466,31882
30.789,377,2466,31885
30.822,373,2467,31896
30.851,374,2467,31900
30.883,370,2467,31900
30.912,370,2468,31912
30.945,373,2468,31918
30.977,370,2468,31910
31.006,380,2468,31912
31.039,371,2469,31921
31.068,376,2468,31916
31.100,380,2468,31914
31.129,378,2468,31909
31.162,376,2467,31897
31.190,370,2466,31882
31.223,371,2464,31864
31.252,375,2463,31849
31.285,370,2463,31843
31.313,376,2462,31835
31.346,379,2462,31832
31.375,377,2461,31826
31.408,372,2460,31811
31.440,376,2459,31797
31.469,377,2458,31782
31.501,380,2457,31778
31.530,374,2457,31771
31.563,370,2457,31768
31.592,381,2455,31751
31.624,382,2453,31726
31.653,375,2453,31715
31.686,379,2451,31689
31.715,382,2450,31687
31.748,379,2451,31694
31.776,379,2451,31699
31.809,380,2452,31701
31.838,377,2451,31690
31.871,378,2450,31680
31.903,382,2448,31661
31.932,383,2447,31644
31.964,386,2447,31637
31.993,380,2445,31611
32.026,383,2442,31573
32.055,382,2440,31548
32.087,387,2438,31530
32.116,387,2438,31523
32.150,387,2437,31520
32.178,384,2437,31515
32.211,386,2437,31511
32.240,391,2435,31484
32.272,385,2433,31458
32.304,381,2431,31432
32.334,386,2427,31386
32.366,390,2424,31339
32.395,382,2423,31329
32.427,388,2422,31322
32.456,384,2419,31283
32.489,384,2416,31242
32.518,389,2413,31204
32.550,383,2413,31198
32.579,387,2413,31198
32.612,392,2413,31196
32.641,389,2412,31190
32.673,386,2411,31183
32.702,383,2410,31170
32.735,390,2408,31135
32.767,395,2408,31135
32.797,393,2405,31105
32.829,391,2402,31066
32.858,387,2399,31017
32.890,385,2397,30999
32.919,389,2397,30990
32.952,391,2396,30989
32.981,395,2396,30988
33.013,390,2397,30993
33.042,389,2396,30989
33.075,389,2397,30998
33.103,401,2396,30986
33.136,394,2394,30963
33.169,396,2393,30945
33.198,387,2393,30939
33.230,395,2393,30939
33.259,397,2391,30924
33.292,389,2388,30876
33.321,388,2386,30858
33.353,393,2387,30860
33.382,393,2386,30849
33.415,391,2385,30847
33.443,395,2384,30833
33.476,395,2383,30813
33.505,392,2379,30769
33.537,395,2378,30747
33.566,396,2374,30697
33.599,401,2370,30643
33.631,392,2368,30622
33.660,399,2364,30572
33.693,389,2359,30510
33.722,398,2358,30492
33.755,388,2356,30461
33.783,390,2353,30422
33.816,392,2348,30368
33.845,392,2348,30358
33.878,399,2346,30337
33.906,398,2344,30308
33.939,402,2342,30289
33.968,398,2340,30257
34.000,403,2339,30243
34.033,391,2338,30238
34.062,401,2337,30215
34.094,395,2333,30169
34.123,395,2329,30119
34.155,396,2326,30084
34.185,399,2323,30044
34.217,393,2323,30043
34.246,395,2319,29992
34.279,398,2314,29923
34.307,401,2312,29901
34.340,404,2307,29835
34.369,394,2305,29804
34.402,400,2303,29785
34.431,401,2299,29730
34.463,401,2295,29674
34.496,398,2297,29703
34.525,394,2300,29745
34.557,398,2300,29742
34.586,395,2300,29740
34.619,396,2296,29687
34.647,402,2294,29661
34.680,399,2291,29625
34.709,398,2286,29566
34.742,401,2281,29491
34.770,391,2279,29469
34.803,396,2279,29469
34.832,399,2278,29464
34.865,390,2279,29468
34.897,400,2279,29467
34.926,405,2278,29462
34.959,398,2275,29417
34.988,396,2272,29378
35.020,398,2271,29362
35.049,400,2266,29299
35.082,397,2256,29179
35.111,396,2254,29147
35.143,401,2254,29146
35.172,399,2254,29151
35.205,399,2254,29148
35.234,406,2253,29137
35.266,396,2251,29103
35.295,400,2253,29130
35.327,404,2251,29103
35.360,395,2249,29081
35.389,400,2249,29082
35.421,403,2248,29073
35.450,402,2243,28999
35.483,399,2241,28974
35.512,399,2244,29018
35.545,404,2249,29085
35.573,401,2249,29086
35.606,397,2244,29012
35.635,404,2241,28976
35.668,404,2248,29063
35.696,411,2251,29106
35.730,404,2249,29085
35.761,395,2249,29079
35.791,398,2254,29148
35.823,401,2259,29208
35.852,393,2261,29239
35.885,403,2255,29166
35.914,401,2262,29252
35.946,407,2269,29338
35.975,403,2266,29299
36.007,397,2261,29238
36.036,406,2257,29180
36.069,404,2254,29151
36.098,400,2254,29148
36.131,399,2254,29148
36.159,398,2254,29148
36.192,401,2254,29148
36.224,397,2254,29145
36.253,398,2249,29078
36.286,399,2239,28959
36.315,397,2237,28924
36.347,398,2236,28908
36.376,410,2234,28889
36.408,399,2228,28811
36.437,399,2224,28760
36.470,407,2226,28784
36.498,406,2234,28888
36.531,408,2234,28892
36.560,409,2234,28884
36.593,396,2234,28889
36.622,400,2234,28894
36.654,400,2235,28896
36.687,400,2235,28900
36.716,407,2234,28894
36.748,400,2235,28896
36.777,398,2235,28904
36.810,401,2240,28966
36.839,393,2249,29080
36.872,405,2254,29147
36.900,405,2254,29150
36.933,403,2254,29142
36.962,408,2250,29091
36.995,401,2252,29115
37.023,396,2254,29148
37.056,403,2254,29150
37.085,407,2254,29147
37.118,410,2254,29150
37.150,396,2254,29147
37.179,411,2259,29215
37.212,402,2267,29314
37.240,404,2275,29419
37.272,398,2278,29459
37.301,403,2279,29469
37.334,404,2278,29452
37.363,405,2269,29340
37.396,406,2256,29173
37.425,398,2252,29124
37.457,403,2249,29082
37.486,398,2254,29146
37.518,401,2260,29218
37.551,397,2266,29305
37.580,400,2274,29411
37.613,404,2279,29468
37.642,400,2284,29537
37.674,396,2288,29584
37.703,402,2287,29574
37.736,404,2289,29599
37.765,398,2293,29654
37.798,396,2294,29659
37.826,400,2294,29670
37.859,399,2303,29783
37.888,396,2310,29876
37.920,395,2313,29916
37.952,400,2319,29988
37.982,402,2328,30106
38.014,394,2333,30175
38.043,403,2337,30223
38.076,397,2338,30231
38.105,399,2336,30211
38.137,396,2336,30201
38.167,399,2338,30232
38.200,395,2338,30238
38.228,394,2338,30237
38.261,397,2340,30254
38.289,386,2343,30298
38.322,397,2345,30328
38.350,397,2348,30362
38.383,398,2349,30379
38.415,403,2352,30412
38.444,394,2353,30427
38.477,393,2353,30423
38.506,393,2351,30406
38.539,398,2349,30375
38.567,401,2350,30387
38.600,396,2353,30427
38.629,395,2357,30484
38.661,400,2358,30497
38.690,399,2363,30557
38.723,399,2368,30622
38.751,394,2372,30674
38.784,397,2374,30701
38.817,394,2376,30722
38.846,401,2377,30738
38.878,394,2377,30742
38.907,393,2378,30746
38.940,391,2378,30745
38.969,398,2377,30742
39.002,387,2377,30743
39.031,391,2378,30752
39.063,398,2379,30759
39.092,399,2381,30788
39.124,389,2383,30815
39.153,402,2386,30857
39.186,388,2391,30912
39.215,395,2392,30937
39.248,391,2392,30936
39.280,385,2393,30940
39.309,393,2393,30940
39.341,393,2393,30941
39.370,400,2393,30944
39.403,391,2393,30948
39.432,392,2394,30952
39.464,390,2396,30981
39.494,396,2398,31011
39.526,388,2400,31031
39.554,386,2401,31046
39.587,395,2403,31067
39.616,389,2403,31069
39.649,388,2402,31059
39.678,390,2400,31035
39.710,388,2398,31011
39.742,392,2397,30992
39.771,386,2394,30952
39.804,389,2393,30942
39.833,389,2392,30931
39.866,388,2389,30893
39.895,392,2385,30841
39.927,393,2383,30817
39.956,390,2381,30784
39.989,398,2378,30747
40.018,390,2373,30686
40.050,399,2366,30594
40.079,396,2358,30493
40.112,389,2348,30367
40.144,393,2339,30242
40.173,393,2338,30229
40.205,395,2334,30182
40.235,397,2333,30167
40.267,397,2332,30151
40.296,392,2329,30120
40.328,400,2330,30123
40.357,394,2329,30120
40.390,398,2329,30115
40.418,401,2328,30106
40.451,395,2325,30062
40.480,401,2319,29983
40.513,393,2314,29921
40.541,398,2312,29902
40.574,394,2307,29826
40.606,400,2303,29783
40.635,398,2296,29696
40.668,393,2294,29661
40.697,393,2294,29660
40.729,398,2293,29655
40.758,395,2293,29654
40.791,399,2294,29659
40.820,393,2292,29642
40.852,404,2290,29614
40.881,398,2290,29615
40.914,397,2289,29605
40.943,398,2285,29546
40.975,408,2279,29467
41.008,400,2275,29422
41.037,395,2270,29352
41.069,394,2263,29266
41.098,400,2256,29174
41.131,401,2254,29152
41.160,402,2254,29153
41.192,392,2255,29156
41.221,403,2254,29151
41.254,403,2254,29146
41.282,402,2254,29148
41.315,407,2254,29145
41.344,400,2254,29144
41.377,403,2249,29087
41.405,404,2249,29081
41.438,401,2250,29098
41.471,403,2254,29146
41.500,402,2254,29143
41.532,406,2253,29139
41.561,409,2254,29147
41.594,399,2254,29151
41.623,401,2254,29147
41.655,399,2247,29060
41.684,389,2238,28937
41.717,392,2235,28900
41.745,398,2234,28891
41.778,404,2226,28783
41.807,395,2227,28800
41.840,403,2234,28891
41.868,406,2236,28919
41.901,401,2238,28941
41.934,404,2237,28929
41.962,398,2237,28929
41.995,409,2238,28944
42.024,398,2239,28958
42.057,407,2240,28961
42.085,407,2240,28960
42.118,403,2247,29054
42.147,400,2254,29148
42.180,398,2255,29155
42.208,400,2254,29151
42.241,408,2256,29175
42.270,402,2266,29298
42.302,397,2274,29402
42.335,399,2265,29289
42.364,402,2261,29234
42.396,404,2264,29272
42.425,402,2264,29275
42.458,402,2264,29281
42.487,405,2266,29299
42.520,402,2273,29394
42.548,399,2276,29427
42.581,397,2278,29452
42.610,395,2276,29427
42.642,407,2266,29304
42.671,402,2265,29283
42.704,398,2270,29359
42.733,393,2276,29436
42.765,404,2274,29412
42.798,400,2277,29446
42.827,403,2284,29528
42.859,400,2292,29639
42.888,407,2294,29664
42.921,404,2297,29709
42.950,402,2295,29680
42.982,403,2293,29654
43.011,399,2280,29477
43.044,400,2264,29282
43.072,405,2254,29143
43.105,406,2240,28959
43.134,398,2235,28898
43.167,399,2237,28931
43.199,403,2240,28966
43.228,398,2241,28974
43.261,398,2242,28991
43.290,398,2249,29076
43.323,404,2249,29084
43.351,408,2247,29053
43.384,403,2247,29062
43.413,404,2250,29092
43.446,397,2254,29148
43.475,405,2264,29282
43.507,402,2267,29310
43.536,399,2264,29275
43.568,405,2269,29335
43.597,397,2277,29450
43.630,403,2279,29475
43.662,400,2279,29473
43.691,399,2274,29399
43.724,399,2259,29218
43.753,399,2254,29149
43.785,403,2258,29203
43.815,403,2265,29295
43.847,403,2265,29292
43.876,402,2260,29220
43.908,396,2259,29215
43.937,393,2265,29291
43.970,394,2274,29403
43.999,401,2273,29390
44.031,405,2270,29348
44.064,407,2269,29342
44.093,402,2271,29360
44.125,405,2266,29303
44.154,406,2266,29301
44.187,408,2273,29393
44.216,397,2278,29462
44.248,401,2278,29461
44.278,406,2278,29464
44.310,397,2285,29554
44.339,398,2294,29660
44.371,402,2300,29746
44.400,400,2303,29783
44.433,399,2300,29745
44.462,400,2299,29723
44.494,401,2302,29770
44.527,401,2306,29822
44.555,400,2312,29900
44.588,402,2314,29917
44.617,390,2318,29969
44.649,394,2327,30096
44.678,397,2331,30140
44.711,394,2333,30168
44.740,395,2336,30201
44.772,392,2338,30235
44.801,392,2339,30240
44.835,395,2340,30262
44.863,392,2344,30309
44.896,393,2354,30435
44.928,395,2358,30491
44.958,398,2362,30545
44.989,392,2369,30628
45.019,393,2378,30744
45.051,393,2380,30779
45.080,391,2383,30816
45.113,390,2386,30857
45.141,393,2390,30900
45.174,395,2391,30924
45.203,388,2392,30930
45.236,388,2392,30937
45.264,391,2393,30939
45.297,395,2393,30950
45.329,390,2396,30983
45.358,390,2398,31012
45.390,387,2401,31049
45.419,390,2405,31094
45.452,392,2406,31116
45.481,393,2408,31134
45.513,383,2410,31160
45.542,385,2412,31189
45.575,392,2413,31197
45.604,389,2412,31196
45.637,389,2413,31198
45.665,385,2413,31198
45.699,388,2413,31199
45.727,389,2413,31197
45.760,387,2412,31195
45.792,388,2412,31196
45.821,390,2413,31198
45.854,384,2413,31197
45.883,390,2413,31201
45.916,389,2413,31207
45.944,389,2413,31209
45.977,381,2416,31236
46.006,391,2417,31261
46.039,386,2419,31277
46.067,384,2421,31300
46.100,385,2421,31306
46.128,392,2421,31308
46.162,391,2421,31302
46.190,386,2421,31305
46.223,391,2422,31318
46.255,395,2423,31328
46.284,385,2423,31331
46.317,383,2427,31384
46.347,389,2431,31441
46.378,383,2433,31467
46.408,379,2436,31503
46.440,390,2437,31513
46.469,389,2437,31519
46.501,384,2438,31522
46.530,386,2438,31524
46.563,388,2438,31524
46.591,381,2438,31525
46.624,381,2439,31533
46.656,378,2439,31536
46.686,386,2441,31563
46.718,387,2442,31582
46.747,384,2444,31598
46.779,386,2443,31596
46.808,386,2442,31575
46.841,384,2440,31546
46.870,386,2438,31521
46.902,387,2437,31514
46.931,388,2437,31517
46.964,383,2436,31502
46.993,389,2433,31463
47.025,381,2432,31448
47.054,385,2429,31415
47.087,387,2426,31371
47.119,389,2424,31339
47.149,390,2423,31327
47.181,386,2422,31313
47.210,386,2419,31287
47.243,385,2416,31246
47.271,387,2413,31204
47.304,387,2413,31199
47.333,388,2413,31198
47.365,388,2413,31197
47.394,392,2412,31195
47.427,385,2413,31197
47.455,387,2412,31195
47.489,381,2412,31192
47.517,389,2412,31195
47.550,392,2411,31181
47.582,387,2409,31153
47.611,389,2409,31145
47.643,391,2408,31140
47.672,396,2408,31135
47.705,390,2407,31128
47.734,388,2406,31118
47.766,391,2404,31090
47.795,388,2402,31065
47.828,391,2400,31037
47.857,387,2399,31016
47.890,396,2400,31030
47.919,397,2401,31046
47.951,388,2405,31103
47.983,380,2408,31137
48.013,391,2412,31185
48.045,387,2413,31197
48.074,387,2413,31197
48.106,391,2413,31204
48.136,394,2414,31220
48.168,386,2416,31244
48.197,385,2417,31256
48.230,387,2418,31263
48.259,393,2420,31294
48.292,387,2422,31319
48.320,390,2422,31326
48.352,382,2426,31374
48.381,385,2431,31438
48.414,381,2433,31467
48.446,387,2436,31502
48.476,382,2437,31517
48.508,387,2437,31519
48.537,382,2438,31529
48.569,391,2441,31560
48.598,382,2443,31588
48.631,388,2446,31632
48.660,385,2447,31641
48.692,379,2448,31653
48.721,383,2450,31684
48.754,382,2452,31704
48.782,382,2452,31713
48.816,384,2453,31717
48.847,381,2453,31725
48.877,382,2454,31738
48.910,381,2455,31751
48.939,385,2457,31766
48.971,379,2457,31769
49.000,387,2457,31775
49.032,384,2457,31772
49.061,371,2457,31774
49.094,381,2458,31779
49.122,380,2458,31779
49.155,378,2458,31778
49.184,380,2458,31788
49.217,386,2459,31794
49.246,377,2459,31798
49.278,376,2460,31811
49.311,378,2460,31817
49.341,378,2462,31831
49.372,381,2462,31833
49.401,377,2462,31840
49.434,374,2462,31842
49.463,377,2462,31842
49.495,377,2462,31839
49.524,374,2464,31856
49.557,370,2464,31862
49.585,370,2464,31866
49.618,372,2465,31876
49.647,371,2465,31878
49.680,374,2465,31880
49.709,375,2466,31887
49.741,376,2466,31887
49.773,374,2466,31891
49.802,378,2467,31895
49.835,375,2467,31900
49.863,372,2467,31901
49.896,375,2467,31902
49.925,373,2467,31907
49.958,370,2468,31915
49.986,373,2469,31924
50.019,370,2469,31931
50.048,373,2470,31945
50.081,374,2471,31955
50.110,366,2472,31962
50.143,376,2472,31962
50.175,366,2472,31961
50.204,372,2472,31962
50.237,366,2472,31961
50.265,370,2472,31960
50.298,375,2472,31961
50.327,367,2472,31961
50.359,366,2472,31964
50.388,366,2472,31963
50.421,377,2472,31961
50.450,374,2472,31963
50.482,368,2472,31965
50.511,369,2472,31966
50.544,369,2472,31963
50.572,366,2472,31968
50.605,371,2472,31969
50.637,371,2473,31972
50.667,359,2472,31970
50.699,365,2473,31975
50.728,359,2473,31975
50.761,369,2473,31977
50.790,363,2473,31977
50.822,371,2473,31980
50.851,362,2473,31979
50.884,362,2474,31991
50.913,357,2474,31998
50.946,364,2474,31993
50.974,369,2475,31999
51.007,362,2475,32003
51.039,366,2474,31995
51.068,365,2474,31994
51.100,365,2475,32001
51.129,362,2475,31999
51.162,365,2474,31994
51.191,361,2474,31989
51.223,363,2474,31990
51.252,364,2475,32001
51.285,364,2475,32005
51.314,357,2475,32004
51.347,361,2475,32007
51.376,361,2476,32011
51.408,367,2476,32013
51.437,366,2476,32020
51.470,363,2476,32014
51.502,358,2476,32016
51.531,362,2476,32017
51.563,361,2476,32013
51.592,359,2476,32013
51.625,368,2475,32010
51.653,351,2476,32013
51.686,361,2476,32018
51.715,367,2476,32012
51.748,360,2476,32020
51.777,364,2476,32020
51.810,367,2476,32021
51.838,358,2476,32024
51.871,366,2476,32020
51.900,358,2477,32025
51.932,359,2477,32026
51.965,364,2477,32025
51.994,356,2477,32025
52.026,364,2477,32025
52.055,360,2476,32024
52.087,356,2477,32027
52.116,363,2477,32026
52.149,360,2477,32025
52.178,361,2476,32018
52.210,362,2477,32024
52.239,364,2476,32018
52.272,357,2476,32018
52.301,363,2476,32018
52.334,360,2476,32018
52.366,359,2476,32014
52.395,363,2476,32014
52.428,362,2476,32015
52.456,367,2476,32018
52.489,355,2476,32017
52.518,362,2476,32022
52.551,358,2476,32021
52.579,362,2477,32026
52.612,359,2476,32023
52.641,359,2476,32023
52.674,362,2476,32016
52.702,361,2476,32021
52.735,357,2476,32012
52.764,359,2476,32012
52.797,361,2475,32011
52.829,361,2476,32013
52.858,356,2476,32015
52.891,365,2476,32016
52.919,358,2476,32017
52.952,364,2476,32016
52.981,358,2476,32019
53.014,357,2476,32022
53.043,362,2476,32023
53.076,363,2476,32020
53.104,365,2477,32030
53.137,358,2477,32029
53.165,355,2477,32031
53.198,361,2477,32028
53.230,361,2477,32029
53.259,365,2477,32030
53.291,364,2477,32031
53.320,358,2477,32032
53.353,362,2477,32033
53.382,362,2477,32031
53.415,360,2477,32030
53.444,359,2477,32031
53.476,359,2477,32030
53.505,355,2477,32031
53.538,362,2477,32034
53.566,359,2477,32034
53.599,357,2477,32030
53.628,362,2477,32034
53.661,364,2477,32033
53.693,359,2477,32033
53.722,358,2478,32041
53.755,356,2477,32037
53.784,356,2478,32039
53.816,358,2478,32040
53.845,356,2478,32041
53.878,360,2478,32040
53.906,360,2478,32050
53.939,360,2478,32040
53.968,361,2478,32043
54.001,357,2478,32046
54.030,358,2478,32050
54.062,351,2478,32043
54.094,358,2478,32049
54.124,367,2478,32048
54.156,361,2479,32057
54.185,356,2479,32050
54.217,356,2478,32046
54.247,353,2479,32057
54.280,360,2478,32049
54.308,355,2478,32047
54.340,359,2479,32057
54.369,360,2479,32054
54.402,354,2478,32048
54.430,354,2479,32053
54.463,358,2479,32055
54.492,350,2478,32050
54.525,357,2478,32043
54.557,356,2478,32047
54.586,355,2477,32036
54.619,367,2477,32031
54.648,356,2477,32031
54.680,365,2477,32026
54.709,357,2476,32015
54.742,362,2475,32003
54.771,363,2474,31991
54.803,359,2474,31989
54.832,365,2473,31978
54.865,362,2473,31973
54.894,365,2473,31972
54.928,373,2472,31971
54.958,367,2472,31968
54.988,367,2472,31968
55.020,371,2472,31965
55.050,363,2472,31965
55.082,370,2472,31967
55.111,362,2472,31965
55.143,373,2472,31966
55.172,368,2472,31966
55.205,373,2472,31962
55.234,373,2471,31956
55.267,365,2471,31947
55.295,365,2470,31943
55.328,367,2470,31933
55.356,369,2470,31934
55.389,375,2470,31939
55.421,368,2469,31921
55.450,367,2468,31918
55.483,371,2469,31926
55.512,367,2470,31936
55.544,365,2471,31950
55.573,370,2472,31964
55.606,369,2472,31962
55.635,367,2472,31968
55.668,359,2472,31972
55.697,371,2473,31973
55.730,355,2473,31981
55.758,355,2475,31999
55.791,360,2476,32021
55.823,357,2477,32028
55.852,348,2477,32035
55.885,362,2478,32042
55.914,352,2479,32051
55.946,352,2480,32067
55.975,354,2482,32092
56.007,346,2483,32103
56.036,362,2483,32105
56.069,357,2484,32120
56.098,351,2483,32114
56.131,353,2483,32113
56.160,352,2484,32119
56.192,353,2484,32117
56.221,356,2485,32129
56.254,354,2485,32132
56.286,357,2486,32140
56.315,358,2486,32145
56.347,351,2486,32152
56.376,347,2487,32156
56.409,354,2486,32147
56.437,351,2486,32153
56.470,350,2487,32158
56.499,350,2487,32158
56.531,356,2487,32157
56.560,358,2487,32154
56.593,354,2486,32152
56.622,354,2487,32154
56.655,355,2486,32148
56.687,356,2485,32137
56.716,361,2485,32132
56.748,364,2485,32131
56.777,369,2485,32131
56.810,361,2484,32127
56.839,360,2483,32114
56.872,364,2482,32095
56.900,356,2480,32075
56.933,369,2479,32053
56.962,366,2477,32034
56.994,358,2476,32019
57.023,356,2473,31980
57.056,361,2472,31967
57.088,365,2470,31942
57.117,363,2464,31867
57.150,373,2462,31840
57.179,361,2460,31809
57.211,364,2459,31798
57.240,366,2458,31789
57.273,368,2458,31781
57.302,368,2457,31776
57.334,360,2457,31771
57.363,369,2457,31771
57.396,367,2457,31773
57.425,363,2457,31774
57.457,358,2457,31774
57.486,366,2458,31783
57.519,364,2459,31797
57.551,356,2461,31823
57.580,362,2461,31826
57.613,367,2460,31811
57.642,364,2458,31787
57.674,356,2457,31776
57.703,363,2457,31772
57.736,357,2457,31768
57.765,365,2454,31739
57.797,360,2453,31721
57.826,357,2452,31706
57.859,351,2451,31696
57.887,363,2451,31688
57.920,360,2449,31667
57.953,366,2448,31657
57.982,363,2448,31656
58.014,370,2447,31643
58.043,363,2447,31646
58.076,362,2447,31643
58.104,367,2447,31638
58.137,367,2446,31624
58.166,377,2443,31588
58.199,374,2439,31544
58.227,358,2437,31518
58.260,375,2435,31490
58.289,376,2431,31439
58.322,364,2425,31353
58.354,371,2422,31323
58.383,373,2421,31309
58.415,372,2416,31248
58.444,372,2413,31206
58.477,381,2413,31199
58.506,376,2413,31198
58.539,374,2412,31195
58.567,372,2411,31183
58.600,377,2408,31143
58.629,370,2408,31136
58.662,371,2407,31126
58.690,370,2406,31118
58.723,373,2402,31061
58.751,366,2398,31013
58.784,374,2394,30961
58.817,375,2392,30937
58.846,369,2389,30897
58.878,375,2385,30835
58.907,378,2381,30793
58.940,375,2378,30751
58.968,374,2378,30748
59.001,376,2378,30745
59.030,372,2375,30711
59.063,380,2372,30676
59.092,374,2369,30628
59.124,375,2364,30569
59.153,378,2359,30499
59.186,373,2358,30496
59.218,373,2361,30528
59.248,375,2368,30623
59.280,375,2371,30662
59.309,376,2377,30742
59.341,373,2378,30750
59.370,366,2379,30768
59.403,370,2381,30785
59.432,378,2380,30778
59.464,369,2380,30777
59.494,375,2381,30784
59.527,371,2379,30764
59.555,377,2378,30749
59.587,380,2378,30748
59.616,375,2374,30695
59.649,372,2368,30625
59.681,375,2362,30539
59.710,376,2358,30486
59.743,383,2348,30359
59.772,378,2339,30244
59.804,383,2338,30234
59.833,379,2337,30226
59.866,382,2338,30236
59.895,373,2338,30237
59.928,377,2339,30242
59.956,373,2341,30278
59.989,374,2342,30290
60.018,377,2339,30244
60.051,377,2336,30208
60.083,379,2327,30088
60.112,380,2314,29918
60.145,376,2304,29791
60.174,375,2294,29665
60.206,373,2289,29593
60.235,381,2280,29482
60.267,386,2279,29469
60.296,383,2278,29462
60.329,374,2275,29415
60.358,379,2264,29272
60.391,382,2254,29148
60.419,387,2254,29148
60.452,382,2249,29082
60.485,381,2249,29085
60.514,376,2253,29138
60.546,370,2254,29148
60.575,374,2250,29093
60.607,388,2239,28954
60.636,385,2234,28894
60.669,385,2234,28893
60.697,379,2235,28907
60.730,383,2239,28957
60.759,376,2243,29010
60.792,384,2249,29083
60.820,385,2251,29108
60.853,382,2244,29013
60.885,382,2234,28895
60.915,377,2234,28887
60.947,374,2233,28870
60.976,379,2229,28829
61.008,377,2227,28796
61.037,388,2219,28697
61.070,383,2208,28550
61.099,386,2199,28434
61.131,381,2185,28255
61.160,386,2182,28220
61.193,382,2188,28295
61.221,381,2195,28380
61.255,383,2195,28378
61.283,382,2192,28348
61.316,374,2185,28259
61.348,382,2180,28184
61.378,386,2156,27877
61.410,381,2140,27675
61.439,385,2130,27546
61.471,388,2121,27426
61.501,374,2112,27314
61.533,382,2116,27367
61.562,375,2139,27660
61.594,380,2166,28015
61.623,379,2171,28070
61.656,386,2155,27866
61.685,381,2140,27673
61.718,386,2140,27675
61.750,375,2165,27996
61.779,386,2184,28245
61.811,389,2193,28352
61.840,378,2196,28394
61.873,388,2198,28419
61.901,377,2199,28442
61.934,382,2208,28552
61.964,382,2210,28573
61.996,391,2210,28574
62.025,380,2204,28506
62.057,388,2207,28538
62.086,386,2202,28472
62.119,395,2200,28449
62.151,383,2199,28441
62.181,376,2200,28444
62.213,384,2200,28445
62.243,383,2197,28405
62.275,378,2180,28192
62.304,378,2180,28188
62.336,390,2199,28441
62.365,385,2212,28610
62.398,386,2214,28629
62.426,386,2209,28571
62.459,382,2201,28464
62.488,382,2204,28502
62.521,382,2217,28670
62.553,382,2220,28710
62.582,385,2220,28704
62.614,382,2220,28706
62.643,383,2234,28886
62.676,384,2243,29005
62.705,382,2247,29057
62.737,379,2249,29082
62.766,380,2248,29072
62.799,379,2249,29078
62.827,382,2248,29068
62.861,375,2253,29128
62.889,385,2254,29145
62.921,381,2266,29307
62.954,381,2280,29487
62.983,383,2293,29656
63.016,383,2306,29825
63.045,383,2314,29919
63.077,377,2318,29974
63.106,386,2318,29978
63.139,377,2318,29970
63.167,382,2318,29970
63.200,376,2325,30068
63.229,376,2332,30151
63.261,376,2338,30228
63.290,383,2338,30237
63.323,382,2336,30212
63.355,391,2322,30029
63.384,379,2307,29834
63.417,382,2294,29669
63.445,369,2289,29594
63.478,380,2275,29422
63.507,381,2254,29147
63.540,388,2248,29070
63.569,376,2238,28935
63.601,387,2235,28898
63.630,380,2235,28899
63.663,377,2239,28957
63.692,380,2239,28957
63.725,380,2234,28886
63.757,380,2224,28762
63.786,389,2234,28893
63.818,374,2250,29097
63.848,379,2262,29252
63.880,377,2261,29234
63.909,379,2262,29248
63.941,383,2263,29258
63.970,382,2266,29306
64.003,380,2271,29364
64.031,380,2273,29398
64.064,386,2264,29279
64.093,389,2264,29277
64.126,384,2255,29154
64.158,380,2254,29147
64.187,373,2259,29217
64.220,371,2265,29290
64.248,384,2272,29379
64.281,384,2278,29463
64.310,382,2279,29466
64.343,381,2278,29455
64.371,380,2274,29408
64.404,382,2268,29323
64.433,382,2269,29343
64.466,383,2276,29429
64.494,385,2281,29501
64.527,379,2289,29595
64.559,378,2291,29626
64.589,374,2289,29603
64.621,373,2286,29565
64.650,370,2282,29508
64.682,386,2287,29573
64.711,379,2294,29658
64.744,383,2299,29729
64.773,384,2300,29736
64.805,378,2295,29683
64.834,375,2296,29695
64.867,370,2298,29710
64.896,384,2296,29692
64.928,381,2302,29773
64.957,378,2305,29806
64.990,372,2306,29814
65.022,379,2304,29790
65.051,376,2304,29787
65.084,374,2305,29808
65.113,376,2308,29850
65.145,378,2310,29865
65.174,379,2312,29897
65.207,374,2313,29915
65.235,389,2313,29915
65.268,378,2314,29917
65.297,373,2317,29959
65.330,380,2324,30052
65.358,375,2329,30112
65.391,381,2329,30114
65.423,382,2328,30101
65.453,371,2329,30111
65.485,371,2330,30132
65.514,382,2335,30193
65.546,377,2338,30233
65.575,378,2339,30242
65.608,376,2344,30304
65.637,372,2353,30423
65.669,378,2358,30491
65.698,373,2360,30519
65.731,372,2365,30582
65.760,380,2366,30597
65.793,365,2367,30611
65.825,376,2368,30616
65.854,389,2368,30622
65.886,377,2370,30641
65.915,380,2370,30648
65.948,374,2373,30680
65.977,380,2376,30722
66.009,371,2378,30749
66.038,365,2382,30797
66.071,374,2386,30850
66.100,375,2390,30912
66.133,371,2392,30933
66.161,369,2393,30939
66.194,377,2393,30943
66.223,364,2393,30945
66.255,365,2395,30977
66.288,368,2397,30993
66.317,373,2397,30991
66.349,365,2396,30978
66.378,373,2394,30958
66.411,372,2394,30964
66.440,370,2397,30990
66.472,375,2397,30999
66.501,377,2396,30984
66.534,375,2398,31009
66.563,371,2400,31035
66.595,373,2406,31113
66.624,364,2408,31139
66.657,369,2411,31177
66.686,363,2412,31194
66.718,372,2413,31197
66.751,368,2413,31198
66.781,374,2413,31197
66.812,366,2413,31198
66.842,377,2413,31197
66.874,368,2412,31196
66.903,367,2413,31197
66.936,375,2413,31199
66.965,372,2413,31198
66.997,375,2412,31194
67.026,374,2413,31198
67.058,369,2413,31198
67.087,365,2413,31200
67.120,366,2413,31207
67.152,364,2413,31206
67.182,374,2413,31206
67.214,369,2413,31205
67.243,375,2413,31206
67.276,369,2416,31239
67.304,366,2418,31261
67.337,364,2417,31250
67.366,362,2417,31250
67.398,370,2418,31268
67.428,370,2420,31297
67.461,370,2421,31308
67.489,373,2422,31314
67.522,373,2424,31344
67.554,360,2426,31377
67.583,367,2429,31404
67.615,371,2430,31425
67.645,363,2431,31433
67.677,366,2432,31452
67.706,365,2433,31457
67.738,370,2433,31464
67.767,370,2434,31471
67.799,367,2435,31484
67.828,371,2435,31491
67.861,366,2436,31505
67.890,371,2437,31507
67.922,357,2436,31500
67.951,368,2437,31509
67.984,370,2437,31519
68.016,371,2438,31522
68.046,364,2442,31573
68.078,367,2445,31616
68.107,367,2446,31635
68.140,368,2447,31639
68.169,364,2447,31640
68.201,365,2447,31641
68.230,368,2447,31646
68.262,366,2447,31638
68.291,372,2446,31635
68.324,362,2446,31624
68.353,369,2444,31610
68.385,365,2444,31602
68.418,373,2444,31606
68.447,361,2445,31617
68.479,365,2446,31627
68.509,360,2446,31628
68.541,365,2446,31629
68.570,368,2446,31634
68.602,367,2447,31643
68.632,365,2449,31670
68.664,371,2452,31712
68.693,368,2454,31728
68.726,355,2454,31736
68.755,364,2454,31735
68.787,361,2455,31744
68.816,358,2455,31747
68.848,365,2456,31753
68.881,357,2456,31759
68.910,364,2456,31763
68.943,363,2456,31763
68.971,359,2457,31767
69.004,368,2456,31765
69.033,362,2456,31762
69.065,363,2457,31769
69.094,358,2456,31765
69.127,359,2457,31775
69.156,356,2457,31775
69.189,351,2458,31780
69.217,357,2458,31784
69.250,354,2458,31787
69.279,361,2458,31788
69.311,365,2458,31779
69.343,360,2458,31779
69.372,353,2457,31776
69.405,366,2457,31773
69.434,363,2457,31776
69.467,370,2457,31777
69.496,355,2457,31777
69.528,363,2457,31776
69.557,358,2458,31779
69.589,354,2457,31778
69.618,362,2457,31778
69.651,368,2457,31775
69.680,363,2457,31776
69.713,367,2457,31773
69.745,359,2457,31772
69.774,362,2456,31755
69.807,352,2454,31737
69.835,357,2452,31708
69.868,361,2450,31685
69.897,363,2448,31655
69.930,364,2447,31642
69.958,371,2447,31640
69.991,370,2445,31621
70.019,361,2444,31602
70.052,367,2442,31574
70.081,372,2439,31540
70.114,368,2438,31523
70.142,361,2437,31513
70.175,373,2436,31498
70.208,364,2432,31453
70.237,367,2431,31441
70.269,374,2427,31386
70.299,365,2423,31334
70.331,372,2422,31323
70.360,369,2421,31310
70.392,371,2420,31300
70.421,369,2419,31275
70.454,378,2415,31235
70.483,362,2413,31207
70.515,373,2413,31201
70.544,370,2412,31195
70.577,379,2413,31197
70.609,370,2412,31189
70.638,370,2412,31190
70.671,368,2412,31189
70.700,368,2412,31187
70.732,369,2410,31162
70.761,376,2409,31145
70.794,361,2407,31127
70.823,369,2405,31104
70.855,370,2400,31038
70.884,362,2398,31008
70.917,370,2396,30987
70.946,375,2395,30973
70.978,374,2393,30948
71.007,368,2393,30942
71.040,383,2392,30937
71.072,370,2390,30910
71.102,367,2387,30873
71.133,369,2385,30845
71.163,377,2384,30829
71.195,378,2383,30814
71.224,375,2379,30758
71.257,374,2377,30740
71.286,373,2372,30667
71.318,375,2368,30620
71.347,367,2368,30622
71.380,376,2369,30631
71.409,377,2370,30650
71.441,373,2372,30667
71.470,368,2370,30644
71.503,373,2368,30616
71.535,375,2363,30559
71.564,379,2359,30500
71.596,375,2357,30477
71.625,382,2353,30429
71.658,381,2350,30390
71.687,386,2344,30312
71.719,379,2343,30294
71.748,376,2342,30289
71.781,379,2340,30258
71.810,368,2339,30241
71.844,379,2338,30236
71.871,370,2338,30237
71.904,376,2339,30241
71.936,377,2338,30235
71.966,369,2338,30231
71.998,380,2333,30168
72.027,375,2328,30103
72.059,361,2320,29998
72.089,380,2315,29936
72.121,373,2313,29913
72.150,388,2312,29893
72.182,375,2309,29858
72.211,381,2306,29817
72.244,373,2304,29799
72.272,378,2304,29793
72.305,371,2304,29794
72.337,386,2304,29790
72.366,369,2303,29777
72.399,375,2301,29759
72.428,383,2298,29718
72.460,382,2297,29703
72.489,378,2301,29756
72.522,383,2303,29786
72.551,386,2303,29786
72.584,385,2303,29777
72.612,380,2303,29779
72.645,380,2302,29762
72.674,379,2302,29762
72.706,369,2295,29678
72.739,379,2290,29614
72.768,381,2281,29496
72.800,380,2279,29473
72.829,374,2278,29464
72.862,385,2269,29340
72.891,386,2262,29251
72.923,378,2260,29230
72.952,377,2262,29252
72.985,378,2264,29274
73.014,373,2265,29283
73.046,371,2266,29306
73.075,371,2265,29290
73.108,376,2261,29235
73.136,378,2254,29142
73.169,379,2244,29018
73.202,386,2239,28953
73.231,372,2243,29003
73.263,381,2249,29087
73.292,374,2252,29122
73.325,383,2253,29129
73.353,376,2251,29110
73.386,384,2250,29090
73.415,381,2248,29074
73.448,376,2247,29054
73.476,383,2242,28996
73.510,376,2240,28968
73.538,385,2246,29038
73.571,374,2247,29054
73.603,382,2242,28991
73.632,369,2241,28979
73.665,375,2244,29017
73.693,384,2240,28963
73.726,378,2238,28945
73.755,377,2235,28896
73.788,376,2230,28840
73.816,386,2226,28790
73.849,387,2224,28752
73.878,379,2220,28709
73.911,384,2219,28700
73.939,369,2218,28679
73.972,374,2218,28684
74.004,382,2215,28643
74.033,376,2216,28658
74.066,380,2217,28663
74.095,386,2219,28701
74.127,380,2220,28711
74.156,386,2220,28704
74.189,376,2212,28602
74.218,375,2199,28442
74.251,366,2185,28248
74.279,382,2180,28187
74.312,384,2180,28190
74.341,389,2180,28195
74.373,380,2180,28195
74.406,383,2184,28246
74.435,383,2186,28262
74.467,384,2183,28231
74.496,384,2180,28186
74.529,382,2180,28186
74.558,373,2174,28107
74.590,383,2164,27983
74.619,377,2158,27908
74.652,376,2158,27902
74.681,377,2155,27872
74.713,381,2154,27855
74.742,381,2145,27743
74.775,382,2146,27745
74.807,375,2150,27796
74.836,379,2142,27702
74.869,383,2138,27653
74.897,384,2140,27678
74.930,379,2146,27756
74.959,378,2145,27741
74.992,383,2140,27672
75.020,376,2137,27628
75.053,389,2141,27688
75.082,394,2147,27767
75.115,387,2155,27865
75.143,383,2168,28041
75.176,374,2183,28224
75.209,383,2200,28442
75.239,384,2214,28636
75.270,377,2222,28730
75.300,375,2224,28761
75.332,375,2220,28704
75.361,384,2217,28668
75.393,369,2211,28584
75.422,387,2210,28576
75.455,376,2210,28577
75.484,374,2217,28669
75.516,373,2219,28699
75.545,383,2225,28768
75.578,372,2237,28930
75.610,382,2254,29148
75.639,384,2270,29355
75.672,369,2279,29472
75.701,374,2289,29595
75.733,378,2291,29628
75.763,378,2292,29636
75.795,378,2290,29615
75.824,384,2289,29603
75.856,371,2292,29642
75.885,381,2294,29658
75.918,371,2298,29710
75.946,374,2303,29784
75.979,373,2304,29797
76.012,373,2310,29875
76.041,373,2313,29916
76.074,379,2316,29946
76.102,383,2321,30012
76.135,374,2333,30163
76.164,382,2340,30254
76.196,380,2355,30452
76.225,368,2359,30499
76.258,367,2359,30506
76.286,374,2358,30497
76.319,373,2358,30490
76.349,374,2358,30492
76.381,369,2358,30489
76.413,379,2358,30491
76.443,369,2359,30503
76.475,376,2362,30537
76.504,369,2363,30552
76.536,367,2364,30569
76.565,378,2365,30580
76.597,370,2366,30598
76.626,378,2367,30603
76.659,378,2365,30577
76.688,363,2361,30531
76.720,371,2359,30503
76.749,374,2358,30496
76.782,376,2358,30491
76.814,371,2358,30494
76.843,376,2358,30498
76.876,373,2359,30499
76.905,372,2359,30501
76.937,375,2358,30495
76.966,373,2357,30476
76.999,371,2354,30438
77.028,381,2352,30412
77.060,363,2346,30332
77.089,372,2344,30306
77.123,375,2343,30301
77.151,374,2343,30297
77.184,374,2346,30336
77.212,372,2355,30450
77.245,370,2358,30492
77.278,373,2359,30504
77.307,364,2359,30502
77.339,365,2356,30472
77.368,374,2345,30325
77.401,375,2338,30239
77.429,374,2335,30198
77.462,368,2327,30091
77.491,367,2318,29976
77.524,382,2313,29914
77.552,377,2311,29883
77.585,369,2293,29654
77.613,380,2274,29403
77.647,372,2251,29110
77.679,369,2206,28524
77.708,378,2160,27928
77.740,379,2155,27861
77.769,375,2169,28052
77.801,381,2181,28203
77.831,379,2210,28578
77.864,373,2235,28902
77.893,374,2259,29206
77.925,372,2279,29472
77.954,380,2297,29697
77.986,380,2317,29961
78.015,382,2334,30186
78.048,382,2338,30238
78.080,375,2339,30244
78.109,373,2338,30235
78.141,379,2330,30128
78.170,387,2315,29939
78.203,386,2298,29711
78.232,393,2278,29463
78.265,393,2251,29106
78.294,393,2220,28706
78.326,390,2194,28373
78.355,393,2179,28171
78.388,394,2164,27978
78.417,395,2157,27891
78.449,381,2169,28045
78.481,394,2181,28199
78.511,385,2200,28453
78.543,388,2221,28714
78.572,391,2237,28922
78.604,391,2251,29113
78.633,392,2254,29141
78.666,388,2237,28929
78.695,387,2225,28772
78.728,385,2219,28699
78.756,389,2215,28639
78.789,387,2218,28686
78.818,390,2217,28665
78.851,389,2224,28761
78.880,388,2234,28891
78.912,394,2245,29024
78.944,391,2254,29152
78.973,389,2257,29182
79.006,392,2262,29253
79.034,389,2279,29471
79.067,391,2302,29769
79.096,391,2314,29919
79.128,389,2304,29791
79.158,392,2294,29661
79.191,395,2288,29581
79.219,386,2279,29471
79.252,392,2269,29343
79.280,382,2253,29133
79.313,392,2234,28890
79.342,394,2221,28718
79.375,392,2215,28640
79.407,388,2204,28504
79.436,387,2193,28358
79.468,392,2180,28189
79.498,390,2170,28066
79.531,398,2160,27925
79.559,394,2155,27867
79.592,398,2155,27870
79.621,387,2157,27891
79.654,395,2155,27868
79.682,396,2146,27750
79.715,388,2134,27596
79.743,398,2119,27403
79.776,394,2096,27102
79.809,393,2081,26912
79.838,396,2065,26701
79.870,400,2049,26500
79.900,400,2039,26369
79.932,392,2035,26318
79.961,398,2034,26303
79.993,400,2033,26287
80.022,395,2027,26212
80.055,394,2026,26193
80.084,397,2027,26212
80.117,398,2036,26328
80.145,398,2041,26392
80.178,396,2053,26547
80.206,397,2058,26610
80.239,394,2062,26670
80.272,393,2063,26682
80.301,395,2071,26775
80.333,394,2080,26892
80.362,399,2086,26979
80.395,399,2088,26994
80.423,389,2095,27094
80.456,394,2107,27244
80.485,395,2121,27422
80.518,395,2124,27463
80.547,406,2120,27420
80.579,385,2120,27410
80.608,392,2121,27421
80.640,390,2125,27479
80.673,390,2135,27607
80.702,387,2143,27706
80.735,403,2151,27816
80.764,397,2154,27855
80.796,397,2153,27846
80.825,391,2156,27875
80.857,385,2167,28021
80.886,396,2175,28119
80.919,397,2179,28182
80.948,390,2185,28256
80.981,400,2197,28406
81.010,394,2200,28452
81.042,391,2207,28536
81.071,394,2215,28647
81.103,401,2220,28708
81.135,405,2226,28787
81.165,389,2234,28884
81.197,386,2236,28913
81.226,391,2249,29078
81.258,392,2254,29148
81.287,393,2259,29211
81.320,396,2266,29301
81.349,393,2275,29413
81.381,392,2279,29471
81.411,393,2285,29544
81.443,389,2294,29659
81.472,389,2300,29745
81.505,391,2313,29904
81.534,386,2319,29982
81.566,385,2329,30113
81.598,391,2334,30175
81.627,383,2337,30226
81.660,385,2338,30237
81.689,387,2338,30239
81.722,384,2339,30243
81.751,393,2339,30248
81.783,386,2341,30269
81.812,394,2345,30321
81.845,390,2353,30425
81.873,387,2358,30489
81.906,384,2360,30518
81.935,384,2367,30608
81.968,385,2370,30651
82.000,388,2373,30688
82.029,383,2377,30733
82.061,384,2378,30747
82.091,379,2378,30751
82.123,391,2379,30768
82.152,385,2383,30811
82.185,382,2385,30837
82.214,382,2391,30924
82.246,381,2393,30938
82.275,385,2395,30973
82.307,388,2399,31020
82.336,387,2403,31080
82.369,384,2407,31127
82.398,382,2408,31138
82.431,381,2409,31145
82.463,384,2409,31150
82.492,382,2411,31173
82.525,387,2412,31193
82.553,382,2412,31194
82.586,381,2412,31194
82.614,383,2413,31198
82.647,381,2413,31198
82.676,383,2413,31208
82.709,383,2415,31226
82.738,384,2417,31255
82.770,384,2419,31277
82.799,377,2421,31303
82.832,375,2422,31322
82.864,385,2423,31330
82.894,385,2424,31339
82.926,379,2424,31343
82.955,371,2424,31351
82.987,376,2425,31361
83.017,378,2426,31368
83.049,376,2426,31373
83.078,378,2427,31378
83.110,377,2427,31380
83.139,382,2427,31390
83.172,384,2430,31418
83.200,376,2431,31438
83.233,380,2432,31448
83.262,377,2433,31459
83.295,382,2433,31458
83.327,380,2435,31492
83.356,377,2437,31511
83.388,380,2437,31513
83.417,382,2437,31519
83.450,377,2437,31518
83.479,386,2437,31519
83.511,363,2438,31522
83.540,374,2438,31526
83.573,381,2439,31539
83.601,384,2441,31559
83.635,374,2442,31576
83.664,381,2444,31605
83.696,377,2446,31631
83.728,380,2447,31648
83.757,379,2448,31659
83.790,372,2449,31672
83.819,375,2451,31693
83.852,373,2452,31706
83.881,375,2452,31706
83.913,375,2452,31711
83.942,373,2453,31717
83.975,373,2453,31725
84.003,377,2455,31749
84.036,369,2456,31765
84.065,375,2457,31769
84.098,378,2457,31772
84.127,374,2457,31774
84.159,375,2457,31775
84.187,376,2457,31775
84.221,369,2457,31774
84.253,374,2457,31776
84.282,368,2457,31777
84.314,365,2457,31775
84.343,373,2458,31780
84.376,374,2458,31779
84.405,371,2457,31777
84.437,375,2457,31775
84.466,370,2457,31773
84.499,376,2458,31779
84.528,374,2458,31779
84.560,368,2458,31779
84.589,371,2458,31781
84.622,370,2458,31781
84.654,373,2458,31779
84.683,371,2457,31778
84.716,376,2457,31774
84.745,374,2457,31772
84.777,374,2457,31770
84.806,381,2456,31756
84.839,379,2453,31722
84.868,382,2452,31712
84.900,376,2450,31676
84.929,378,2447,31647
84.962,377,2447,31637
84.991,378,2443,31596
85.023,380,2440,31556
85.052,373,2438,31523
85.085,377,2437,31513
85.117,377,2437,31508
85.146,376,2434,31476
85.179,373,2433,31456
85.207,380,2432,31449
85.240,373,2431,31434
85.268,383,2429,31410
85.301,384,2426,31373
85.330,374,2424,31346
85.363,384,2423,31331
85.391,386,2422,31320
85.424,378,2421,31301
85.453,382,2417,31254
85.485,385,2413,31204
85.518,388,2413,31196
85.547,386,2412,31194
85.580,381,2411,31171
85.609,395,2407,31124
85.641,388,2404,31090
85.670,391,2400,31037
85.703,388,2398,31012
85.731,389,2396,30985
85.764,388,2394,30955
85.793,387,2393,30945
85.826,383,2392,30938
85.854,378,2389,30898
85.888,385,2384,30826
85.916,385,2383,30811
85.949,392,2380,30773
85.981,385,2378,30749
86.010,379,2378,30747
86.043,391,2378,30746
86.072,388,2377,30737
86.104,381,2376,30727
86.133,389,2374,30696
86.166,384,2371,30666
86.195,382,2368,30625
86.227,389,2366,30598
86.256,387,2360,30523
86.289,390,2358,30492
86.317,385,2358,30486
86.350,387,2355,30448
86.382,395,2353,30426
86.412,389,2350,30389
86.444,388,2346,30332
86.473,392,2343,30295
86.506,388,2341,30267
86.535,386,2339,30242
86.567,397,2338,30235
86.596,385,2335,30194
86.628,390,2329,30120
86.657,384,2324,30047
86.690,386,2317,29965
86.719,382,2313,29915
86.751,389,2312,29894
86.780,391,2304,29792
86.813,395,2300,29748
86.846,389,2294,29662
86.874,391,2289,29606
86.907,402,2282,29515
86.936,396,2279,29466
86.968,392,2276,29435
86.998,393,2273,29397
87.031,391,2273,29390
87.059,392,2269,29337
87.092,388,2263,29266
87.120,395,2254,29150
87.153,384,2251,29104
87.182,395,2243,29008
87.214,394,2235,28901
87.247,385,2234,28884
87.276,395,2234,28889
87.309,390,2235,28900
87.338,392,2235,28906
87.370,399,2235,28900
87.399,395,2234,28895
87.432,394,2234,28891
87.460,396,2229,28817
87.493,392,2224,28756
87.521,396,2220,28713
87.554,388,2220,28706
87.583,396,2218,28687
87.616,395,2209,28571
87.645,399,2205,28515
87.677,394,2201,28462
87.710,396,2196,28403
87.739,393,2185,28255
87.771,399,2180,28185
87.801,394,2175,28130
87.833,397,2172,28091
87.862,388,2176,28144
87.894,392,2177,28152
87.923,388,2179,28179
87.955,390,2180,28189
87.984,389,2180,28184
88.017,400,2171,28075
88.046,392,2161,27940
88.078,396,2155,27862
88.111,402,2152,27829
88.140,391,2145,27740
88.172,388,2140,27673
88.201,401,2135,27602
88.234,392,2140,27674
88.263,398,2141,27686
88.295,390,2136,27620
88.325,397,2137,27638
88.357,399,2143,27712
88.386,395,2145,27740
88.418,401,2141,27687
88.447,392,2140,27674
88.480,395,2140,27671
88.508,396,2141,27679
88.541,399,2139,27658
88.574,392,2138,27651
88.603,396,2139,27658
88.635,394,2135,27610
88.664,391,2130,27546
88.697,394,2127,27499
88.725,390,2121,27432
88.758,390,2124,27469
88.787,397,2125,27476
88.820,402,2120,27419
88.848,395,2120,27418
88.881,389,2121,27428
88.910,396,2126,27485
88.942,397,2123,27449
88.975,400,2121,27433
89.004,408,2125,27481
89.036,390,2132,27563
89.065,397,2135,27604
89.098,397,2140,27666
89.127,398,2146,27748
89.159,397,2156,27877
89.188,402,2169,28044
89.221,393,2178,28163
89.250,391,2181,28209
89.283,395,2193,28364
89.311,393,2199,28442
89.344,391,2210,28575
89.376,393,2219,28689
89.405,397,2224,28755
89.438,391,2234,28892
89.467,385,2247,29062
89.499,397,2254,29147
89.528,389,2261,29235
89.561,395,2273,29392
89.590,390,2279,29470
89.622,384,2292,29636
89.651,390,2299,29728
89.684,392,2311,29879
89.713,384,2314,29927
89.745,390,2322,30027
89.774,386,2329,30115
89.807,399,2332,30154
89.839,380,2335,30192
89.868,395,2338,30227
89.900,390,2338,30236
89.929,398,2339,30243
89.962,389,2343,30297
89.991,387,2346,30335
90.024,396,2353,30421
90.052,389,2356,30469
90.085,391,2358,30496
90.114,391,2360,30519
90.147,385,2364,30572
90.175,393,2368,30617
90.208,386,2372,30678
90.240,382,2376,30723
90.270,388,2378,30748
90.302,388,2382,30801
90.331,385,2386,30857
90.364,380,2391,30919
90.392,389,2392,30937
90.425,392,2393,30942
90.454,383,2393,30947
90.487,389,2394,30954
90.515,378,2395,30966
90.548,385,2397,30995
90.577,383,2399,31016
90.610,387,2400,31041
90.638,384,2406,31106
90.671,385,2407,31125
90.703,383,2408,31139
90.732,382,2410,31161
90.765,383,2412,31188
90.794,385,2412,31192
90.826,377,2412,31193
90.855,376,2413,31196
90.888,388,2413,31197
90.917,376,2413,31207
90.949,382,2414,31219
90.978,379,2417,31249
91.011,381,2420,31289
91.039,390,2422,31320
91.072,379,2422,31325
91.105,383,2423,31333
91.134,381,2425,31360
91.166,378,2430,31425
91.195,383,2433,31456
91.228,373,2437,31509
91.257,376,2438,31522
91.289,377,2441,31571
91.318,371,2444,31606
91.351,371,2447,31641
91.380,362,2447,31649
91.413,366,2451,31690
91.441,358,2452,31711
91.474,360,2453,31723
91.503,367,2456,31761
91.536,355,2457,31769
91.568,367,2457,31774
91.597,363,2457,31778
91.629,361,2460,31810
91.659,356,2462,31833
91.691,365,2462,31832
91.720,354,2462,31842
91.752,357,2462,31842
91.781,359,2463,31850
91.814,359,2463,31843
91.843,363,2462,31837
91.876,362,2462,31833
91.904,365,2460,31810
91.937,366,2458,31781
91.969,361,2457,31771
91.998,360,2454,31728
92.031,369,2451,31690
92.061,365,2447,31645
92.093,361,2445,31617
92.121,366,2442,31578
92.154,363,2443,31585
92.183,359,2442,31575
92.216,362,2440,31546
92.245,365,2438,31531
92.278,362,2438,31523
92.306,369,2438,31530
92.338,366,2441,31566
92.367,355,2444,31598
92.399,359,2446,31626
92.432,361,2446,31626
92.461,362,2445,31618
92.493,364,2441,31559
92.522,367,2438,31520
92.555,360,2436,31503
92.584,367,2429,31406
92.616,370,2422,31315
92.646,374,2412,31195
92.678,373,2410,31164
92.707,371,2399,31025
92.740,370,2393,30945
92.768,369,2384,30827
92.801,371,2378,30755
92.830,369,2378,30747
92.863,367,2372,30679
92.895,376,2367,30607
92.924,373,2364,30575
92.957,376,2360,30524
92.986,372,2360,30515
93.018,377,2358,30492
93.047,374,2358,30488
93.080,371,2354,30441
93.109,371,2346,30342
93.142,378,2342,30282
93.171,369,2338,30237
93.203,369,2330,30131
93.232,376,2319,29983
93.264,372,2310,29866
93.296,378,2296,29687
93.326,372,2293,29649
93.358,368,2287,29568
93.387,377,2289,29593
93.419,383,2293,29653
93.448,381,2294,29659
93.481,375,2293,29647
93.510,371,2285,29548
93.543,375,2277,29441
93.571,374,2260,29227
93.604,368,2254,29150
93.633,384,2253,29140
93.666,376,2240,28960
93.698,381,2232,28864
93.727,368,2221,28721
93.759,373,2209,28567
93.789,384,2203,28485
93.821,385,2216,28660
93.850,384,2221,28716
93.882,384,2219,28698
93.911,375,2219,28697
93.944,374,2223,28751
93.973,377,2241,28984
94.006,380,2254,29148
94.034,383,2263,29266
94.067,375,2265,29286
94.099,379,2254,29149
94.129,377,2243,29000
94.161,371,2229,28823
94.190,383,2219,28697
94.223,379,2205,28508
94.251,374,2196,28396
94.284,372,2195,28388
94.313,377,2208,28553
94.346,385,2224,28765
94.375,372,2248,29073
94.407,365,2254,29148
94.436,373,2273,29395
94.468,380,2280,29488
94.501,370,2291,29620
94.530,377,2295,29678
94.562,382,2313,29905
94.591,371,2315,29935
94.623,373,2308,29851
94.652,368,2293,29657
94.685,364,2290,29614
94.714,370,2280,29481
94.746,373,2286,29555
94.775,368,2303,29775
94.808,371,2312,29895
94.837,369,2318,29980
94.870,369,2328,30101
94.902,368,2336,30207
94.931,377,2335,30193
94.963,367,2331,30137
94.993,367,2334,30181
95.025,372,2338,30235
95.054,370,2343,30294
95.086,371,2341,30278
95.116,368,2338,30236
95.148,369,2332,30151
95.177,376,2331,30137
95.209,375,2336,30213
95.239,380,2318,29981
95.271,366,2299,29723
95.300,379,2294,29667
95.332,375,2304,29790
95.365,362,2313,29914
95.393,363,2318,29972
95.426,376,2312,29896
95.455,373,2294,29665
95.488,378,2294,29660
95.517,370,2294,29661
95.550,381,2294,29662
95.578,368,2297,29704
95.611,374,2294,29660
95.639,382,2283,29518
95.672,364,2284,29529
95.701,367,2279,29474
95.734,378,2279,29472
95.766,379,2289,29594
95.796,375,2292,29634
95.828,377,2284,29534
95.857,373,2274,29408
95.889,373,2278,29463
95.918,370,2289,29604
95.951,380,2293,29652
95.980,379,2292,29643
96.012,379,2291,29627
96.041,374,2294,29663
96.074,380,2308,29842
96.102,385,2315,29930
96.135,380,2328,30105
96.168,376,2338,30237
96.197,372,2339,30244
96.229,387,2337,30215
96.258,374,2330,30132
96.291,366,2327,30088
96.320,374,2313,29912
96.352,381,2301,29757
96.381,379,2300,29744
96.414,374,2312,29897
96.443,374,2325,30067
96.476,383,2338,30239
96.504,365,2358,30495
96.537,377,2378,30753
96.569,385,2392,30938
96.598,377,2393,30939
96.630,383,2392,30927
96.660,381,2387,30862
96.692,388,2378,30745
96.721,379,2359,30499
96.754,383,2344,30305
96.783,374,2347,30346
96.815,373,2358,30488
96.844,367,2370,30642
96.876,375,2379,30758
96.905,377,2390,30906
96.938,383,2408,31137
96.970,384,2413,31197
96.999,385,2408,31143
97.032,373,2400,31034
97.061,378,2398,31013
97.094,385,2390,30900
97.122,384,2363,30556
97.155,367,2343,30302
97.184,376,2343,30293
97.217,384,2344,30315
97.245,382,2339,30241
97.278,382,2338,30233
97.307,385,2338,30237
97.340,383,2338,30236
97.368,377,2338,30236
97.401,373,2332,30157
97.433,391,2320,29999
97.463,370,2318,29980
97.495,376,2325,30060
97.524,382,2324,30046
97.556,374,2327,30086
97.585,377,2335,30194
97.618,378,2342,30287
97.647,378,2352,30411
97.680,373,2342,30278
97.709,379,2334,30185
97.741,387,2331,30149
97.773,374,2331,30139
97.802,376,2329,30114
97.835,380,2322,30024
97.864,381,2314,29918
97.897,378,2314,29921
97.925,373,2314,29924
97.958,383,2313,29915
97.987,379,2313,29913
98.019,384,2319,29982
98.048,371,2321,30019
98.081,375,2318,29968
98.110,377,2312,29894
98.142,376,2309,29857
98.171,373,2314,29919
98.204,372,2313,29912
98.236,376,2304,29789
98.265,384,2304,29795
98.298,387,2312,29900
98.327,376,2314,29918
98.359,373,2314,29919
98.388,370,2314,29918
98.421,379,2320,29996
98.449,367,2331,30137
98.482,366,2333,30166
98.511,370,2329,30113
98.544,377,2322,30024
98.572,375,2323,30040
98.605,378,2329,30117
98.637,373,2336,30206
98.666,370,2338,30234
98.699,369,2339,30245
98.728,371,2343,30301
98.761,382,2343,30301
98.789,378,2339,30245
98.822,367,2338,30239
98.851,372,2344,30314
98.884,372,2354,30434
98.913,371,2355,30456
98.945,380,2353,30431
98.974,379,2344,30311
99.007,370,2342,30279
99.039,376,2344,30311
99.068,372,2353,30426
99.100,377,2358,30489
99.129,378,2361,30534
99.161,372,2364,30573
99.190,375,2360,30516
99.223,381,2358,30492
99.252,373,2355,30455
99.284,367,2355,30447
99.314,374,2358,30490
99.347,375,2359,30501
99.375,373,2359,30504
99.408,370,2359,30505
99.437,378,2363,30558
99.470,366,2368,30627
99.502,376,2372,30670
99.531,373,2369,30628
99.563,370,2367,30602
99.592,370,2364,30570
99.625,371,2366,30591
99.654,369,2368,30615
99.686,368,2368,30621
99.715,370,2368,30624
99.748,375,2369,30635
99.776,370,2370,30648
99.810,370,2370,30642
99.838,369,2368,30624
99.871,368,2368,30625
99.903,374,2370,30644
99.933,374,2372,30678
99.965,376,2372,30678
99.994,374,2372,30666
100.027,374,2371,30658
100.055,370,2370,30653
100.088,371,2371,30656
100.117,366,2374,30699
100.149,365,2378,30750
100.178,374,2382,30797
100.211,374,2383,30812
100.240,360,2383,30809
100.272,368,2382,30796
100.304,373,2381,30785
100.334,373,2378,30752
100.366,374,2378,30747
100.395,376,2378,30752
100.428,369,2381,30783
100.456,363,2383,30809
100.489,368,2383,30819
100.518,369,2384,30825
100.551,366,2383,30816
100.579,364,2380,30773
100.612,374,2378,30745
100.641,372,2374,30700
100.674,367,2373,30684
100.706,373,2373,30681
100.735,373,2375,30706
100.767,368,2377,30740
100.797,369,2378,30745
100.829,369,2378,30747
100.858,375,2378,30748
100.891,369,2378,30754
100.919,375,2382,30807
100.952,362,2385,30846
100.981,367,2390,30912
101.014,378,2392,30937
101.042,366,2393,30939
101.075,371,2393,30940
101.104,367,2393,30946
101.137,365,2394,30961
101.169,368,2395,30975
101.198,365,2394,30962
101.230,364,2393,30950
101.259,361,2393,30944
101.291,372,2393,30939
101.321,369,2393,30944
101.353,366,2393,30943
101.382,361,2393,30944
101.414,361,2393,30943
101.443,367,2393,30948
101.476,368,2393,30945
101.505,376,2393,30943
101.537,363,2393,30943
101.570,363,2392,30932
101.599,373,2390,30908
101.631,372,2387,30860
101.661,376,2383,30816
101.694,371,2379,30758
101.722,366,2378,30748
101.755,374,2377,30739
101.784,370,2375,30717
101.816,364,2373,30691
101.845,366,2370,30650
101.878,366,2368,30620
101.907,375,2362,30538
101.939,370,2358,30490
101.968,360,2354,30446
102.000,380,2346,30335
102.033,368,2338,30238
102.062,370,2335,30195
102.095,377,2330,30132
102.124,383,2325,30070
102.156,373,2317,29965
102.185,366,2313,29914
102.218,367,2309,29858
102.247,366,2298,29714
102.280,374,2287,29569
102.308,376,2274,29407
102.341,375,2262,29247
102.369,369,2254,29144
102.402,371,2241,28978
102.434,372,2223,28748
102.463,372,2214,28632
102.496,385,2210,28574
102.525,370,2210,28581
102.557,380,2206,28523
102.586,367,2191,28333
102.619,371,2180,28187
102.648,379,2175,28130
102.680,385,2166,28009
102.709,373,2162,27963
102.742,377,2178,28162
102.771,383,2184,28241
102.803,372,2186,28268
102.836,381,2183,28234
102.865,378,2180,28190
102.897,379,2180,28186
102.927,382,2176,28143
102.959,377,2168,28040
102.988,380,2158,27903
103.021,374,2155,27871
103.050,378,2155,27864
103.082,382,2147,27758
103.111,386,2143,27713
103.143,376,2140,27674
103.172,374,2136,27621
103.205,380,2140,27674
103.237,376,2143,27708
103.266,376,2140,27676
103.299,378,2145,27736
103.328,373,2145,27732
103.361,382,2135,27603
103.389,382,2127,27510
103.422,375,2121,27427
103.450,377,2121,27430
103.483,381,2135,27611
103.513,384,2137,27636
103.545,376,2135,27602
103.573,366,2133,27586
103.606,374,2126,27490
103.638,375,2121,27425
103.667,386,2130,27543
103.700,380,2135,27602
103.729,378,2137,27631
103.761,378,2135,27608
103.790,376,2141,27687
103.823,369,2155,27862
103.852,372,2160,27929
103.884,382,2155,27865
103.913,375,2152,27831
103.947,381,2150,27800
103.975,388,2145,27733
104.008,372,2139,27664
104.040,385,2131,27552
104.070,387,2131,27552
104.102,382,2130,27538
104.131,387,2126,27489
104.163,387,2122,27441
104.192,382,2122,27443
104.225,385,2130,27537
104.253,372,2136,27617
104.286,383,2143,27707
104.315,376,2154,27852
104.348,384,2156,27874
104.376,371,2162,27958
104.409,376,2160,27937
104.441,382,2158,27905
104.470,385,2155,27868
104.503,375,2147,27759
104.532,382,2135,27614
104.564,379,2131,27555
104.593,374,2142,27693
104.626,381,2155,27865
104.654,374,2155,27872
104.687,378,2154,27855
104.716,377,2154,27856
104.748,373,2152,27830
104.777,372,2143,27707
104.810,382,2142,27697
104.842,375,2151,27814
104.871,375,2153,27837
104.904,377,2144,27730
104.933,381,2141,27680
104.966,383,2145,27741
104.994,383,2155,27867
105.027,375,2162,27960
105.056,373,2170,28057
105.088,384,2170,28056
105.117,380,2175,28124
105.150,376,2180,28187
105.179,371,2181,28199
105.211,376,2180,28192
105.244,382,2184,28244
105.273,374,2185,28250
105.305,377,2186,28268
105.334,379,2194,28373
105.367,377,2197,28411
105.396,379,2198,28422
105.428,375,2199,28441
105.457,372,2209,28562
105.490,377,2220,28702
105.519,382,2225,28777
105.551,372,2230,28837
105.580,373,2234,28882
105.613,376,2231,28843
105.645,370,2233,28880
105.674,370,2234,28891
105.707,373,2237,28922
105.736,376,2247,29058
105.768,381,2255,29163
105.797,372,2279,29471
105.830,376,2297,29707
105.859,374,2316,29947
105.891,377,2335,30195
105.920,374,2341,30276
105.953,376,2353,30424
105.981,377,2358,30496
106.014,374,2362,30549
106.047,380,2367,30607
106.076,368,2371,30656
106.108,378,2378,30753
106.137,369,2391,30923
106.170,361,2405,31094
106.198,371,2413,31197
106.231,365,2414,31215
106.260,369,2422,31322
106.293,364,2432,31451
106.321,364,2438,31521
106.354,368,2447,31649
106.383,367,2457,31777
106.416,364,2466,31887
106.448,364,2472,31962
106.477,349,2475,32007
106.510,353,2479,32056
106.539,349,2484,32121
106.571,338,2487,32158
106.600,326,2487,32162
106.633,321,2487,32165
106.661,324,2488,32176
106.694,311,2489,32182
106.723,305,2489,32192
106.755,307,2490,32192
106.784,304,2490,32197
106.817,296,2491,32206
106.846,293,2490,32202
106.878,291,2490,32203
106.911,273,2490,32199
106.940,269,2490,32202
106.972,264,2490,32201
107.001,273,2490,32192
107.034,274,2490,32199
107.062,274,2490,32200
107.095,282,2490,32195
107.124,282,2490,32202
107.157,284,2490,32197
107.186,286,2489,32187
107.219,287,2490,32202
107.248,289,2490,32193
107.281,288,2490,32194
107.309,292,2490,32193
107.342,293,2490,32203
107.374,287,2490,32195
107.403,286,2490,32203
107.435,287,2490,32198
107.464,287,2490,32202
107.498,286,2490,32198
107.526,289,2489,32188
107.558,287,2490,32202
107.587,284,2490,32197
107.620,291,2490,32192
107.649,289,2490,32192
107.682,297,2489,32187
107.711,297,2490,32197
107.744,293,2489,32190
107.772,298,2489,32190
107.805,296,2490,32198
107.837,296,2490,32197
107.866,293,2489,32191
107.898,295,2490,32196
107.928,294,2489,32189
107.960,291,2490,32197
107.989,291,2489,32191
108.022,292,2490,32195
108.050,303,2489,32182
108.083,301,2489,32188
108.111,298,2490,32192
108.144,295,2489,32191
108.173,295,2489,32190
108.206,295,2489,32189
108.234,296,2489,32189
108.267,290,2489,32192
108.300,291,2490,32195
108.330,291,2490,32200
108.361,290,2489,32191
108.391,291,2490,32199
108.423,297,2490,32203
108.452,288,2490,32197
108.484,290,2490,32198
108.514,292,2490,32199
108.546,291,2489,32191
108.574,292,2490,32198
108.607,286,2490,32197
108.636,290,2490,32196
108.669,290,2490,32193
108.701,289,2490,32198
108.731,282,2490,32195
108.763,284,2490,32194
108.792,280,2490,32199
108.824,284,2490,32201
108.853,286,2490,32192
108.886,282,2490,32192
108.914,284,2490,32199
108.947,274,2491,32207
108.976,285,2490,32199
109.009,282,2490,32200
109.037,290,2490,32200
109.070,286,2490,32198
109.099,287,2490,32199
109.132,286,2490,32195
109.164,284,2489,32189
109.193,282,2490,32198
109.225,285,2490,32192
109.255,282,2490,32198
109.287,288,2490,32193
109.316,287,2490,32193
109.349,294,2490,32194
109.378,292,2489,32188
109.410,290,2489,32189
109.439,298,2489,32184
109.471,302,2489,32189
109.500,300,2489,32185
109.533,307,2488,32177
109.561,308,2489,32189
109.594,309,2489,32182
109.627,312,2489,32181
109.656,315,2489,32185
109.688,314,2488,32175
109.717,318,2488,32177
109.750,319,2488,32172
109.779,318,2489,32185
109.811,316,2488,32174
109.840,321,2488,32171
109.873,328,2488,32167
109.902,325,2487,32165
109.934,325,2487,32159
109.963,329,2487,32161
109.996,335,2487,32157
110.025,333,2486,32149
110.058,331,2487,32157
110.090,338,2487,32157
110.119,334,2487,32154
110.151,346,2486,32145
110.181,344,2485,32134
110.213,341,2484,32123
110.242,347,2483,32104
110.274,344,2482,32099
110.303,339,2481,32082
110.336,350,2480,32064
110.364,351,2478,32048
110.397,351,2478,32041
110.425,357,2476,32016
110.458,351,2473,31982
110.491,353,2472,31968
110.520,366,2472,31964
110.552,364,2469,31931
110.581,357,2463,31852
110.614,364,2461,31820
110.643,360,2457,31776
110.676,357,2457,31770
110.704,355,2454,31728
110.737,357,2452,31709
110.766,358,2452,31712
110.799,353,2453,31714
110.827,354,2453,31720
110.861,349,2454,31739
110.889,350,2456,31754
110.922,350,2454,31735
110.954,350,2453,31717
110.983,353,2452,31712
111.015,351,2451,31695
111.044,343,2451,31695
111.077,356,2448,31661
111.106,354,2447,31638
111.139,347,2444,31599
111.167,354,2443,31595
111.200,352,2442,31584
111.230,347,2442,31583
111.263,354,2442,31577
111.291,348,2441,31561
111.323,347,2442,31574
111.355,353,2443,31597
111.385,353,2441,31571
111.417,351,2439,31543
111.446,357,2438,31522
111.478,354,2437,31518
111.508,357,2436,31494
111.540,354,2433,31459
111.569,356,2433,31458
111.601,355,2432,31451
111.630,355,2432,31445
111.663,354,2432,31450
111.692,360,2431,31434
111.724,357,2430,31424
111.753,364,2428,31394
111.786,353,2423,31333
111.818,355,2422,31322
111.848,350,2422,31319
111.880,354,2423,31330
111.909,351,2421,31303
111.941,353,2415,31224
111.970,347,2413,31199
112.003,350,2413,31196
112.031,355,2408,31135
112.064,344,2403,31075
112.093,351,2399,31018
112.126,353,2404,31082
112.155,354,2400,31034
112.187,354,2396,30977
112.220,353,2390,30907
112.249,355,2380,30780
112.281,356,2375,30707
112.310,357,2370,30648
112.342,354,2372,30674
112.371,357,2371,30666
112.404,354,2367,30611
112.433,355,2357,30480
112.466,355,2340,30258
112.495,353,2331,30139
112.528,359,2321,30015
112.555,357,2324,30051
112.588,359,2330,30124
112.617,353,2338,30228
112.650,363,2338,30232
112.682,360,2338,30229
112.711,361,2334,30178
112.744,358,2329,30114
112.773,362,2323,30033
112.806,360,2317,29959
112.834,364,2313,29913
112.867,363,2312,29891
112.896,364,2310,29872
112.929,363,2313,29911
112.957,355,2319,29985
112.990,363,2327,30090
113.019,365,2329,30114
113.051,362,2332,30162
113.080,362,2331,30141
113.113,360,2327,30094
113.145,365,2320,29995
113.174,365,2314,29925
113.207,362,2310,29877
113.236,364,2304,29795
113.268,364,2302,29762
113.298,370,2294,29659
113.330,370,2286,29560
113.359,367,2277,29441
113.392,369,2267,29314
113.420,372,2262,29252
113.453,367,2264,29276
113.481,364,2268,29328
113.514,365,2279,29466
113.546,370,2287,29569
113.575,367,2294,29660
113.608,371,2295,29676
113.637,363,2295,29683
113.670,365,2296,29693
113.699,366,2297,29705
113.731,363,2300,29737
113.760,367,2301,29748
113.792,369,2295,29673
113.822,370,2294,29667
113.854,365,2297,29699
113.883,365,2303,29777
113.916,372,2306,29814
113.945,372,2307,29826
113.978,368,2303,29779
114.009,361,2304,29794
114.039,369,2307,29833
114.071,372,2313,29904
114.100,358,2313,29915
114.133,369,2313,29911
114.162,367,2308,29843
114.194,367,2304,29791
114.223,370,2309,29862
114.256,367,2314,29928
114.284,366,2324,30049
114.317,365,2328,30109
114.346,369,2325,30071
114.378,372,2315,29937
114.407,371,2312,29893
114.440,370,2301,29749
114.472,365,2294,29659
114.501,366,2289,29593
114.534,377,2288,29592
114.563,374,2287,29577
114.595,373,2280,29480
114.624,370,2274,29409
114.657,366,2267,29314
114.685,372,2265,29294
114.718,371,2266,29305
114.747,374,2269,29347
114.780,369,2267,29314
114.808,370,2273,29395
114.842,372,2278,29457
114.870,379,2279,29476
114.902,372,2287,29579
114.935,370,2290,29615
114.964,374,2288,29592
114.996,369,2293,29655
115.025,369,2294,29659
115.058,368,2293,29653
115.087,378,2292,29635
115.119,368,2294,29659
115.149,363,2294,29658
115.181,367,2294,29662
115.210,371,2294,29661
115.243,373,2294,29666
115.271,362,2303,29774
115.304,363,2306,29818
115.336,364,2313,29912
115.365,366,2316,29950
115.398,368,2322,30023
115.427,365,2327,30097
115.460,363,2327,30092
115.488,370,2326,30081
115.522,360,2325,30063
115.550,364,2323,30040
115.582,370,2325,30060
115.611,362,2322,30020
115.644,366,2320,29997
115.673,364,2319,29983
115.706,368,2317,29966
115.738,362,2314,29922
115.767,362,2312,29900
115.799,369,2312,29902
115.828,369,2305,29805
115.861,378,2295,29672
115.891,362,2293,29657
115.922,365,2294,29659
115.952,363,2294,29659
115.984,365,2294,29660
116.013,365,2294,29668
116.046,362,2298,29710
116.074,369,2303,29786
116.107,367,2312,29891
116.135,365,2314,29923
116.168,365,2321,30009
116.201,360,2334,30187
116.230,360,2345,30318
116.262,371,2363,30556
116.292,361,2378,30751
116.324,363,2389,30897
116.353,363,2393,30944
116.386,359,2393,30950
116.414,366,2393,30945
116.447,361,2392,30937
116.476,362,2391,30916
116.509,361,2388,30876
116.537,362,2386,30849
116.570,362,2385,30845
116.598,361,2387,30871
116.631,362,2390,30900
116.664,360,2390,30911
116.693,364,2389,30889
116.725,362,2387,30870
116.754,358,2386,30860
116.787,359,2386,30848
116.816,363,2385,30841
116.848,362,2385,30840
116.877,363,2385,30845
116.910,362,2386,30859
116.939,368,2389,30888
116.971,362,2391,30921
117.000,360,2392,30934
117.033,361,2393,30943
117.065,359,2394,30956
117.094,361,2395,30975
117.126,356,2397,30992
117.155,355,2398,31009
117.188,360,2398,31007
117.216,360,2401,31054
117.249,361,2407,31126
117.278,353,2408,31142
117.311,362,2411,31174
117.340,357,2412,31190
117.372,360,2413,31196
117.401,360,2413,31198
117.434,355,2413,31197
117.462,355,2413,31199
117.495,352,2413,31198
117.528,356,2413,31199
117.557,354,2413,31199
117.589,358,2413,31200
117.618,357,2413,31204
117.651,353,2414,31218
117.680,353,2414,31212
117.712,356,2413,31209
117.742,357,2413,31207
117.774,356,2413,31202
117.803,359,2413,31207
117.836,354,2414,31215
117.864,350,2417,31256
117.897,354,2421,31303
117.926,354,2423,31329
117.959,356,2425,31360
117.991,351,2429,31413
118.020,358,2431,31437
118.052,357,2431,31438
118.081,348,2431,31439
118.113,358,2432,31445
118.143,350,2432,31449
118.176,358,2432,31448
118.204,349,2432,31443
118.237,356,2430,31423
118.266,350,2428,31400
118.299,353,2427,31378
118.327,356,2425,31359
118.360,352,2424,31349
118.392,360,2425,31354
118.421,352,2423,31335
118.453,357,2422,31324
118.482,350,2419,31283
118.515,355,2415,31230
118.544,355,2414,31212
118.576,361,2414,31213
118.605,355,2413,31208
118.638,354,2414,31210
118.667,361,2413,31202
118.700,359,2413,31198
118.728,357,2413,31197
118.761,361,2413,31197
118.790,356,2412,31196
118.823,358,2412,31196
118.855,355,2412,31192
118.884,361,2412,31193
118.916,358,2413,31196
118.946,362,2413,31197
118.978,355,2413,31205
119.007,354,2418,31272
119.040,353,2424,31350
119.068,354,2434,31473
119.101,362,2437,31520
119.130,355,2443,31585
119.162,349,2447,31648
119.191,349,2450,31688
119.224,352,2455,31747
119.256,351,2457,31776
119.285,352,2460,31809
119.317,352,2462,31840
119.346,351,2463,31851
119.379,351,2464,31864
119.408,345,2467,31897
119.440,350,2470,31936
119.469,353,2472,31960
119.502,355,2472,31962
119.531,348,2472,31972
119.564,350,2473,31985
119.592,345,2476,32019
119.626,345,2477,32032
119.658,349,2479,32051
119.687,351,2480,32072
119.719,345,2482,32095
119.748,342,2484,32116
119.781,341,2484,32127
119.810,341,2485,32133
119.842,338,2486,32148
119.872,338,2486,32149
119.904,341,2486,32142
119.933,334,2487,32154
119.965,331,2487,32155
119.995,332,2487,32155
120.027,332,2487,32161
120.055,328,2486,32153
120.088,333,2486,32152
120.121,328,2487,32156
120.150,326,2487,32159
120.182,329,2487,32156
120.211,324,2486,32147
120.244,327,2487,32159
120.272,332,2487,32154
120.305,326,2486,32151
120.334,334,2486,32147
120.366,328,2486,32152
120.395,329,2487,32156
120.428,327,2486,32153
120.456,325,2487,32156
120.489,327,2486,32151
120.521,319,2487,32158
120.551,323,2487,32154
120.583,323,2486,32148
120.612,320,2487,32155
120.644,324,2487,32156
120.673,325,2487,32158
120.706,327,2487,32158
120.735,324,2486,32152
120.768,324,2487,32156
120.796,331,2487,32158
120.829,321,2487,32154
120.858,323,2487,32158
120.890,326,2486,32146
120.919,325,2487,32159
120.952,323,2487,32160
120.984,321,2487,32158
121.013,319,2487,32157
121.046,317,2487,32160
121.075,321,2487,32157
121.107,324,2486,32152
121.136,320,2487,32161
121.169,322,2487,32162
121.198,324,2487,32160
121.230,320,2487,32164
121.259,315,2487,32164
121.292,317,2487,32166
121.321,306,2486,32152
121.353,317,2487,32164
121.382,308,2487,32163
121.415,318,2487,32158
121.447,321,2487,32156
121.476,328,2486,32150
121.509,326,2486,32149
121.537,342,2487,32159
121.570,338,2487,32156
121.599,345,2487,32159
121.632,352,2486,32150
121.660,351,2487,32155
121.693,365,2486,32151
121.722,360,2486,32153
121.755,362,2486,32151
121.783,362,2487,32158
121.816,355,2487,32158
121.849,367,2487,32155
121.877,365,2487,32159
121.910,365,2487,32156
121.939,367,2487,32159
121.972,361,2487,32157
122.000,358,2487,32155
122.033,370,2487,32159
122.062,377,2487,32156
122.095,365,2486,32152
122.123,354,2486,32147
122.156,360,2487,32158
122.189,373,2486,32150
122.218,364,2486,32146
122.250,366,2485,32134
122.279,381,2485,32129
122.312,368,2484,32125
122.340,365,2483,32112
122.373,369,2484,32117
122.402,370,2483,32109
122.435,365,2482,32100
122.463,366,2483,32110
122.496,372,2482,32097
122.525,367,2481,32084
122.558,373,2480,32066
122.590,366,2480,32067
122.619,368,2478,32050
122.652,364,2479,32060
122.680,371,2478,32040
122.713,362,2477,32027
122.742,363,2474,31987
122.775,368,2472,31966
122.803,373,2466,31883
122.836,371,2458,31780
122.865,373,2450,31686
122.897,360,2437,31515
122.926,370,2422,31324
122.959,370,2409,31145
122.991,364,2388,30884
123.020,374,2378,30751
123.053,367,2375,30714
123.082,368,2376,30730
123.114,364,2383,30821
123.143,367,2392,30937
123.176,372,2394,30955
123.205,359,2393,30945
123.238,368,2391,30921
123.267,370,2381,30793
123.299,372,2368,30618
123.328,378,2343,30304
123.361,369,2324,30054
123.393,373,2302,29773
123.422,371,2292,29634
123.455,366,2285,29542
123.484,375,2282,29511
123.516,354,2279,29466
123.545,366,2265,29284
123.578,372,2258,29193
123.606,371,2256,29170
123.639,370,2262,29251
123.668,365,2276,29435
123.701,368,2280,29480
123.729,369,2283,29520
123.762,370,2279,29473
123.794,369,2271,29362
123.823,366,2259,29206
123.856,366,2254,29147
123.885,359,2248,29067
123.917,367,2238,28941
123.946,362,2235,28897
123.979,370,2228,28806
124.008,363,2215,28644
124.040,377,2201,28458
124.069,364,2189,28312
124.102,366,2180,28196
124.131,356,2176,28141
124.163,370,2171,28077
124.193,373,2171,28077
124.225,368,2180,28188
124.258,375,2186,28264
124.286,369,2199,28438
124.319,364,2200,28445
124.348,371,2201,28462
124.380,372,2219,28697
124.410,358,2223,28748
124.442,367,2225,28771
124.471,372,2224,28756
124.504,364,2221,28719
124.533,370,2214,28629
124.565,359,2187,28281
124.593,366,2178,28167
124.626,369,2175,28128
124.659,364,2184,28235
124.688,368,2214,28628
124.720,365,2230,28832
124.749,366,2229,28827
124.782,365,2225,28766
124.811,369,2219,28695
124.843,358,2213,28619
124.872,368,2209,28566
124.905,363,2203,28488
124.934,368,2193,28363
124.966,357,2171,28073
124.995,371,2148,27778
125.028,362,2130,27537
125.060,372,2099,27146
125.089,375,2086,26972
125.121,368,2075,26830
125.151,370,2054,26560
125.184,368,2041,26391
125.212,359,2027,26216
125.245,365,2021,26134
125.274,365,2011,26006
125.306,374,1997,25818
125.335,368,1994,25789
125.368,372,2017,26079
125.396,369,2043,26417
125.429,361,2089,27011
125.461,369,2122,27440
125.490,365,2132,27571
125.523,361,2133,27583
125.552,358,2121,27431
125.584,354,2105,27225
125.613,368,2096,27100
125.646,359,2104,27209
125.675,353,2116,27365
125.708,363,2095,27093
125.736,361,2075,26836
125.769,367,2056,26585
125.798,363,2049,26496
125.831,361,2052,26529
125.863,355,2056,26589
125.892,361,2072,26791
125.924,356,2076,26842
125.953,358,2080,26898
125.986,352,2079,26881
126.015,363,2056,26586
126.047,358,2040,26378
126.076,358,2022,26144
126.109,358,1997,25823
126.137,363,1973,25511
126.170,361,1955,25284
126.199,362,1966,25426
126.232,364,2009,25985
126.264,358,2049,26491
126.294,361,2075,26838
126.326,364,2081,26906
126.355,357,2076,26842
126.387,364,2062,26667
126.416,357,2056,26590
126.449,360,2066,26711
126.478,350,2075,26831
126.511,349,2063,26672
126.539,365,2040,26379
126.572,357,2001,25878
126.600,354,1968,25447
126.633,352,1966,25419
126.666,354,1996,25816
126.695,361,2040,26381
126.727,354,2062,26667
126.756,366,2076,26845
126.789,360,2089,27011
126.818,359,2091,27036
126.850,359,2090,27026
126.879,352,2091,27042
126.912,356,2097,27115
126.940,358,2096,27103
126.973,357,2087,26992
127.002,356,2082,26920
127.035,358,2076,26845
127.067,354,2067,26728
127.096,360,2065,26709
127.128,352,2089,27007
127.157,362,2130,27549
127.190,359,2171,28079
127.219,358,2202,28478
127.251,353,2222,28734
127.280,354,2236,28920
127.313,353,2250,29101
127.342,361,2258,29196
127.375,347,2278,29453
127.403,360,2293,29645
127.436,351,2297,29701
127.468,345,2302,29772
127.497,344,2296,29689
127.530,352,2293,29650
127.559,347,2289,29602
127.591,349,2288,29584
127.620,348,2285,29550
127.653,349,2292,29639
127.682,356,2297,29707
127.714,353,2301,29749
127.743,345,2294,29660
127.776,359,2289,29596
127.805,361,2285,29542
127.837,348,2280,29477
127.870,357,2281,29490
127.899,351,2264,29277
127.931,354,2251,29108
127.960,364,2236,28911
127.993,358,2226,28778
128.022,357,2220,28706
128.054,345,2209,28565
128.083,352,2204,28504
128.116,358,2213,28621
128.145,359,2224,28755
128.177,354,2226,28789
128.206,353,2226,28781
128.239,353,2231,28853
128.271,345,2235,28906
128.300,344,2245,29024
128.332,354,2254,29148
128.361,350,2262,29245
128.394,348,2265,29291
128.423,338,2275,29418
128.455,358,2279,29465
128.485,348,2279,29467
128.517,347,2277,29451
128.546,342,2277,29448
128.579,350,2275,29415
128.607,355,2265,29295
128.640,348,2262,29246
128.669,349,2262,29247
128.702,345,2271,29370
128.734,353,2285,29544
128.763,352,2296,29693
128.795,353,2309,29853
128.824,362,2314,29923
128.857,349,2323,30042
128.886,358,2331,30136
128.918,353,2335,30197
128.947,360,2336,30212
128.980,350,2337,30224
129.009,355,2337,30224
129.042,347,2338,30237
129.074,357,2341,30266
129.103,351,2345,30328
129.135,354,2354,30434
129.164,358,2356,30465
129.197,351,2358,30494
129.226,352,2358,30493
129.258,353,2360,30512
129.287,338,2363,30551
129.320,350,2368,30618
129.349,336,2372,30666
129.382,350,2375,30713
129.411,349,2378,30745
129.443,348,2378,30755
129.472,349,2378,30754
129.505,353,2380,30776
129.537,345,2381,30791
129.566,346,2381,30792
129.598,346,2378,30756
129.627,344,2377,30744
129.660,352,2374,30695
129.689,346,2367,30609
129.722,348,2358,30489
129.751,341,2345,30323
129.783,359,2337,30222
129.812,347,2323,30038
129.844,339,2313,29914
129.874,341,2310,29872
129.906,349,2307,29829
129.938,344,2303,29779
129.967,348,2294,29663
130.000,342,2285,29549
130.029,352,2271,29368
130.061,350,2254,29145
130.091,349,2243,29008
130.123,354,2235,28903
130.152,351,2234,28892
130.184,354,2234,28885
130.213,350,2230,28839
130.246,351,2230,28831
130.274,356,2227,28793
130.308,348,2229,28829
130.340,354,2235,28895
130.369,353,2244,29014
130.401,353,2249,29087
130.430,343,2248,29070
130.463,355,2239,28948
130.491,356,2234,28887
130.524,359,2228,28806
130.553,356,2224,28756
130.585,354,2220,28711
130.614,342,2220,28710
130.647,347,2224,28755
130.676,360,2223,28742
130.708,350,2219,28697
130.741,357,2219,28696
130.770,351,2219,28693
130.803,353,2209,28562
130.832,360,2209,28564
130.864,347,2220,28701
130.893,355,2230,28835
130.926,355,2234,28885
130.955,352,2236,28917
130.987,346,2239,28959
131.016,357,2243,29002
131.049,353,2249,29088
131.077,351,2250,29097
131.111,354,2244,29017
131.142,339,2248,29071
131.172,351,2254,29148
131.204,344,2272,29376
131.233,344,2280,29481
131.265,356,2287,29569
131.295,359,2285,29552
131.327,347,2278,29463
131.356,351,2273,29395
131.389,354,2263,29268
131.417,358,2251,29113
131.450,364,2240,28961
131.479,357,2237,28930
131.512,351,2233,28871
131.544,356,2224,28757
131.573,358,2219,28699
131.605,352,2220,28703
131.634,356,2219,28700
131.667,352,2219,28697
131.696,358,2225,28766
131.728,357,2232,28864
131.758,346,2231,28845
131.790,356,2224,28764
131.819,365,2219,28700
131.851,362,2218,28677
131.880,357,2215,28637
131.913,357,2211,28594
131.945,344,2218,28680
131.975,357,2219,28700
132.007,358,2209,28566
132.036,357,2197,28405
132.068,363,2185,28255
132.097,360,2180,28186
132.130,344,2168,28040
132.159,349,2146,27756
132.192,355,2132,27572
132.221,362,2127,27505
132.253,349,2127,27499
132.282,362,2127,27502
132.314,357,2132,27566
132.343,365,2143,27712
132.376,358,2155,27873
132.408,348,2171,28067
132.437,360,2180,28188
132.470,354,2173,28099
132.499,358,2155,27863
132.531,359,2139,27658
132.560,357,2123,27446
132.593,355,2119,27406
132.622,349,2120,27420
132.655,360,2128,27516
132.683,364,2131,27562
132.716,353,2136,27615
132.744,366,2136,27615
132.777,362,2132,27566
132.809,362,2130,27538
132.838,360,2138,27652
132.871,358,2154,27851
132.900,367,2160,27932
132.932,356,2155,27871
132.962,356,2152,27823
132.995,356,2154,27855
133.023,361,2155,27867
133.056,353,2158,27909
133.085,357,2163,27969
133.118,351,2171,28079
133.150,353,2179,28180
133.179,358,2181,28197
133.211,356,2184,28245
133.240,356,2183,28224
133.272,351,2180,28184
133.301,361,2170,28058
133.334,352,2159,27921
133.363,360,2169,28053
133.395,352,2180,28184
133.424,356,2180,28191
133.457,353,2186,28264
133.485,351,2198,28427
133.518,361,2195,28378
133.547,359,2180,28192
133.580,350,2180,28186
133.612,344,2185,28255
133.641,358,2183,28230
133.674,355,2175,28121
133.703,355,2158,27909
133.736,357,2154,27856
133.765,345,2155,27869
133.797,355,2156,27874
133.826,359,2155,27873
133.859,350,2155,27864
133.887,354,2156,27877
133.920,355,2166,28015
133.949,354,2170,28059
133.981,358,2170,28062
134.014,353,2172,28088
134.043,362,2178,28169
134.076,353,2179,28180
134.105,359,2181,28199
134.137,350,2198,28422
134.166,351,2200,28447
134.199,367,2199,28438
134.227,350,2205,28518
134.260,354,2205,28518
134.289,354,2195,28388
134.322,353,2177,28155
134.350,352,2162,27962
134.383,348,2169,28054
134.415,352,2170,28058
134.444,359,2155,27866
134.477,355,2147,27761
134.506,357,2156,27877
134.538,364,2168,28034
134.567,361,2171,28071
134.600,363,2179,28181
134.628,354,2170,28059
134.661,355,2143,27713
134.690,364,2137,27628
134.723,359,2146,27745
134.752,354,2172,28089
134.784,362,2180,28195
134.816,353,2180,28186
134.846,360,2171,28069
134.878,349,2174,28113
134.908,354,2176,28137
134.940,353,2170,28056
134.968,358,2168,28032
135.001,354,2146,27750
135.029,364,2117,27373
135.062,353,2098,27135
135.091,354,2096,27105
135.124,353,2106,27238
135.152,352,2120,27417
135.185,363,2114,27336
135.218,356,2092,27051
135.247,354,2087,26987
135.279,353,2098,27126
135.309,347,2124,27470
135.341,346,2129,27534
135.370,352,2116,27366
135.403,350,2104,27206
135.431,355,2106,27239
135.464,359,2097,27120
135.493,349,2087,26981
135.526,358,2077,26855
135.554,358,2073,26801
135.587,356,2062,26666
135.619,352,2066,26717
135.648,358,2076,26843
135.681,344,2082,26927
135.710,349,2095,27094
135.743,351,2107,27247
135.771,357,2123,27448
135.804,355,2140,27674
135.833,348,2145,27741
135.866,349,2147,27764
135.895,357,2149,27793
135.927,354,2147,27769
135.956,364,2140,27678
135.989,345,2136,27622
136.021,356,2123,27448
136.050,358,2108,27261
136.082,354,2115,27352
136.111,362,2125,27485
136.144,358,2125,27474
136.173,352,2117,27373
136.206,356,2113,27330
136.234,356,2107,27251
136.267,355,2122,27444
136.296,352,2143,27712
136.328,354,2144,27727
136.357,353,2140,27671
136.390,354,2134,27594
136.422,361,2141,27685
136.451,362,2158,27908
136.483,352,2177,28156
136.512,349,2180,28191
136.545,360,2193,28355
136.574,356,2199,28441
136.606,359,2200,28448
136.635,352,2200,28446
136.668,354,2209,28568
136.697,355,2219,28699
136.729,359,2224,28757
136.758,354,2228,28812
136.791,357,2236,28909
136.823,362,2242,28996
136.852,351,2240,28961
136.885,355,2232,28861
136.914,356,2220,28711
136.946,354,2219,28696
136.975,355,2218,28688
137.008,358,2219,28701
137.037,352,2220,28707
137.069,355,2217,28674
137.098,357,2209,28565
137.131,356,2206,28520
137.159,351,2217,28667
137.192,357,2224,28758
137.224,362,2225,28776
137.254,356,2224,28753
137.286,359,2219,28697
137.315,354,2219,28700
137.348,363,2226,28779
137.376,347,2231,28849
137.409,353,2234,28889
137.438,350,2240,28968
137.471,357,2254,29149
137.499,354,2275,29424
137.532,356,2290,29608
137.561,350,2294,29661
137.594,358,2296,29694
137.626,354,2296,29691
137.655,354,2295,29682
137.688,355,2294,29665
137.716,357,2294,29665
137.749,357,2296,29686
137.778,357,2304,29789
137.811,359,2304,29797
137.839,347,2303,29785
137.872,352,2305,29813
137.901,363,2311,29877
137.934,358,2313,29915
137.962,346,2315,29932
137.995,354,2319,29982
138.027,360,2325,30071
138.056,358,2333,30170
138.089,347,2338,30236
138.118,352,2342,30290
138.150,352,2352,30412
138.179,350,2358,30496
138.212,344,2365,30584
138.241,357,2371,30665
138.273,347,2377,30735
138.302,352,2378,30751
138.335,346,2380,30777
138.364,347,2383,30817
138.396,355,2384,30831
138.429,356,2388,30877
138.458,357,2390,30910
138.490,349,2392,30930
138.519,356,2393,30940
138.552,350,2393,30944
138.581,347,2393,30942
138.613,346,2394,30953
138.642,352,2394,30960
138.675,349,2395,30973
138.703,347,2397,31001
138.736,350,2398,31012
138.765,356,2399,31022
138.798,348,2400,31029
138.830,344,2400,31039
138.859,351,2399,31020
138.892,349,2399,31020
138.920,352,2399,31025
138.953,345,2400,31040
138.982,351,2404,31085
139.015,355,2406,31114
139.043,349,2406,31118
139.076,351,2406,31110
139.105,352,2404,31082
139.138,354,2399,31025
139.166,346,2398,31008
139.199,348,2398,31003
139.232,351,2398,31008
139.261,346,2400,31038
139.294,352,2402,31060
139.322,345,2403,31068
139.355,342,2399,31019
139.384,349,2395,30966
139.417,354,2392,30933
139.445,345,2384,30828
139.478,346,2378,30754
139.506,351,2377,30735
139.539,349,2373,30688
139.568,345,2372,30668
139.601,349,2369,30639
139.629,345,2368,30627
139.662,355,2368,30619
139.695,354,2365,30580
139.724,349,2362,30546
139.756,353,2358,30498
139.785,344,2356,30468
139.818,353,2345,30319
139.847,353,2338,30237
139.880,361,2333,30172
139.909,352,2327,30096
139.941,347,2322,30021
139.970,356,2318,29980
140.003,343,2315,29937
140.032,360,2314,29922
140.064,345,2313,29915
140.096,349,2316,29946
140.126,356,2324,30051
140.158,351,2320,30003
140.187,361,2317,29967
140.219,355,2316,29944
140.248,350,2318,29981
140.281,357,2324,30056
140.311,361,2322,30027
140.342,352,2317,29959
140.371,358,2316,29954
140.404,351,2319,29990
140.433,354,2320,30003
140.465,357,2318,29980
140.497,357,2316,29948
140.528,353,2313,29911
140.559,348,2308,29841
140.588,354,2308,29843
140.620,361,2311,29880
140.649,353,2313,29906
140.682,357,2313,29913
140.711,348,2314,29922
140.744,352,2317,29963
140.772,360,2314,29922
140.805,356,2310,29872
140.834,355,2305,29803
140.866,356,2298,29709
140.899,355,2294,29665
140.928,349,2303,29785
140.960,353,2314,29917
140.990,351,2317,29963
141.022,355,2314,29921
141.051,353,2311,29881
141.084,345,2313,29913
141.113,361,2314,29925
141.145,355,2321,30009
141.174,356,2328,30100
141.207,348,2333,30166
141.235,356,2338,30233
141.268,358,2338,30234
141.300,347,2334,30187
141.330,362,2332,30159
141.362,353,2330,30126
141.391,354,2329,30114
141.423,359,2326,30081
141.452,358,2320,30002
141.485,365,2313,29913
141.514,363,2314,29917
141.546,362,2312,29903
141.576,353,2304,29793
141.608,358,2297,29697
141.637,355,2299,29733
141.669,361,2301,29755
141.701,360,2302,29773
141.730,355,2302,29769
141.763,362,2304,29792
141.792,358,2306,29822
141.824,359,2303,29775
141.853,363,2303,29776
141.886,361,2307,29833
141.915,359,2304,29788
141.948,353,2300,29739
141.977,371,2299,29724
142.010,358,2302,29764
142.038,365,2297,29706
142.071,355,2295,29673
142.100,371,2293,29648
142.132,350,2289,29602
142.165,353,2284,29536
142.194,365,2276,29430
142.226,356,2255,29158
142.255,358,2241,28978
142.288,368,2237,28927
142.317,362,2245,29037
142.349,355,2254,29146
142.378,361,2258,29197
142.411,353,2256,29175
142.440,366,2254,29146
142.472,353,2254,29147
142.501,351,2256,29167
142.534,360,2263,29261
142.566,360,2270,29358
142.595,358,2277,29445
142.627,364,2280,29488
142.656,361,2288,29591
142.689,357,2293,29652
142.718,366,2294,29668
142.751,364,2298,29714
142.779,349,2300,29740
142.812,363,2302,29773
142.841,358,2304,29794
142.874,361,2305,29800
142.903,364,2304,29798
142.935,353,2312,29897
142.967,356,2315,29939
142.996,358,2320,30003
143.029,359,2325,30070
143.058,360,2330,30128
143.090,364,2338,30234
143.120,364,2344,30305
143.152,355,2356,30471
143.181,357,2364,30563
143.213,350,2371,30657
143.243,351,2374,30700
143.275,358,2377,30735
143.304,353,2378,30747
143.337,354,2378,30749
143.369,355,2379,30766
143.398,354,2383,30814
143.430,350,2386,30854
143.460,356,2388,30886
143.492,356,2390,30899
143.521,355,2391,30918
143.554,350,2392,30927
143.582,350,2392,30933
143.615,353,2389,30891
143.644,350,2384,30833
143.676,350,2382,30808
143.705,349,2379,30760
143.738,362,2378,30750
143.770,352,2378,30744
143.799,361,2378,30745
143.831,353,2376,30730
143.861,357,2376,30719
143.893,351,2373,30684
143.922,345,2368,30623
143.954,351,2361,30526
143.983,350,2357,30482
144.016,346,2344,30313
144.045,353,2338,30229
144.077,357,2328,30101
144.106,347,2320,29997
144.139,353,2315,29932
144.172,356,2313,29913
144.201,357,2312,29890
144.233,349,2308,29847
144.263,348,2301,29754
144.295,360,2294,29663
144.324,355,2294,29663
144.356,369,2297,29698
144.385,347,2300,29747
144.418,349,2294,29667
144.446,360,2287,29580
144.479,361,2274,29405
144.508,363,2260,29218
144.541,351,2255,29156
144.569,350,2261,29233
144.602,360,2269,29345
144.634,354,2273,29395
144.663,357,2275,29419
144.696,349,2276,29434
144.725,356,2277,29447
144.758,346,2277,29451
144.786,358,2273,29392
144.819,348,2262,29255
144.848,354,2254,29150
144.881,359,2261,29231
144.910,352,2273,29397
144.942,356,2279,29467
144.974,355,2278,29461
145.004,347,2279,29466
145.036,360,2283,29517
145.066,353,2286,29566
145.097,364,2289,29595
145.126,358,2294,29670
145.159,357,2312,29900
145.188,361,2314,29920
145.220,351,2310,29870
145.249,348,2299,29723
145.282,361,2294,29661
145.311,355,2293,29658
145.344,359,2288,29590
145.372,355,2279,29470
145.404,370,2279,29468
145.437,357,2285,29551
145.466,358,2291,29625
145.499,362,2286,29559
145.528,371,2280,29486
145.560,355,2291,29631
145.589,365,2294,29665
145.622,358,2294,29658
145.651,363,2290,29617
145.684,363,2293,29657
145.712,354,2294,29660
145.745,356,2284,29538
145.773,356,2274,29408
145.807,366,2278,29454
145.839,355,2285,29543
145.868,352,2289,29594
145.900,361,2281,29493
145.930,354,2290,29610
145.962,357,2296,29696
145.991,353,2301,29751
146.023,356,2294,29659
146.052,354,2290,29609
146.085,363,2282,29508
146.114,358,2272,29384
146.146,358,2264,29278
146.178,357,2269,29339
146.207,351,2274,29408
146.240,344,2278,29463
146.269,358,2278,29460
146.301,358,2280,29477
146.330,365,2280,29483
146.363,360,2280,29478
146.393,357,2279,29474
146.425,356,2278,29463
146.453,360,2279,29465
146.486,360,2279,29466
146.515,348,2286,29562
146.548,361,2295,29680
146.580,360,2311,29882
146.609,358,2316,29943
146.641,356,2313,29914
146.670,356,2307,29832
146.703,365,2305,29803
146.732,347,2302,29761
146.764,360,2295,29671
146.794,357,2289,29602
146.826,358,2274,29404
146.855,358,2254,29148
146.888,354,2254,29142
146.916,348,2256,29169
146.949,353,2273,29396
146.981,354,2290,29616
147.010,348,2294,29662
147.043,356,2293,29647
147.072,361,2292,29644
147.104,364,2294,29660
147.133,355,2294,29664
147.166,355,2302,29766
147.195,349,2313,29906
147.228,353,2314,29920
147.257,363,2314,29921
147.289,350,2314,29920
147.318,361,2314,29928
147.350,362,2317,29964
147.383,355,2318,29969
147.412,361,2319,29987
147.444,353,2323,30041
147.474,344,2326,30078
147.506,363,2326,30082
147.535,352,2326,30081
147.567,361,2329,30116
147.596,362,2335,30188
147.629,349,2338,30228
147.658,358,2338,30235
147.691,353,2339,30252
147.719,350,2344,30308
147.752,353,2351,30398
147.784,357,2355,30447
147.813,349,2358,30492
147.846,359,2360,30517
147.875,347,2365,30586
147.907,347,2369,30628
147.936,356,2372,30671
147.969,355,2375,30712
147.998,351,2378,30748
148.030,352,2378,30752
148.060,352,2379,30765
148.092,349,2383,30810
148.121,348,2386,30850
148.154,347,2392,30926
148.182,347,2393,30942
148.215,347,2397,30992
148.247,344,2399,31016
148.277,345,2400,31035
148.309,348,2402,31061
148.338,353,2404,31091
148.370,348,2406,31107
148.399,339,2404,31091
148.431,348,2402,31061
148.460,340,2400,31034
148.493,347,2399,31027
148.521,348,2401,31044
148.554,346,2404,31090
148.583,355,2407,31125
148.616,343,2408,31137
148.648,343,2408,31143
148.678,353,2409,31156
148.710,344,2410,31166
148.739,351,2410,31166
148.771,351,2409,31155
148.800,344,2409,31146
148.833,345,2408,31139
148.862,349,2407,31126
148.894,346,2408,31139
148.924,346,2408,31144
148.956,348,2409,31150
148.985,347,2411,31171
149.018,347,2412,31186
149.050,346,2412,31196
149.079,340,2413,31196
149.111,346,2413,31198
149.141,350,2412,31192
149.174,345,2412,31190
149.202,344,2411,31173
149.234,342,2409,31152
149.263,351,2409,31149
149.295,347,2408,31142
149.324,346,2408,31139
149.357,351,2408,31143
149.386,351,2409,31155
149.419,346,2412,31186
149.448,346,2412,31192
149.480,338,2412,31196
149.512,347,2413,31200
149.541,341,2413,31199
149.574,342,2413,31200
149.603,358,2413,31200
149.636,334,2413,31209
149.665,348,2414,31221
149.697,335,2416,31236
149.727,347,2417,31248
149.759,340,2418,31262
149.787,340,2418,31271
149.821,348,2419,31281
149.849,338,2421,31304
149.882,343,2421,31300
149.911,343,2419,31283
149.944,340,2418,31266
149.976,339,2418,31265
150.005,344,2417,31254
150.037,341,2417,31254
150.066,350,2417,31253
150.099,336,2417,31254
150.128,341,2418,31272
150.160,354,2420,31293
150.189,350,2422,31313
150.222,343,2422,31317
150.250,341,2423,31326
150.283,345,2422,31319
150.312,340,2421,31312
150.345,337,2421,31309
150.377,342,2420,31292
150.406,343,2418,31266
150.439,340,2416,31239
150.467,345,2414,31213
150.500,332,2413,31198
150.529,338,2413,31197
150.561,342,2413,31201
150.590,345,2413,31198
150.623,349,2413,31199
150.651,333,2413,31200
150.684,342,2413,31197
150.713,333,2412,31196
150.746,336,2412,31189
150.774,343,2409,31154
150.807,342,2408,31139
150.839,348,2407,31128
150.869,340,2407,31127
150.901,335,2405,31094
150.930,339,2403,31076
150.963,335,2404,31085
150.992,342,2402,31064
151.024,346,2400,31035
151.053,340,2399,31023
151.086,332,2399,31022
151.114,339,2402,31056
151.147,347,2404,31085
151.176,343,2404,31090
151.209,337,2405,31097
151.241,345,2406,31117
151.270,346,2407,31131
151.303,351,2409,31146
151.332,351,2412,31190
151.364,342,2413,31197
151.394,348,2413,31209
151.426,345,2415,31223
151.454,347,2417,31253
151.487,345,2419,31275
151.516,362,2421,31309
151.549,357,2423,31326
151.577,349,2425,31358
151.610,353,2429,31405
151.642,352,2428,31401
151.671,351,2427,31390
151.704,345,2428,31400
151.733,353,2428,31398
151.766,358,2429,31412
151.795,351,2431,31430
151.827,350,2432,31454
151.857,355,2433,31455
151.889,351,2434,31470
151.917,340,2433,31463
151.950,354,2434,31473
151.979,359,2435,31487
152.013,352,2437,31511
152.041,359,2437,31517
152.073,353,2437,31515
152.105,353,2437,31514
152.134,352,2437,31511
152.167,350,2437,31511
152.196,359,2437,31516
152.229,355,2438,31520
152.258,350,2438,31524
152.291,359,2438,31524
152.319,360,2438,31527
152.351,352,2438,31523
152.380,360,2438,31521
152.413,363,2437,31515
152.441,356,2438,31526
152.474,359,2439,31536
152.506,353,2440,31548
152.535,358,2441,31570
152.568,356,2443,31596
152.597,366,2444,31601
152.629,355,2445,31611
152.658,360,2445,31620
152.691,357,2446,31630
152.720,357,2448,31649
152.752,348,2449,31669
152.781,353,2451,31697
152.814,356,2454,31730
152.843,354,2455,31748
152.875,356,2455,31748
152.904,359,2455,31743
152.937,369,2454,31729
152.969,356,2454,31735
152.998,357,2455,31747
153.031,354,2456,31759
153.060,361,2456,31765
153.092,358,2457,31774
153.121,356,2457,31774
153.154,358,2457,31776
153.183,354,2458,31780
153.215,349,2457,31775
153.244,349,2457,31776
153.277,349,2457,31775
153.305,352,2458,31778
153.338,356,2457,31775
153.371,356,2457,31772
153.400,357,2457,31777
153.432,360,2457,31772
153.461,361,2457,31771
153.494,354,2457,31768
153.523,362,2457,31769
153.555,348,2457,31770
153.584,354,2457,31771
153.617,361,2457,31769
153.645,357,2457,31774
153.678,350,2457,31769
153.707,349,2457,31769
153.740,358,2457,31766
153.768,356,2457,31766
153.801,348,2457,31772
153.834,354,2457,31772
153.862,359,2457,31766
153.895,352,2456,31761
153.924,357,2456,31756
153.957,356,2457,31766
153.985,355,2456,31765
154.018,350,2457,31767
154.047,360,2457,31767
154.080,347,2456,31765
154.108,351,2456,31763
154.141,366,2457,31769
154.170,358,2456,31765
154.202,356,2456,31765
154.235,355,2457,31766
154.264,355,2456,31764
154.296,355,2457,31766
154.325,358,2456,31764
154.358,358,2456,31758
154.387,352,2456,31763
154.419,352,2456,31765
154.448,355,2456,31761
154.481,364,2456,31757
154.510,348,2456,31763
154.542,350,2456,31758
154.571,347,2456,31761
154.604,356,2456,31756
154.633,354,2456,31758
154.665,358,2456,31754
154.698,364,2455,31743
154.727,358,2455,31743
154.759,349,2455,31743
154.788,355,2454,31731
154.821,360,2454,31731
154.850,351,2453,31722
154.882,350,2453,31720
154.911,353,2453,31725
154.944,360,2453,31716
154.972,360,2453,31717
155.005,358,2453,31715
155.034,364,2453,31719
155.066,356,2453,31714
155.099,356,2452,31706
155.128,362,2453,31714
155.161,355,2452,31705
155.190,368,2452,31710
155.222,358,2452,31703
155.251,359,2452,31703
155.284,350,2452,31711
155.313,349,2452,31709
155.346,359,2452,31711
155.374,355,2452,31711
155.407,357,2453,31718
155.435,351,2453,31717
155.468,351,2453,31720
155.501,352,2453,31726
155.530,361,2453,31726
155.562,351,2454,31732
155.591,352,2454,31736
155.624,358,2455,31748
155.653,348,2455,31740
155.685,352,2455,31744
155.714,352,2455,31742
155.747,362,2455,31740
155.776,358,2455,31740
155.809,350,2453,31726
155.837,350,2454,31727
155.870,350,2453,31714
155.898,351,2452,31703
155.931,359,2452,31705
155.964,351,2452,31707
155.993,358,2452,31711
156.025,352,2452,31705
156.055,349,2452,31705
156.087,352,2452,31703
156.116,355,2451,31699
156.148,368,2451,31697
156.178,356,2452,31701
156.210,356,2451,31696
156.239,363,2451,31700
156.272,350,2451,31697
156.300,353,2451,31691
156.333,363,2451,31699
156.362,354,2452,31702
156.394,353,2451,31699
156.426,351,2452,31710
156.456,358,2452,31709
156.488,356,2452,31711
156.517,359,2452,31712
156.549,359,2452,31713
156.578,348,2452,31707
156.611,360,2452,31710
156.640,357,2452,31702
156.673,361,2452,31704
156.702,351,2451,31699
156.734,358,2452,31707
156.763,349,2452,31705
156.796,350,2452,31704
156.828,352,2452,31711
156.857,355,2452,31712
156.889,347,2452,31711
156.919,357,2453,31718
156.951,353,2453,31716
156.980,358,2453,31714
157.012,353,2453,31717
157.041,357,2452,31709
157.074,357,2452,31711
157.103,354,2452,31711
157.136,349,2452,31712
157.164,350,2453,31719
157.197,350,2453,31719
157.226,354,2452,31711
157.259,360,2452,31709
157.291,351,2453,31721
157.320,351,2454,31727
157.352,361,2454,31727
157.381,350,2454,31738
157.413,349,2453,31725
157.442,353,2453,31722
157.475,353,2453,31715
157.504,358,2453,31723
157.537,356,2453,31715
157.566,355,2453,31717
157.598,350,2452,31710
157.627,342,2452,31709
157.660,351,2452,31701
157.692,348,2452,31704
157.721,347,2451,31700
157.754,354,2451,31691
157.783,363,2450,31687
157.815,362,2451,31694
157.844,359,2451,31691
157.877,352,2451,31693
157.906,359,2451,31692
157.938,346,2450,31687
157.967,352,2451,31693
158.000,351,2452,31701
158.028,362,2451,31697
158.061,358,2452,31703
158.090,351,2452,31701
158.123,350,2452,31708
158.155,354,2452,31701
158.184,355,2452,31708
158.217,359,2451,31698
158.245,360,2452,31711
158.278,353,2452,31705
158.307,351,2452,31702
158.340,361,2452,31701
158.369,358,2451,31700
158.401,353,2451,31700
158.430,364,2452,31710
158.463,365,2452,31701
158.491,356,2451,31699
158.524,349,2451,31692
158.556,355,2451,31694
158.585,356,2450,31684
158.618,351,2451,31695
158.647,354,2452,31701
158.679,355,2451,31694
158.709,359,2451,31696
158.741,358,2451,31699
158.769,352,2452,31704
158.802,355,2452,31702
158.831,353,2452,31709
158.864,361,2452,31710
158.893,360,2452,31704
158.926,355,2451,31696
158.955,353,2451,31694
158.987,357,2452,31702
159.019,361,2452,31701
159.048,351,2452,31703
159.081,357,2452,31701
159.110,352,2451,31697
159.142,351,2451,31695
159.172,362,2451,31697
159.204,351,2451,31700
159.233,349,2451,31692
159.266,360,2450,31676
159.294,356,2449,31670
159.327,355,2449,31666
159.356,356,2449,31668
159.389,351,2448,31661
159.420,359,2448,31654
159.450,351,2447,31645
159.482,359,2446,31626
159.511,357,2443,31587
159.543,351,2440,31553
159.572,360,2438,31526
159.605,364,2438,31523
159.634,360,2437,31515
159.666,358,2435,31481
159.695,365,2432,31450
159.728,357,2431,31433
159.757,355,2430,31425
159.790,359,2429,31406
159.819,358,2426,31369
159.852,367,2424,31340
159.884,363,2423,31333
159.913,364,2422,31325
159.945,357,2419,31285
159.974,366,2414,31210
160.007,367,2413,31198
160.036,367,2409,31147
160.068,362,2405,31101
160.097,364,2400,31030
160.130,359,2398,31007
160.158,368,2398,31005
160.191,364,2397,31000
160.220,369,2395,30975
160.252,370,2393,30948
160.285,374,2393,30939
160.314,365,2392,30927
160.346,368,2387,30872
160.375,369,2384,30824
160.408,356,2383,30813
160.437,365,2378,30747
160.470,371,2377,30740
160.498,364,2373,30691
160.531,374,2370,30648
160.560,365,2368,30625
160.592,367,2368,30619
160.621,370,2368,30615
160.654,369,2360,30523
160.686,373,2358,30494
160.715,369,2356,30460
160.748,369,2352,30417
160.777,365,2345,30328
160.810,363,2342,30279
160.838,374,2339,30240
160.871,376,2338,30235
160.900,368,2335,30200
160.933,374,2333,30170
160.962,365,2332,30154
160.995,368,2329,30122
161.023,374,2328,30099
161.055,366,2323,30039
161.084,366,2318,29968
161.117,369,2314,29928
161.149,371,2313,29905
161.178,371,2310,29870
161.211,370,2309,29855
161.240,369,2304,29789
161.273,368,2298,29722
161.301,366,2294,29668
161.334,368,2294,29659
161.363,371,2290,29612
161.395,367,2287,29578
161.424,371,2281,29492
161.457,371,2280,29478
161.486,364,2279,29465
161.519,381,2268,29322
161.550,376,2255,29156
161.580,373,2252,29126
161.612,379,2252,29118
161.641,372,2253,29137
161.674,372,2249,29084
161.702,383,2241,28982
161.735,366,2236,28909
161.764,376,2235,28899
161.796,373,2235,28900
161.825,376,2238,28939
161.858,367,2248,29068
161.886,373,2252,29121
161.919,374,2254,29144
161.952,377,2254,29148
161.981,371,2254,29149
162.013,373,2254,29151
162.043,367,2257,29187
162.075,369,2264,29276
162.104,374,2263,29268
162.137,373,2262,29256
162.165,362,2266,29304
162.198,375,2274,29400
162.227,379,2279,29466
162.260,377,2278,29458
162.288,383,2269,29346
162.321,371,2255,29160
162.353,371,2259,29214
162.382,379,2269,29344
162.415,378,2274,29409
162.444,373,2261,29240
162.477,372,2254,29148
162.505,372,2253,29139
162.538,375,2252,29116
162.566,376,2238,28943
162.599,372,2239,28947
162.628,378,2247,29062
162.661,361,2254,29142
162.690,373,2249,29087
162.723,374,2239,28953
162.751,375,2236,28917
162.784,376,2252,29120
162.816,374,2257,29191
162.846,372,2263,29267
162.877,373,2271,29365
162.907,374,2278,29453
162.939,378,2279,29468
162.968,376,2279,29470
163.001,375,2282,29514
163.030,377,2292,29634
163.063,376,2293,29657
163.091,373,2285,29548
163.124,380,2278,29456
163.153,378,2273,29391
163.185,375,2275,29423
163.217,375,2270,29353
163.247,373,2257,29183
163.279,365,2254,29148
163.308,379,2254,29151
163.341,372,2256,29178
163.370,379,2260,29221
163.402,366,2261,29241
163.431,376,2274,29404
163.464,369,2287,29572
163.493,377,2288,29589
163.526,380,2281,29496
163.554,373,2280,29479
163.587,375,2285,29552
163.619,372,2290,29606
163.648,369,2293,29653
163.680,375,2293,29656
163.710,374,2293,29657
163.743,371,2294,29662
163.771,371,2295,29673
163.803,374,2296,29689
163.833,376,2299,29729
163.866,371,2300,29744
163.894,374,2301,29757
163.927,382,2303,29782
163.956,369,2311,29881
163.988,374,2313,29914
164.020,376,2312,29897
164.049,368,2311,29880
164.081,373,2314,29920
164.110,369,2320,30001
164.143,372,2327,30088
164.172,369,2330,30131
164.204,369,2334,30180
164.233,371,2338,30239
164.266,371,2344,30317
164.295,364,2354,30434
164.328,373,2357,30484
164.357,370,2358,30491
164.390,371,2354,30438
164.418,378,2350,30387
164.451,378,2348,30366
164.483,364,2351,30397
164.512,378,2353,30427
164.544,363,2355,30459
164.573,369,2356,30468
164.606,360,2358,30492
164.635,373,2358,30497
164.668,369,2358,30493
164.697,375,2357,30480
164.729,368,2354,30434
164.758,366,2345,30324
164.791,367,2341,30277
164.819,362,2338,30233
164.852,371,2331,30138
164.884,378,2327,30086
164.914,381,2324,30048
164.946,366,2318,29977
164.976,371,2322,30023
165.008,372,2333,30168
165.036,366,2338,30235
165.069,369,2339,30250
165.098,366,2338,30230
165.131,359,2326,30082
165.160,369,2315,29934
165.193,377,2313,29913
165.221,376,2304,29795
165.254,373,2296,29693
165.286,376,2294,29670
165.315,367,2294,29662
165.347,367,2294,29661
165.377,372,2294,29658
165.409,369,2300,29746
165.438,372,2307,29836
165.470,374,2313,29912
165.499,371,2314,29924
165.532,375,2314,29920
165.560,370,2313,29914
165.593,377,2313,29912
165.622,382,2315,29938
165.655,370,2322,30025
165.687,373,2332,30157
165.716,366,2339,30242
165.749,365,2344,30311
165.778,380,2344,30315
165.810,369,2343,30301
165.840,378,2343,30299
165.872,380,2344,30308
165.901,367,2339,30240
165.933,362,2334,30185
165.962,385,2323,30044
165.995,374,2317,29962
166.024,373,2313,29916
166.057,380,2312,29892
166.088,372,2314,29918
166.118,369,2314,29920
166.150,364,2312,29896
166.179,370,2298,29720
166.212,374,2294,29664
166.241,372,2298,29714
166.273,377,2303,29786
166.302,373,2298,29718
166.334,375,2289,29600
166.363,374,2289,29603
166.396,371,2294,29660
166.425,377,2296,29687
166.457,371,2299,29735
166.490,372,2303,29778
166.519,378,2294,29665
166.551,379,2288,29593
166.581,370,2279,29469
166.613,378,2275,29416
166.642,375,2273,29398
166.675,378,2275,29413
166.704,372,2272,29386
166.736,374,2265,29285
166.765,378,2264,29281
166.798,376,2270,29349
166.826,381,2278,29463
166.860,369,2288,29585
166.891,384,2291,29627
166.921,379,2293,29658
166.953,383,2294,29670
166.982,374,2302,29770
167.014,366,2309,29857
167.044,371,2312,29891
167.076,365,2312,29894
167.106,364,2313,29909
167.138,375,2314,29917
167.166,383,2315,29933
167.199,374,2319,29993
167.228,373,2328,30099
167.261,369,2331,30138
167.290,380,2335,30196
167.322,365,2338,30238
167.354,369,2342,30290
167.384,371,2353,30427
167.416,368,2363,30554
167.445,374,2371,30658
167.478,367,2373,30686
167.506,364,2372,30669
167.540,363,2372,30668
167.568,368,2374,30694
167.600,372,2378,30745
167.629,361,2379,30766
167.662,371,2383,30816
167.691,362,2385,30840
167.724,370,2390,30902
167.752,363,2393,30940
167.785,359,2395,30971
167.817,362,2398,31009
167.846,366,2399,31025
167.879,360,2399,31021
167.908,352,2397,30992
167.940,364,2395,30965
167.969,368,2395,30973
168.002,374,2398,31014
168.031,373,2401,31042
168.063,362,2405,31099
168.092,363,2407,31128
168.125,371,2410,31162
168.154,369,2412,31195
168.187,361,2413,31196
168.219,363,2412,31196
168.248,363,2413,31197
168.280,360,2413,31197
168.309,358,2413,31199
168.342,371,2413,31197
168.371,355,2413,31199
168.403,364,2413,31196
168.431,361,2413,31202
168.464,361,2413,31205
168.493,367,2413,31205
168.526,360,2415,31232
168.555,356,2416,31248
168.587,376,2418,31261
168.620,371,2418,31269
168.649,363,2419,31285
168.681,363,2421,31307
168.710,360,2421,31304
168.743,379,2421,31312
168.772,362,2419,31281
168.804,363,2419,31283
168.833,368,2421,31307
168.866,359,2423,31334
168.894,362,2425,31360
168.927,355,2429,31415
168.956,357,2430,31417
168.989,358,2427,31382
169.017,363,2423,31332
169.050,354,2421,31309
169.083,361,2418,31273
169.112,362,2416,31245
169.144,370,2413,31206
169.173,374,2413,31200
169.206,368,2413,31197
169.234,368,2412,31189
169.267,366,2411,31182
169.296,363,2412,31192
169.329,367,2412,31192
169.357,374,2413,31200
169.390,362,2415,31229
169.419,358,2422,31317
169.452,368,2429,31404
169.484,365,2436,31504
169.513,373,2438,31533
169.545,364,2444,31610
169.574,368,2447,31645
169.607,362,2451,31695
169.636,365,2453,31718
169.668,363,2453,31726
169.697,359,2454,31733
169.730,365,2454,31732
169.759,363,2454,31734
169.792,359,2455,31742
169.820,363,2454,31735
169.853,359,2455,31742
169.882,352,2454,31739
169.914,359,2453,31725
169.947,362,2453,31726
169.976,352,2454,31733
170.008,361,2454,31733
170.037,359,2455,31744
170.070,359,2456,31759
170.099,360,2456,31755
170.131,353,2456,31763
170.160,354,2456,31765
170.193,351,2456,31765
170.221,355,2457,31769
170.254,350,2457,31770
170.283,354,2457,31773
170.316,356,2457,31776
170.348,356,2457,31778
170.377,359,2457,31778
170.410,358,2458,31783
170.439,354,2458,31780
170.471,361,2458,31780
170.500,352,2457,31772
170.533,352,2457,31778
170.562,355,2457,31775
170.594,349,2457,31766
170.623,359,2457,31774
170.656,358,2457,31772
170.684,353,2458,31779
170.717,359,2458,31781
170.746,355,2458,31789
170.778,349,2460,31810
170.811,353,2461,31821
170.840,353,2460,31816
170.872,351,2462,31831
170.901,351,2462,31835
170.934,355,2462,31837
170.963,358,2462,31838
170.995,357,2462,31836
171.024,349,2462,31841
171.057,358,2462,31833
171.086,348,2461,31830
171.119,358,2462,31832
171.147,357,2461,31827
171.180,358,2460,31813
171.212,349,2460,31809
171.242,355,2460,31806
171.274,352,2460,31809
171.303,353,2460,31809
171.336,355,2460,31817
171.365,351,2461,31820
171.397,358,2461,31828
171.427,360,2462,31836
171.459,356,2462,31836
171.488,354,2462,31832
171.521,363,2462,31833
171.549,359,2462,31839
171.582,356,2461,31828
171.610,359,2462,31834
171.643,362,2462,31836
171.676,354,2462,31843
171.705,359,2463,31843
171.737,354,2463,31847
171.766,356,2464,31856
171.799,349,2463,31850
171.827,351,2463,31843
171.860,354,2462,31838
171.889,355,2461,31830
171.922,357,2461,31822
171.950,357,2460,31809
171.983,358,2459,31793
172.012,362,2458,31780
172.045,359,2458,31779
172.077,361,2457,31772
172.106,363,2457,31771
172.138,352,2457,31766
172.168,357,2455,31747
172.200,357,2453,31720
172.229,355,2452,31704
172.262,358,2450,31681
172.290,363,2448,31660
172.323,355,2447,31647
172.352,365,2447,31642
172.385,364,2447,31637
172.413,359,2446,31628
172.446,362,2444,31605
172.475,356,2443,31584
172.507,364,2441,31559
172.540,358,2438,31532
172.569,359,2438,31522
172.601,361,2437,31516
172.630,359,2437,31512
172.663,364,2437,31516
172.692,362,2437,31509
172.725,358,2437,31509
172.753,363,2435,31486
172.786,370,2433,31466
172.815,358,2433,31464
172.847,359,2433,31462
172.877,367,2433,31460
172.909,360,2432,31449
172.937,363,2431,31431
172.970,373,2428,31395
173.002,367,2425,31360
173.031,358,2424,31340
173.064,366,2423,31330
173.093,370,2423,31326
173.125,363,2422,31323
173.154,370,2421,31308
173.187,370,2420,31294
173.216,373,2418,31263
173.249,372,2414,31214
173.278,372,2413,31201
173.310,370,2413,31197
173.339,361,2413,31199
173.372,364,2413,31198
173.404,362,2412,31195
173.433,367,2412,31193
173.465,374,2412,31192
173.495,368,2411,31180
173.527,366,2410,31164
173.556,371,2407,31129
173.588,363,2402,31057
173.617,374,2396,30979
173.650,369,2393,30940
173.679,364,2389,30891
173.712,368,2385,30844
173.741,371,2384,30833
173.773,366,2384,30826
173.806,371,2383,30815
173.835,376,2382,30796
173.867,372,2379,30758
173.896,372,2378,30746
173.928,365,2375,30713
173.957,376,2372,30679
173.990,381,2368,30622
174.019,367,2365,30579
174.052,371,2359,30510
174.080,369,2358,30491
174.113,371,2354,30437
174.142,381,2348,30360
174.175,373,2343,30298
174.203,373,2340,30257
174.236,371,2339,30246
174.268,365,2338,30238
174.297,372,2338,30234
174.330,359,2337,30217
174.359,373,2334,30179
174.392,376,2329,30120
174.420,375,2328,30103
174.453,375,2329,30111
174.482,377,2329,30120
174.514,368,2334,30184
174.544,369,2337,30220
174.576,379,2336,30212
174.604,373,2337,30220
174.637,374,2337,30222
174.670,371,2337,30219
174.699,380,2333,30163
174.731,383,2330,30127
174.761,372,2329,30117
174.793,376,2328,30108
174.822,382,2327,30097
174.855,376,2323,30044
174.883,376,2321,30012
174.916,368,2321,30016
174.945,369,2318,29980
174.977,377,2316,29954
175.006,369,2316,29954
175.039,372,2317,29955
175.071,369,2314,29927
175.100,383,2314,29916
175.132,372,2313,29915
175.161,369,2313,29916
175.194,379,2313,29908
175.223,376,2311,29883
175.255,383,2310,29869
175.284,378,2305,29803
175.317,382,2299,29733
175.346,368,2295,29677
175.378,377,2294,29666
175.407,379,2293,29649
175.440,377,2288,29586
175.468,378,2289,29597
175.501,373,2294,29658
175.534,374,2294,29658
175.563,373,2293,29656
175.595,379,2293,29653
175.625,378,2293,29657
175.657,372,2294,29659
175.686,374,2292,29632
175.719,369,2284,29541
175.747,374,2281,29494
175.780,372,2280,29487
175.809,379,2278,29464
175.842,370,2273,29391
175.871,375,2272,29385
175.903,373,2278,29461
175.935,379,2279,29472
175.964,371,2279,29466
175.997,383,2278,29460
176.026,389,2278,29463
176.059,378,2280,29483
176.088,373,2282,29505
176.120,376,2280,29485
176.149,380,2281,29502
176.181,383,2288,29583
176.211,372,2287,29577
176.243,370,2287,29571
176.272,372,2288,29589
176.305,383,2294,29658
176.337,382,2296,29685
176.366,378,2294,29662
176.398,375,2286,29562
176.428,375,2281,29498
176.460,390,2283,29522
176.489,384,2289,29594
176.521,371,2290,29609
176.550,372,2293,29654
176.583,375,2293,29656
176.611,373,2294,29660
176.644,381,2294,29661
176.674,381,2290,29616
176.706,378,2287,29575
176.738,378,2293,29646
176.767,373,2297,29697
176.800,382,2300,29741
176.828,376,2304,29799
176.861,372,2310,29874
176.891,372,2313,29905
176.923,369,2307,29835
176.952,379,2303,29782
176.985,373,2296,29687
177.013,373,2294,29665
177.046,379,2293,29658
177.075,376,2285,29551
177.107,371,2279,29476
177.136,374,2280,29479
177.169,381,2287,29575
177.201,375,2293,29646
177.230,386,2296,29686
177.262,392,2297,29697
177.291,382,2296,29690
177.324,380,2294,29667
177.353,377,2294,29663
177.385,382,2294,29670
177.414,380,2294,29670
177.447,372,2304,29790
177.475,381,2310,29866
177.508,378,2310,29864
177.541,385,2303,29776
177.570,373,2294,29669
177.602,383,2294,29664
177.631,371,2296,29689
177.663,383,2305,29808
177.693,378,2313,29915
177.725,376,2319,29984
177.754,373,2326,30079
177.787,377,2334,30186
177.815,380,2339,30243
177.848,373,2344,30309
177.877,379,2354,30444
177.910,372,2358,30498
177.939,376,2366,30601
177.971,364,2370,30651
178.003,370,2375,30708
178.033,373,2377,30742
178.065,372,2378,30753
178.094,378,2382,30801
178.127,367,2385,30847
178.156,376,2392,30935
178.189,369,2394,30951
178.218,364,2397,30994
178.250,372,2402,31065
178.279,370,2408,31136
178.312,369,2412,31193
178.340,367,2413,31198
178.373,374,2413,31203
178.402,369,2415,31229
178.434,373,2419,31278
178.466,369,2423,31330
178.496,367,2426,31377
178.528,366,2432,31443
178.557,373,2433,31456
178.590,363,2433,31461
178.619,371,2433,31459
178.651,366,2433,31462
178.680,368,2434,31475
178.713,369,2436,31501
178.742,365,2437,31513
178.774,363,2437,31518
178.803,369,2438,31528
178.835,365,2440,31547
178.868,360,2442,31576
178.897,371,2444,31598
178.930,360,2445,31621
178.959,358,2447,31637
178.991,366,2447,31642
179.020,359,2447,31647
179.053,361,2447,31649
179.082,364,2448,31654
179.114,370,2448,31661
179.143,369,2449,31672
179.176,368,2450,31685
179.204,358,2452,31702
179.237,355,2452,31707
179.269,370,2451,31700
179.298,368,2453,31714
179.331,364,2453,31716
179.360,363,2453,31716
179.393,366,2454,31736
179.421,358,2456,31755
179.454,356,2456,31762
179.483,360,2456,31765
179.515,354,2457,31773
179.544,363,2457,31776
179.577,357,2458,31780
179.606,356,2458,31781
179.639,360,2458,31788
179.667,360,2459,31801
179.700,359,2460,31813
179.732,360,2461,31824
179.761,366,2462,31831
179.793,355,2462,31832
179.822,355,2462,31838
179.855,353,2462,31838
179.884,359,2462,31843
179.917,357,2463,31844
179.946,355,2463,31855
179.979,364,2464,31859
180.007,355,2465,31874
180.040,351,2466,31885
180.068,352,2467,31902
180.101,361,2468,31910
180.133,359,2468,31917
180.163,357,2468,31916
180.195,356,2469,31927
180.224,356,2469,31932
180.257,353,2470,31937
180.286,363,2469,31932
180.318,358,2471,31947
180.347,360,2470,31944
180.380,352,2471,31951
180.409,352,2471,31950
180.441,358,2471,31954
180.470,352,2471,31950
180.503,355,2471,31951
180.535,356,2471,31952
180.564,363,2471,31948
180.596,351,2471,31955
180.625,357,2471,31955
180.658,352,2470,31946
180.687,361,2471,31952
180.720,354,2471,31959
180.748,354,2471,31955
180.781,355,2471,31955
180.810,357,2471,31950
180.843,353,2471,31954
180.871,351,2471,31952
180.904,353,2471,31947
180.933,357,2470,31936
180.965,356,2470,31946
180.998,358,2470,31942
181.027,363,2469,31932
181.059,358,2468,31909
181.088,358,2466,31889
181.121,359,2463,31851
181.150,365,2462,31842
181.182,372,2460,31810
181.212,359,2458,31779
181.244,358,2457,31770
181.272,354,2454,31732
181.305,363,2451,31696
181.334,362,2448,31661
181.366,369,2447,31644
181.396,361,2444,31602
181.429,367,2442,31572
181.461,359,2438,31531
181.490,360,2437,31517
181.522,359,2436,31507
181.551,366,2432,31453
181.583,365,2426,31373
181.612,374,2422,31315
181.645,375,2416,31236
181.674,371,2413,31202
181.707,368,2412,31195
181.736,375,2412,31189
181.768,371,2412,31187
181.797,375,2410,31167
181.830,371,2408,31140
181.862,374,2407,31119
181.892,377,2401,31054
181.924,368,2398,31003
181.952,371,2393,30945
181.985,370,2391,30922
182.014,376,2385,30839
182.046,376,2380,30777
182.075,363,2378,30750
182.108,371,2377,30743
182.137,371,2374,30700
182.170,377,2373,30691
182.199,373,2372,30668
182.231,374,2368,30620
182.263,374,2362,30543
182.293,370,2359,30499
182.325,372,2357,30476
182.355,380,2349,30374
182.387,374,2342,30285
182.416,378,2339,30247
182.448,381,2338,30239
182.477,374,2338,30234
182.510,373,2337,30215
182.539,371,2333,30167
182.571,372,2328,30099
182.600,362,2317,29968
182.632,381,2311,29878
182.661,376,2298,29712
182.695,378,2291,29623
182.726,380,2281,29492
182.755,384,2279,29469
182.788,376,2278,29451
182.817,372,2276,29427
182.850,380,2273,29398
182.878,374,2273,29391
182.911,368,2275,29417
182.940,388,2273,29394
182.972,373,2264,29279
183.002,374,2259,29210
183.034,376,2254,29144
183.063,373,2250,29089
183.096,374,2247,29052
183.128,378,2247,29056
183.157,381,2248,29073
183.189,380,2248,29072
183.219,373,2243,29005
183.251,378,2235,28906
183.280,378,2234,28890
183.312,376,2231,28852
183.341,377,2227,28794
183.374,380,2220,28707
183.403,378,2219,28694
183.436,372,2217,28671
183.464,381,2214,28626
183.497,383,2210,28574
183.529,377,2208,28552
183.558,367,2209,28561
183.590,382,2213,28622
183.619,378,2210,28575
183.652,383,2200,28447
183.681,379,2194,28374
183.713,376,2191,28335
183.742,378,2199,28433
183.775,382,2205,28514
183.804,372,2210,28577
183.837,381,2211,28586
183.865,373,2210,28580
183.898,378,2208,28558
183.931,381,2205,28508
183.960,376,2200,28449
183.992,384,2200,28446
184.022,376,2200,28445
184.054,387,2199,28440
184.083,379,2200,28447
184.115,380,2201,28457
184.144,377,2207,28535
184.176,374,2213,28614
184.205,375,2219,28699
184.238,378,2220,28710
184.266,378,2219,28699
184.299,389,2218,28684
184.332,386,2219,28699
184.361,379,2221,28721
184.393,380,2225,28767
184.422,383,2220,28711
184.455,384,2209,28571
184.483,379,2200,28450
184.516,376,2207,28534
184.545,374,2215,28642
184.578,376,2213,28611
184.606,382,2201,28459
184.639,379,2186,28266
184.668,380,2180,28188
184.701,380,2180,28185
184.729,374,2172,28087
184.762,379,2161,27949
184.794,382,2178,28162
184.823,386,2176,28144
184.856,376,2174,28108
184.885,383,2179,28178
184.917,383,2192,28349
184.946,379,2202,28479
184.979,374,2199,28440
185.008,383,2192,28343
185.040,372,2183,28234
185.069,375,2181,28208
185.102,387,2177,28151
185.131,378,2161,27950
185.163,386,2162,27961
185.196,383,2172,28084
185.225,374,2179,28175
185.257,379,2186,28264
185.286,374,2205,28511
185.319,378,2219,28699
185.348,380,2220,28708
185.380,371,2219,28699
185.409,387,2219,28698
185.442,381,2224,28756
185.471,378,2222,28735
185.503,373,2219,28700
185.532,387,2218,28686
185.565,374,2220,28704
185.597,376,2219,28695
185.626,369,2212,28597
185.659,375,2213,28622
185.688,378,2220,28707
185.720,378,2224,28753
185.749,375,2223,28743
185.782,381,2222,28732
185.810,371,2224,28755
185.843,380,2232,28860
185.872,381,2246,29047
185.905,373,2258,29198
185.933,380,2279,29467
185.966,373,2294,29660
185.999,373,2313,29915
186.028,370,2330,30123
186.060,376,2339,30252
186.089,374,2353,30431
186.122,373,2359,30499
186.150,375,2366,30600
186.183,368,2370,30644
186.212,373,2374,30703
186.245,367,2377,30737
186.273,372,2378,30748
186.306,369,2380,30780
186.335,370,2384,30831
186.368,370,2389,30897
186.400,365,2393,30938
186.429,366,2393,30940
186.461,376,2393,30941
186.490,377,2392,30938
186.523,365,2392,30935
186.552,369,2388,30881
186.584,373,2382,30796
186.613,371,2377,30736
186.646,371,2367,30605
186.675,373,2357,30484
186.708,376,2347,30347
186.736,380,2345,30321
186.769,373,2352,30415
186.798,373,2354,30443
186.830,368,2354,30434
186.863,372,2346,30333
186.892,368,2339,30244
186.924,374,2333,30169
186.953,382,2322,30023
186.986,368,2313,29912
187.015,374,2303,29782
187.047,373,2294,29665
187.076,373,2293,29649
187.109,381,2286,29560
187.138,381,2279,29476
187.170,376,2279,29472
187.199,381,2279,29471
187.232,377,2279,29468
187.264,372,2279,29472
187.294,380,2279,29464
187.326,377,2274,29403
187.355,378,2264,29282
187.388,380,2262,29248
187.417,379,2264,29282
187.449,385,2274,29404
187.478,381,2276,29427
187.511,368,2275,29417
187.539,379,2272,29379
187.572,370,2266,29297
187.601,374,2265,29290
187.634,379,2257,29188
187.666,373,2252,29115
187.695,376,2240,28966
187.727,378,2238,28940
187.757,373,2232,28866
187.789,370,2224,28756
187.818,385,2220,28708
187.851,372,2222,28727
187.879,376,2231,28854
187.912,382,2234,28886
187.941,379,2229,28823
187.973,390,2225,28768
188.002,391,2220,28706
188.035,380,2218,28677
188.063,372,2216,28649
188.096,373,2216,28661
188.129,374,2218,28676
188.159,371,2220,28704
188.191,376,2224,28763
188.219,373,2224,28760
188.252,373,2219,28695
188.281,378,2210,28573
188.313,378,2201,28466
188.342,381,2197,28416
188.376,375,2187,28280
188.404,384,2184,28238
188.436,381,2184,28247
188.465,385,2185,28256
188.498,375,2185,28250
188.530,373,2192,28344
188.559,375,2200,28447
188.592,369,2208,28548
188.620,383,2208,28557
188.653,375,2197,28407
188.682,380,2184,28242
188.714,369,2180,28189
188.743,383,2180,28188
188.776,373,2180,28187
188.805,379,2185,28257
188.838,380,2201,28465
188.866,387,2223,28751
188.899,385,2234,28893
188.931,377,2235,28897
188.961,378,2230,28840
188.993,377,2232,28858
189.023,369,2234,28888
189.055,373,2235,28904
189.084,375,2240,28960
189.116,375,2238,28943
189.145,367,2226,28787
189.178,380,2220,28703
189.207,377,2220,28712
189.239,374,2220,28707
189.268,372,2220,28708
189.301,381,2220,28709
189.333,380,2230,28841
189.362,381,2238,28944
189.394,377,2244,29015
189.424,380,2244,29016
189.456,372,2240,28965
189.486,375,2241,28981
189.517,385,2249,29080
189.546,375,2256,29170
189.579,378,2277,29446
189.608,373,2292,29640
189.641,378,2307,29831
189.669,371,2317,29960
189.702,372,2329,30114
189.734,370,2338,30235
189.763,379,2345,30318
189.796,377,2354,30444
189.825,373,2358,30486
189.857,377,2360,30517
189.886,370,2367,30614
189.919,373,2375,30718
189.948,377,2383,30812
189.980,373,2398,31014
190.009,372,2413,31198
190.042,364,2420,31295
190.070,370,2426,31371
190.103,358,2432,31448
190.132,362,2436,31497
190.165,359,2437,31518
190.197,363,2437,31515
190.226,369,2438,31529
190.259,368,2441,31568
190.288,371,2444,31605
190.320,364,2446,31623
190.349,355,2446,31633
190.382,362,2447,31644
190.411,368,2447,31644
190.443,359,2448,31660
190.472,352,2449,31667
190.505,352,2451,31697
190.533,367,2452,31702
190.566,368,2452,31709
190.598,358,2453,31715
190.628,364,2453,31723
190.660,351,2455,31746
190.689,357,2456,31764
190.721,360,2456,31764
190.750,362,2457,31770
190.783,361,2456,31764
190.812,354,2457,31770
190.844,370,2457,31774
190.873,356,2457,31773
190.906,359,2457,31772
190.934,360,2458,31784
190.967,353,2459,31803
190.996,358,2460,31815
191.029,354,2462,31838
191.061,361,2462,31837
191.090,352,2462,31838
191.123,355,2462,31842
191.152,362,2463,31847
191.184,361,2463,31844
191.213,361,2463,31855
191.246,355,2464,31863
191.275,356,2464,31867
191.307,359,2466,31885
191.336,360,2467,31896
191.369,351,2468,31910
191.398,358,2468,31919
191.430,355,2470,31937
191.459,345,2470,31941
191.492,354,2472,31959
191.524,358,2472,31965
191.553,346,2472,31968
191.586,358,2473,31975
191.615,346,2473,31979
191.647,347,2473,31975
191.676,348,2473,31983
191.709,353,2474,31986
191.737,354,2474,31990
191.770,348,2474,31988
191.799,340,2474,31994
191.832,344,2475,32002
191.860,347,2476,32015
191.893,347,2476,32023
191.925,341,2477,32027
191.955,345,2478,32039
191.987,343,2478,32039
192.016,342,2478,32047
192.049,337,2479,32055
192.078,339,2480,32064
192.110,340,2480,32070
192.139,335,2481,32083
192.172,341,2481,32079
192.200,339,2482,32091
192.233,341,2483,32102
192.262,328,2482,32092
192.295,334,2483,32105
192.323,337,2484,32116
192.356,332,2484,32125
192.388,336,2484,32121
192.418,334,2484,32127
192.450,331,2484,32125
192.479,332,2484,32127
192.512,329,2485,32135
192.541,327,2486,32143
192.573,334,2485,32139
192.602,330,2485,32138
192.635,333,2486,32143
192.664,336,2486,32143
192.696,326,2486,32146
192.725,328,2485,32132
192.758,336,2486,32142
192.790,329,2485,32136
192.819,329,2486,32145
192.852,333,2486,32145
192.881,330,2484,32125
192.913,332,2484,32126
192.942,342,2484,32127
192.975,330,2484,32115
193.004,338,2483,32107
193.036,335,2482,32097
193.065,338,2482,32089
193.097,335,2480,32073
193.126,338,2480,32063
193.159,339,2479,32051
193.187,344,2478,32045
193.220,340,2478,32045
193.252,344,2477,32032
193.281,344,2477,32025
193.314,344,2477,32028
193.344,352,2476,32021
193.376,348,2477,32024
193.405,350,2477,32028
193.437,344,2476,32023
193.466,348,2477,32025
193.499,346,2476,32020
193.528,347,2475,32004
193.560,347,2475,32001
193.589,353,2474,31992
193.622,350,2474,31998
193.650,351,2474,31988
193.683,346,2473,31982
193.715,347,2473,31979
193.745,351,2473,31978
193.777,362,2473,31973
193.806,351,2473,31974
193.839,357,2472,31972
193.868,349,2472,31966
193.900,348,2472,31971
193.929,349,2472,31971
193.961,356,2472,31968
193.991,352,2472,31967
194.024,350,2472,31968
194.052,351,2472,31965
194.085,350,2472,31969
194.114,356,2472,31964
194.146,354,2472,31964
194.179,355,2472,31969
194.207,357,2472,31964
194.240,355,2472,31968
194.269,346,2472,31970
194.301,351,2472,31968
194.330,357,2472,31971
194.363,353,2472,31965
194.393,357,2472,31970
194.424,356,2472,31967
194.453,357,2472,31971
194.486,359,2472,31972
194.515,356,2473,31973
194.547,348,2473,31975
194.580,347,2473,31973
194.609,359,2473,31982
194.641,353,2473,31978
194.670,357,2473,31984
194.703,350,2473,31983
194.732,349,2473,31981
194.764,351,2474,31991
194.793,351,2474,31998
194.826,352,2474,31997
194.855,352,2475,31999
194.888,341,2475,32001
194.916,352,2474,31996
194.949,349,2474,31997
194.981,354,2474,31987
195.011,350,2473,31979
195.043,354,2473,31974
195.072,348,2472,31971
195.104,359,2472,31967
195.134,349,2472,31966
195.165,353,2472,31964
195.195,349,2472,31964
195.227,353,2472,31960
195.256,354,2472,31964
195.289,352,2471,31958
195.317,354,2471,31952
195.350,360,2471,31954
195.378,355,2470,31944
195.411,349,2469,31929
195.444,354,2468,31909
195.473,359,2466,31893
195.505,357,2467,31895
195.534,361,2465,31877
195.567,354,2464,31869
195.596,351,2464,31862
195.629,355,2465,31871
195.657,362,2464,31859
195.690,357,2464,31865
195.719,365,2463,31854
195.752,353,2462,31841
195.780,354,2462,31837
195.813,356,2462,31837
195.842,364,2461,31826
195.874,361,2460,31813
195.907,350,2459,31803
195.936,359,2459,31795
195.968,352,2458,31782
195.998,359,2458,31779
196.030,356,2457,31770
196.059,360,2456,31762
196.092,366,2454,31739
196.120,364,2452,31710
196.153,363,2450,31687
196.182,362,2449,31665
196.215,363,2448,31656
196.243,363,2447,31644
196.276,358,2447,31639
196.309,366,2445,31613
196.337,361,2442,31582
196.370,361,2440,31552
196.399,366,2438,31532
196.431,365,2438,31521
196.460,360,2438,31529
196.493,360,2437,31518
196.522,370,2437,31512
196.554,370,2436,31501
196.583,369,2435,31491
196.616,369,2433,31455
196.644,366,2429,31412
196.677,369,2423,31337
196.709,361,2422,31319
196.740,364,2417,31252
196.771,366,2414,31212
196.801,369,2413,31199
196.833,376,2412,31196
196.862,378,2413,31198
196.894,367,2412,31195
196.924,370,2412,31190
196.956,375,2412,31190
196.984,367,2412,31195
197.017,365,2413,31198
197.046,369,2413,31206
197.079,366,2417,31253
197.108,370,2423,31328
197.140,371,2428,31403
197.173,375,2433,31466
197.202,373,2437,31515
197.234,365,2438,31524
197.263,363,2441,31569
197.295,367,2446,31628
197.324,368,2448,31655
197.357,366,2451,31696
197.386,362,2453,31715
197.419,359,2455,31743
197.447,364,2457,31770
197.481,362,2457,31777
197.509,359,2459,31802
197.541,369,2462,31833
197.573,359,2463,31853
197.602,356,2466,31892
197.635,356,2470,31938
197.664,356,2472,31961
197.697,357,2472,31965
197.725,358,2472,31966
197.758,352,2472,31972
197.787,351,2473,31973
197.820,360,2473,31973
197.849,342,2473,31974
197.882,354,2473,31979
197.911,361,2473,31978
197.944,355,2472,31968
197.972,352,2472,31966
198.005,351,2473,31975
198.037,351,2472,31967
198.066,356,2472,31966
198.098,352,2473,31973
198.127,347,2473,31976
198.160,354,2473,31976
198.189,348,2474,31990
198.222,348,2475,31998
198.250,346,2475,32002
198.283,356,2475,32007
198.312,347,2476,32017
198.345,350,2475,32007
198.373,348,2475,32006
198.406,352,2475,32000
198.438,352,2475,32001
198.467,361,2474,31998
198.500,350,2475,32004
198.529,356,2475,32006
198.561,350,2475,32007
198.590,352,2476,32013
198.622,344,2475,32005
198.651,343,2475,32009
198.684,350,2475,32004
198.713,356,2475,32009
198.745,348,2476,32016
198.774,352,2477,32025
198.807,352,2476,32023
198.836,347,2477,32026
198.869,351,2477,32024
198.901,346,2476,32018
198.930,353,2476,32013
198.963,351,2476,32019
198.991,347,2476,32014
199.024,347,2476,32014
199.053,353,2475,32010
199.086,349,2475,32011
199.114,350,2475,32009
199.147,356,2475,32005
199.176,350,2475,32007
199.209,350,2475,32004
199.237,342,2476,32013
199.270,344,2476,32017
199.299,350,2476,32014
199.332,340,2476,32012
199.364,349,2475,32010
199.393,348,2476,32015
199.425,351,2475,32011
199.454,351,2476,32015
199.487,346,2476,32013
199.516,355,2475,32010
199.548,355,2476,32013
199.577,351,2476,32017
199.610,346,2476,32019
199.639,342,2476,32024
199.672,351,2476,32017
199.700,350,2476,32022
199.733,345,2477,32025
199.765,359,2477,32024
199.794,350,2477,32027
199.826,352,2476,32022
199.855,348,2476,32021
199.888,348,2477,32029
199.917,350,2477,32024
199.949,349,2477,32028
199.978,343,2477,32033
200.011,344,2477,32029
200.040,348,2477,32028
200.073,348,2477,32033
200.101,353,2478,32050
200.134,346,2477,32034
200.163,352,2477,32030
200.195,348,2478,32038
200.228,346,2477,32033
200.257,350,2476,32024
200.290,341,2478,32037
200.319,348,2477,32033
200.351,347,2478,32042
200.380,346,2478,32047
200.412,345,2479,32056
200.441,350,2480,32068
200.474,338,2480,32063
200.502,344,2479,32061
200.535,345,2480,32068
200.564,345,2479,32061
200.597,343,2480,32070
200.625,340,2481,32078
200.658,338,2481,32079
200.691,342,2481,32081
200.720,340,2481,32085
200.752,343,2482,32091
200.781,342,2482,32094
200.814,343,2482,32092
200.843,350,2482,32100
200.875,337,2483,32107
200.904,341,2482,32097
200.936,333,2483,32114
200.965,346,2484,32116
200.998,332,2484,32120
201.027,340,2483,32109
201.060,337,2483,32114
201.092,341,2483,32109
201.121,334,2482,32094
201.154,346,2483,32114
201.182,347,2483,32108
201.215,339,2484,32115
201.244,335,2484,32121
201.276,338,2484,32115
201.305,346,2484,32127
201.338,344,2485,32129
201.367,340,2484,32124
201.399,343,2485,32132
201.428,336,2484,32123
201.461,332,2485,32128
201.493,345,2485,32128
201.522,340,2484,32126
201.555,335,2484,32126
201.584,341,2484,32125
201.616,337,2484,32122
201.645,338,2484,32121
201.678,342,2484,32126
201.707,339,2484,32125
201.739,336,2485,32130
201.768,341,2484,32122
201.801,331,2484,32124
201.830,337,2485,32136
201.862,339,2485,32135
201.891,337,2485,32129
201.924,332,2485,32130
201.956,335,2485,32138
201.985,338,2485,32139
202.018,336,2485,32137
202.046,335,2486,32143
202.079,335,2486,32140
202.108,336,2484,32127
202.141,336,2485,32131
202.169,331,2485,32138
202.202,331,2485,32138
202.231,336,2485,32136
202.264,333,2486,32142
202.292,337,2486,32145
202.325,330,2485,32137
202.354,337,2485,32138
202.387,333,2485,32139
202.419,337,2486,32140
202.448,333,2485,32135
202.481,331,2485,32139
202.509,327,2486,32144
202.542,340,2485,32131
202.571,332,2486,32141
202.603,334,2485,32138
202.632,332,2485,32138
202.665,330,2486,32144
202.694,344,2486,32141
202.726,329,2486,32145
202.755,336,2486,32145
202.788,328,2486,32141
202.817,331,2485,32140
202.849,336,2486,32143
202.882,332,2486,32143
202.911,330,2486,32142
202.943,332,2486,32142
202.972,338,2485,32136
203.005,328,2486,32152
203.034,334,2486,32144
203.066,333,2486,32148
203.095,331,2485,32140
203.128,333,2485,32139
203.157,339,2486,32145
203.189,332,2486,32145
203.218,325,2485,32140
203.251,336,2486,32145
203.284,330,2486,32149
203.313,330,2486,32148
203.345,326,2486,32151
203.375,333,2487,32162
203.407,324,2487,32161
203.436,330,2487,32158
203.468,326,2487,32161
203.497,327,2487,32162
203.530,330,2487,32158
203.558,326,2487,32163
203.591,327,2487,32157
203.620,323,2486,32147
203.653,332,2487,32158
203.682,326,2487,32160
203.715,329,2487,32163
203.746,327,2487,32154
203.775,324,2487,32161
203.808,328,2487,32156
203.837,328,2486,32149
203.869,321,2487,32162
203.898,322,2487,32159
203.931,324,2487,32165
203.960,326,2487,32163
203.993,328,2487,32158
204.021,319,2488,32167
204.055,323,2487,32159
204.083,330,2487,32162
204.115,321,2487,32161
204.147,321,2487,32161
204.177,328,2487,32158
204.209,326,2487,32163
204.238,328,2487,32164
204.271,323,2487,32159
204.299,327,2487,32159
204.332,325,2488,32167
204.361,323,2487,32165
204.394,328,2488,32167
204.422,326,2487,32159
204.455,323,2487,32162
204.484,330,2487,32162
204.517,323,2487,32160
204.545,323,2487,32154
204.578,329,2487,32166
204.610,325,2487,32159
204.640,326,2487,32163
204.672,319,2487,32161
204.701,326,2488,32169
204.734,324,2487,32156
204.763,326,2487,32157
204.795,323,2487,32163
204.824,330,2487,32160
204.857,330,2486,32152
204.885,332,2487,32156
204.918,329,2487,32158
204.947,327,2487,32157
204.980,325,2487,32158
205.009,330,2487,32154
205.041,331,2486,32148
205.073,335,2487,32155
205.103,326,2486,32148
205.135,329,2486,32151
205.164,336,2486,32151
205.196,332,2486,32152
205.225,337,2486,32150
205.258,333,2486,32148
205.287,333,2486,32145
205.320,331,2486,32151
205.348,330,2486,32142
205.382,335,2485,32139
205.410,334,2486,32145
205.442,333,2486,32142
205.475,331,2485,32138
205.504,333,2485,32139
205.536,333,2485,32130
205.565,334,2485,32136
205.598,338,2485,32132
205.627,336,2485,32136
205.659,337,2484,32127
205.689,337,2486,32145
205.722,333,2485,32137
205.750,342,2485,32137
205.782,332,2485,32138
205.811,335,2486,32141
205.844,328,2485,32138
205.873,332,2485,32135
205.906,327,2485,32131
205.938,333,2485,32134
205.967,340,2485,32135
205.999,337,2485,32133
206.028,342,2485,32133
206.061,334,2485,32134
206.091,338,2485,32129
206.124,340,2484,32117
206.151,338,2484,32123
206.184,344,2484,32122
206.212,344,2483,32112
206.245,341,2484,32124
206.274,335,2484,32117
206.307,335,2485,32130
206.339,340,2483,32113
206.369,338,2483,32114
206.400,340,2483,32110
206.430,337,2484,32118
206.462,344,2484,32117
206.491,332,2484,32117
206.523,338,2484,32127
206.552,337,2484,32122
206.585,334,2484,32125
206.614,339,2485,32132
206.646,338,2485,32134
206.675,339,2485,32135
206.708,341,2484,32121
206.737,333,2484,32122
206.770,327,2485,32129
206.802,335,2484,32127
206.831,339,2484,32116
206.863,343,2483,32107
206.893,336,2483,32112
206.925,340,2483,32111
206.955,346,2482,32096
206.987,342,2482,32091
207.015,342,2481,32078
207.048,344,2480,32074
207.077,348,2479,32059
207.109,347,2479,32060
207.138,347,2479,32054
207.172,353,2478,32040
207.200,354,2477,32026
207.233,358,2476,32014
207.265,357,2475,32007
207.294,360,2473,31984
207.326,351,2473,31975
207.355,343,2472,31964
207.388,355,2472,31968
207.417,355,2472,31967
207.449,355,2472,31963
207.478,355,2472,31962
207.511,361,2472,31961
207.540,362,2471,31951
207.572,353,2472,31960
207.601,354,2472,31962
207.634,350,2472,31961
207.666,357,2471,31958
207.695,358,2471,31956
207.728,354,2470,31946
207.757,356,2470,31937
207.790,358,2469,31922
207.818,363,2466,31892
207.851,357,2464,31858
207.880,356,2462,31838
207.912,365,2461,31821
207.942,360,2459,31792
207.975,360,2457,31777
208.003,358,2457,31775
208.035,368,2456,31762
208.064,366,2455,31740
208.097,359,2453,31715
208.129,364,2452,31701
208.159,366,2449,31666
208.191,366,2447,31636
208.220,359,2445,31615
208.252,366,2442,31578
208.281,366,2439,31545
208.314,371,2438,31523
208.343,361,2438,31524
208.375,367,2437,31515
208.404,367,2437,31519
208.437,375,2434,31479
208.465,367,2430,31419
208.498,362,2422,31322
208.530,374,2417,31256
208.559,376,2413,31202
208.592,368,2413,31196
208.621,376,2408,31133
208.654,367,2397,31001
208.683,358,2390,30903
208.715,379,2379,30762
208.743,369,2370,30643
208.776,369,2358,30489
208.805,380,2345,30325
208.838,379,2339,30241
208.866,379,2338,30233
208.899,379,2339,30240
208.931,375,2339,30250
208.961,381,2339,30243
208.993,376,2338,30231
209.023,372,2327,30096
209.055,377,2305,29805
209.084,374,2286,29564
209.117,372,2266,29305
209.145,377,2254,29145
209.178,375,2249,29080
209.207,377,2254,29148
209.240,378,2278,29459
209.268,384,2291,29629
209.301,378,2298,29709
209.333,384,2295,29671
209.362,379,2288,29591
209.395,387,2269,29340
209.424,386,2251,29102
209.456,378,2227,28800
209.485,377,2200,28449
209.518,370,2172,28093
209.546,379,2146,27751
209.579,377,2133,27583
209.608,377,2116,27362
209.641,385,2095,27092
209.669,376,2082,26918
209.702,370,2074,26824
209.731,369,2066,26713
209.764,375,2056,26582
209.796,377,2037,26337
209.825,383,1996,25808
209.858,378,1970,25468
209.887,371,1972,25505
209.919,378,1980,25599
209.948,379,1997,25822
209.981,380,2019,26106
210.010,383,2024,26177
210.043,378,2040,26386
210.071,379,2044,26432
210.104,385,2046,26457
210.132,376,2049,26498
210.165,375,2055,26580
210.198,382,2056,26590
210.227,382,2056,26587
210.259,376,2057,26593
210.288,376,2058,26608
210.321,373,2047,26475
210.350,382,2037,26337
210.382,382,2028,26225
210.412,380,2022,26148
210.444,377,2022,26143
210.473,376,2029,26240
210.505,385,2041,26390
210.534,370,2045,26440
210.566,374,2066,26719
210.599,366,2096,27099
210.628,378,2130,27539
210.660,376,2160,27928
210.689,377,2194,28375
210.722,373,2230,28833
210.751,379,2264,29272
210.783,384,2292,29633
210.813,376,2313,29912
210.845,374,2336,30211
210.874,370,2354,30435
210.907,373,2370,30644
210.935,370,2383,30811
210.968,365,2393,30942
211.000,373,2397,30998
211.029,370,2406,31109
211.061,364,2410,31160
211.090,370,2412,31195
211.123,372,2413,31203
211.152,369,2418,31273
211.185,366,2423,31332
211.213,373,2430,31418
211.246,366,2434,31469
211.275,365,2437,31511
211.308,362,2438,31522
211.336,359,2440,31547
211.370,376,2444,31598
211.398,354,2446,31633
211.431,362,2447,31643
211.463,367,2448,31662
211.492,363,2450,31687
211.525,362,2452,31709
211.554,363,2453,31720
211.586,362,2454,31732
211.615,367,2455,31743
211.647,363,2455,31745
211.676,363,2455,31743
211.709,364,2453,31720
211.738,368,2451,31689
211.771,360,2447,31640
211.799,360,2441,31559
211.832,360,2437,31513
211.861,371,2432,31447
211.894,367,2424,31342
211.926,370,2417,31251
211.955,372,2413,31198
211.988,378,2408,31137
212.016,364,2398,31012
212.049,363,2393,30938
212.078,365,2384,30832
212.111,369,2380,30779
212.140,363,2378,30746
212.173,371,2373,30684
212.201,371,2368,30616
212.234,369,2358,30493
212.262,375,2352,30420
212.295,376,2341,30278
212.328,374,2338,30237
212.356,372,2329,30122
212.389,374,2322,30021
212.418,372,2315,29936
212.450,369,2313,29906
212.479,378,2305,29812
212.512,378,2299,29733
212.541,371,2294,29662
212.573,373,2294,29661
212.602,369,2294,29662
212.635,376,2295,29681
212.664,375,2298,29720
212.696,375,2299,29726
212.725,377,2297,29697
212.757,378,2294,29665
212.790,367,2290,29610
212.819,378,2279,29473
212.852,369,2266,29299
212.881,376,2254,29149
212.913,387,2251,29110
212.943,372,2251,29102
212.975,374,2254,29153
213.004,387,2265,29291
213.037,373,2273,29386
213.066,371,2273,29395
213.098,386,2266,29306
213.127,374,2263,29264
213.159,377,2261,29237
213.191,379,2258,29197
213.221,382,2255,29155
213.253,375,2254,29151
213.282,376,2256,29168
213.314,375,2259,29209
213.343,376,2255,29155
213.376,372,2253,29128
213.405,384,2249,29087
213.437,372,2249,29087
213.466,372,2250,29098
213.499,382,2251,29102
213.528,382,2254,29146
213.560,382,2254,29153
213.593,374,2255,29158
213.622,373,2254,29146
213.654,380,2254,29148
213.683,375,2260,29230
213.716,376,2266,29307
213.745,373,2265,29283
213.777,385,2269,29336
213.806,376,2279,29468
213.839,382,2281,29493
213.868,370,2279,29466
213.901,376,2277,29448
213.929,379,2279,29473
213.962,380,2283,29518
213.995,374,2280,29479
214.024,378,2266,29305
214.056,375,2254,29148
214.085,372,2254,29146
214.118,373,2263,29259
214.147,373,2267,29319
214.179,368,2264,29273
214.208,378,2257,29180
214.241,372,2254,29148
214.270,379,2253,29137
214.302,382,2244,29024
214.331,383,2240,28966
214.364,380,2244,29015
214.393,373,2250,29089
214.425,375,2250,29101
214.457,376,2250,29098
214.487,371,2254,29148
214.519,371,2260,29222
214.548,372,2256,29167
214.580,369,2254,29151
214.609,375,2261,29241
214.642,382,2268,29333
214.671,375,2265,29284
214.704,382,2257,29182
214.732,377,2254,29152
214.765,371,2259,29216
214.797,376,2264,29271
214.826,377,2261,29239
214.859,379,2266,29306
214.888,375,2278,29455
214.920,392,2284,29531
214.949,375,2288,29584
214.982,379,2285,29544
215.011,369,2279,29470
215.043,373,2273,29397
215.072,374,2264,29275
215.106,376,2264,29274
215.133,368,2265,29283
215.167,377,2265,29289
215.198,372,2266,29298
215.228,372,2265,29288
215.260,376,2269,29342
215.289,369,2279,29468
215.321,369,2289,29596
215.351,375,2291,29624
215.383,375,2289,29596
215.412,375,2283,29525
215.445,366,2286,29560
215.473,374,2295,29683
215.506,375,2313,29909
215.535,375,2327,30089
215.567,377,2334,30187
215.596,374,2336,30207
215.629,379,2335,30199
215.661,370,2334,30183
215.690,375,2337,30215
215.723,375,2338,30231
215.752,373,2337,30215
215.785,376,2331,30146
215.813,362,2330,30124
215.846,382,2329,30112
215.875,372,2329,30116
215.907,365,2331,30137
215.936,371,2334,30177
215.969,374,2334,30185
215.998,368,2333,30172
216.030,373,2333,30164
216.059,376,2328,30106
216.092,369,2322,30020
216.124,373,2324,30056
216.154,366,2328,30109
216.186,373,2330,30130
216.215,371,2329,30115
216.247,376,2320,30002
216.276,376,2314,29916
216.309,371,2303,29783
216.338,371,2295,29677
216.370,378,2298,29719
216.399,377,2304,29791
216.432,373,2303,29787
216.460,379,2298,29710
216.493,372,2299,29734
216.525,380,2315,29937
216.554,370,2333,30171
216.587,374,2339,30245
216.616,381,2339,30243
216.648,374,2339,30247
216.677,369,2341,30268
216.710,382,2344,30308
216.739,380,2344,30309
216.771,369,2339,30241
216.800,376,2338,30236
216.833,371,2338,30234
216.862,374,2338,30233
216.894,381,2324,30054
216.927,377,2314,29920
216.956,366,2304,29795
216.988,367,2299,29727
217.017,370,2295,29671
217.050,377,2302,29769
217.079,371,2304,29794
217.111,375,2301,29754
217.140,381,2294,29665
217.173,371,2296,29692
217.201,380,2304,29789
217.234,376,2314,29921
217.263,374,2327,30095
217.296,378,2333,30165
217.328,374,2332,30149
217.357,383,2328,30109
217.390,373,2329,30119
217.419,380,2336,30206
217.451,381,2338,30235
217.480,372,2338,30235
217.513,370,2339,30240
217.541,375,2344,30313
217.574,376,2355,30458
217.603,372,2358,30493
217.636,381,2359,30501
217.664,375,2360,30524
217.697,372,2362,30544
217.729,379,2362,30549
217.758,372,2359,30508
217.791,372,2359,30505
217.820,373,2358,30497
217.853,375,2359,30501
217.881,368,2360,30514
217.914,379,2361,30529
217.943,379,2360,30513
217.975,379,2359,30501
218.004,377,2358,30496
218.037,377,2358,30493
218.066,372,2360,30520
218.098,370,2363,30560
218.127,376,2365,30583
218.160,365,2361,30536
218.192,376,2358,30495
218.221,375,2358,30496
218.254,380,2358,30494
218.283,376,2355,30454
218.315,374,2352,30414
218.344,375,2352,30417
218.377,372,2352,30412
218.406,379,2352,30419
218.438,380,2354,30444
218.467,368,2354,30437
218.500,361,2347,30347
218.529,377,2341,30270
218.561,369,2336,30207
218.594,372,2324,30053
218.623,373,2313,29913
218.655,371,2298,29711
218.684,383,2291,29622
218.717,377,2290,29608
218.746,378,2291,29626
218.778,385,2294,29664
218.807,368,2298,29714
218.840,381,2303,29782
218.868,372,2309,29854
218.901,389,2310,29867
218.930,383,2298,29714
218.963,374,2288,29593
218.991,383,2280,29484
219.024,376,2281,29491
219.057,384,2282,29509
219.086,371,2284,29540
219.118,389,2279,29469
219.147,381,2276,29426
219.180,381,2275,29420
219.209,379,2279,29469
219.242,372,2280,29486
219.271,378,2279,29471
219.303,383,2272,29381
219.332,379,2258,29198
219.364,381,2254,29148
219.393,374,2251,29102
219.426,375,2252,29126
219.458,375,2259,29212
219.488,375,2273,29396
219.520,380,2279,29476
219.549,369,2293,29658
219.581,381,2304,29794
219.610,379,2314,29918
219.643,370,2317,29963
219.672,371,2318,29968
219.704,385,2319,29982
219.733,382,2318,29972
219.766,374,2314,29922
219.794,376,2313,29910
219.827,377,2307,29838
219.856,375,2305,29808
219.889,375,2313,29903
219.921,375,2319,29989
219.950,369,2335,30193
219.982,385,2340,30258
220.011,373,2346,30342
220.044,374,2353,30429
220.073,372,2358,30490
220.106,377,2364,30564
220.134,377,2372,30670
220.167,375,2378,30747
220.196,370,2381,30792
220.229,374,2383,30820
220.257,378,2386,30851
220.290,387,2390,30905
220.322,369,2393,30941
220.352,370,2395,30975
220.384,364,2398,31009
220.413,369,2402,31059
220.445,377,2408,31136
220.474,358,2411,31175
220.508,370,2411,31180
220.536,366,2413,31196
220.569,375,2413,31198
220.597,366,2413,31201
220.630,369,2413,31200
220.659,361,2413,31205
220.692,371,2416,31243
220.724,375,2417,31259
220.753,367,2417,31252
220.785,374,2417,31254
220.815,374,2418,31270
220.847,368,2419,31279
220.876,365,2419,31278
220.908,368,2421,31301
220.938,368,2422,31323
220.970,375,2423,31335
220.999,359,2424,31343
221.032,369,2424,31344
221.061,366,2425,31359
221.093,367,2427,31378
221.125,364,2427,31387
221.155,363,2430,31429
221.187,370,2432,31442
221.216,364,2433,31459
221.248,361,2433,31467
221.277,368,2436,31503
221.310,366,2437,31515
221.339,366,2438,31522
221.372,369,2439,31544
221.400,366,2441,31567
221.433,367,2443,31586
221.462,367,2444,31602
221.495,364,2444,31610
221.524,369,2446,31630
221.556,362,2447,31641
221.588,361,2447,31648
221.617,365,2448,31660
221.650,374,2450,31677
221.679,364,2451,31695
221.711,365,2452,31709
221.741,362,2453,31717
221.773,361,2453,31722
221.801,356,2452,31713
221.834,363,2452,31708
221.863,362,2453,31719
221.896,364,2453,31715
221.925,363,2454,31728
221.957,365,2453,31725
221.986,366,2455,31742
222.019,356,2456,31760
222.051,362,2457,31773
222.080,371,2457,31775
222.113,362,2459,31795
222.142,354,2461,31825
222.174,355,2462,31836
222.203,359,2462,31838
222.235,357,2462,31843
222.264,355,2463,31847
222.297,358,2464,31856
222.325,359,2465,31876
222.358,358,2466,31882
222.387,359,2466,31889
222.420,351,2467,31896
222.452,374,2467,31898
222.481,362,2467,31901
222.514,359,2469,31925
222.543,351,2469,31921
222.575,359,2469,31926
222.604,361,2471,31950
222.637,365,2471,31954
222.666,356,2471,31954
222.698,355,2471,31957
222.728,360,2471,31959
222.760,347,2472,31961
222.789,356,2472,31964
222.822,350,2472,31967
222.854,357,2472,31965
222.883,355,2472,31967
222.915,363,2472,31969
222.944,358,2472,31963
222.977,356,2472,31967
223.006,353,2473,31975
223.038,358,2473,31974
223.067,352,2473,31973
223.100,356,2473,31977
223.129,353,2473,31973
223.162,357,2473,31977
223.190,358,2473,31976
223.223,351,2473,31982
223.253,348,2473,31983
223.285,355,2474,31988
223.316,347,2474,31988
223.346,347,2474,31994
223.378,357,2475,32003
223.407,351,2475,32005
223.440,350,2475,32004
223.469,346,2475,32003
223.501,349,2475,32007
223.530,355,2475,32001
223.563,352,2476,32012
223.591,346,2476,32016
223.624,355,2476,32019
223.653,353,2475,32010
223.686,351,2476,32018
223.715,350,2476,32014
223.748,352,2476,32021
223.779,340,2476,32023
223.808,349,2476,32017
223.841,348,2477,32026
223.871,343,2477,32031
223.903,351,2476,32019
223.932,349,2477,32028
223.964,350,2477,32029
223.993,346,2477,32032
224.025,354,2477,32027
224.054,353,2477,32028
224.087,350,2477,32024
224.116,344,2478,32039
224.149,350,2478,32041
224.181,346,2478,32040
224.210,341,2478,32039
224.242,347,2478,32044
224.272,350,2478,32048
224.304,347,2479,32054
224.333,340,2479,32056
224.365,346,2479,32061
224.394,341,2480,32067
224.427,345,2480,32067
224.455,348,2480,32073
224.488,345,2480,32074
224.517,347,2480,32072
224.550,344,2480,32073
224.578,348,2480,32071
224.611,349,2480,32065
224.644,346,2480,32068
224.673,345,2480,32073
224.705,339,2481,32078
224.734,343,2481,32078
224.767,338,2481,32078
224.796,341,2481,32082
224.828,351,2482,32090
224.857,343,2481,32085
224.890,338,2481,32084
224.919,340,2481,32082
224.952,335,2482,32097
224.980,341,2482,32093
225.013,345,2482,32092
225.045,343,2482,32098
225.074,342,2483,32103
225.106,341,2483,32104
225.136,341,2483,32103
225.168,344,2483,32107
225.197,339,2483,32107
225.230,341,2483,32104
225.259,337,2483,32103
225.291,348,2483,32105
225.320,339,2483,32110
225.352,336,2483,32107
225.381,344,2483,32110
225.414,342,2483,32110
225.444,337,2483,32105
225.476,339,2483,32107
225.508,345,2483,32112
225.537,339,2484,32121
225.569,337,2484,32118
225.598,338,2484,32118
225.631,334,2484,32123
225.660,338,2484,32118
225.693,348,2484,32126
225.721,335,2484,32122
225.754,334,2484,32127
225.783,336,2485,32133
225.816,337,2484,32127
225.844,338,2484,32127
225.877,337,2484,32125
225.906,342,2485,32128
225.938,337,2485,32135
225.971,335,2485,32134
226.000,334,2485,32134
226.032,331,2485,32137
226.061,330,2485,32137
226.094,334,2485,32134
226.123,332,2485,32138
226.155,336,2485,32137
226.185,341,2485,32131
226.217,337,2485,32134
226.246,337,2485,32135
226.279,338,2484,32126
226.307,333,2484,32122
226.340,341,2484,32124
226.373,334,2484,32124
226.402,334,2484,32123
226.434,333,2483,32113
226.463,345,2483,32110
226.495,340,2483,32108
226.524,340,2483,32109
226.557,343,2483,32108
226.586,334,2482,32101
226.618,336,2483,32104
226.647,339,2483,32106
226.679,341,2482,32095
226.708,338,2482,32092
226.741,339,2482,32090
226.769,341,2481,32077
226.802,347,2480,32067
226.835,339,2479,32058
226.864,341,2478,32044
226.896,344,2478,32046
226.926,343,2477,32035
226.958,345,2477,32028
226.987,342,2476,32023
227.019,351,2476,32021
227.049,355,2474,31994
227.081,351,2473,31980
227.110,349,2472,31968
227.143,354,2472,31962
227.172,357,2472,31967
227.204,356,2472,31964
227.233,369,2471,31955
227.266,367,2470,31946
227.298,353,2468,31912
227.327,359,2465,31870
227.359,360,2463,31843
227.388,363,2462,31838
227.422,365,2460,31806
227.450,364,2458,31781
227.482,369,2457,31775
227.511,362,2457,31770
227.544,369,2456,31756
227.573,362,2453,31720
227.605,364,2452,31702
227.634,359,2449,31663
227.667,367,2447,31641
227.699,366,2444,31603
227.728,371,2440,31552
227.761,361,2437,31520
227.790,370,2437,31516
227.822,366,2435,31488
227.851,369,2432,31451
227.884,369,2431,31438
227.913,369,2429,31406
227.946,368,2427,31386
227.974,371,2426,31369
228.007,374,2424,31349
228.036,362,2423,31331
228.068,380,2422,31318
228.097,364,2420,31295
228.130,361,2420,31295
228.162,376,2416,31246
228.191,367,2413,31208
228.225,368,2413,31199
228.253,370,2413,31196
228.286,366,2409,31155
228.314,364,2407,31121
228.347,375,2401,31047
228.376,367,2398,31008
228.408,360,2396,30980
228.437,376,2394,30961
228.470,375,2392,30937
228.499,365,2393,30942
228.532,369,2392,30937
228.563,372,2392,30930
228.592,371,2390,30906
228.625,374,2386,30857
228.654,377,2383,30810
228.686,378,2378,30755
228.715,380,2375,30717
228.748,373,2368,30625
228.777,378,2366,30596
228.810,380,2362,30539
228.839,369,2359,30501
228.872,375,2358,30495
228.900,375,2359,30503
228.932,376,2358,30494
228.965,372,2357,30484
228.994,365,2352,30409
229.026,372,2340,30263
229.055,371,2336,30209
229.087,371,2327,30094
229.116,377,2315,29936
229.149,371,2311,29879
229.178,381,2306,29816
229.211,379,2306,29825
229.239,373,2310,29868
229.273,375,2310,29870
229.301,377,2304,29791
229.334,374,2300,29742
229.362,381,2298,29717
229.395,379,2298,29720
229.428,374,2298,29714
229.457,377,2300,29746
229.489,376,2302,29771
229.518,385,2303,29777
229.551,380,2302,29764
229.580,383,2300,29746
229.612,384,2301,29748
229.641,384,2305,29809
229.674,380,2314,29929
229.703,377,2326,30072
229.735,377,2328,30101
229.764,385,2329,30120
229.797,381,2334,30183
229.829,387,2337,30226
229.858,369,2337,30224
229.891,381,2338,30239
229.920,374,2338,30234
229.952,381,2325,30065
229.982,382,2312,29893
230.014,376,2294,29664
230.043,376,2282,29505
230.076,381,2280,29483
230.104,382,2279,29469
230.137,382,2272,29376
230.166,382,2262,29244
230.198,378,2264,29275
230.231,375,2264,29282
230.260,376,2263,29258
230.292,386,2264,29274
230.321,380,2265,29288
230.353,376,2263,29266
230.383,380,2259,29211
230.415,386,2255,29154
230.444,379,2253,29140
230.477,385,2242,28989
230.506,377,2235,28902
230.538,374,2236,28910
230.567,380,2242,28988
230.599,372,2249,29088
230.628,377,2252,29124
230.661,382,2264,29277
230.693,377,2277,29449
230.723,383,2278,29458
230.755,378,2279,29465
230.784,381,2279,29475
230.816,382,2279,29467
230.845,382,2279,29469
230.878,371,2278,29461
230.907,375,2276,29433
230.940,374,2273,29397
230.969,392,2274,29401
231.002,382,2276,29437
231.030,379,2275,29417
231.063,373,2277,29444
231.095,387,2279,29469
231.124,381,2289,29595
231.156,375,2289,29605
231.185,383,2281,29498
231.217,382,2278,29459
231.246,370,2274,29410
231.279,379,2265,29287
231.308,376,2254,29146
231.341,380,2253,29135
231.369,370,2254,29151
231.403,384,2265,29284
231.432,383,2272,29379
231.464,386,2264,29270
231.496,387,2253,29139
231.525,383,2245,29028
231.557,377,2252,29118
231.587,390,2254,29151
231.619,383,2257,29184
231.648,379,2275,29418
231.681,377,2292,29633
231.709,379,2300,29740
231.743,388,2294,29666
231.771,383,2293,29649
231.804,379,2294,29661
231.833,389,2301,29749
231.865,389,2294,29667
231.898,376,2292,29632
231.927,372,2293,29657
231.959,375,2294,29660
231.988,380,2282,29514
232.020,385,2266,29307
232.049,384,2256,29170
232.082,380,2263,29261
232.111,385,2271,29366
232.143,386,2273,29398
232.173,385,2273,29395
232.205,375,2279,29467
232.234,383,2280,29478
232.267,384,2287,29577
232.299,374,2294,29669
232.328,382,2306,29821
232.360,369,2311,29890
232.389,375,2304,29793
232.422,377,2298,29710
232.450,376,2302,29766
232.483,379,2307,29838
232.512,377,2313,29910
232.545,376,2313,29913
232.573,376,2314,29927
232.606,375,2319,29982
232.635,380,2327,30095
232.668,382,2334,30183
232.696,375,2338,30235
232.729,381,2339,30240
232.761,380,2338,30237
232.790,378,2339,30244
232.823,377,2339,30242
232.852,377,2342,30278
232.885,376,2351,30406
232.913,378,2358,30490
232.946,373,2365,30585
232.975,376,2372,30667
233.008,376,2377,30742
233.036,371,2378,30757
233.069,364,2383,30810
233.098,375,2385,30840
233.130,369,2390,30903
233.163,367,2393,30940
233.192,365,2393,30947
233.224,375,2397,31000
233.253,369,2401,31053
233.286,378,2406,31118
233.315,369,2409,31149
233.347,366,2412,31189
233.376,371,2413,31197
233.409,361,2413,31198
233.438,365,2413,31199
233.470,372,2414,31210
233.499,353,2416,31247
233.532,363,2420,31298
233.560,369,2423,31330
233.593,372,2425,31360
233.626,372,2430,31418
233.655,362,2432,31452
233.687,368,2435,31487
233.716,365,2437,31512
233.749,364,2437,31519
233.778,360,2437,31516
233.810,366,2438,31527
233.839,367,2438,31525
233.872,364,2438,31521
233.900,360,2437,31519
233.933,366,2438,31523
233.962,369,2438,31522
233.995,370,2438,31532
234.027,373,2441,31563
234.056,367,2444,31604
234.089,370,2446,31636
234.118,365,2448,31651
234.150,361,2450,31686
234.179,354,2452,31701
234.212,360,2452,31709
234.240,364,2452,31712
234.273,367,2452,31712
234.302,360,2452,31708
234.335,367,2452,31709
234.363,360,2452,31709
234.396,365,2453,31720
234.425,355,2455,31740
234.458,372,2457,31767
234.490,363,2457,31777
234.520,362,2458,31784
234.552,368,2460,31807
234.581,360,2461,31820
234.613,359,2462,31834
234.642,363,2461,31830
234.675,351,2462,31837
234.704,363,2462,31840
234.737,357,2462,31838
234.765,357,2463,31851
234.798,364,2464,31859
234.826,359,2465,31873
234.859,359,2466,31885
234.888,358,2468,31918
234.921,355,2469,31927
234.953,364,2470,31939
234.982,358,2470,31941
235.015,361,2471,31957
235.044,366,2471,31956
235.076,369,2471,31954
235.105,351,2471,31956
235.138,353,2471,31952
235.166,355,2471,31956
235.199,356,2472,31965
235.228,347,2472,31966
235.260,345,2472,31967
235.289,356,2472,31969
235.322,350,2473,31974
235.354,350,2473,31978
235.383,352,2474,31989
235.416,348,2474,31997
235.445,351,2474,31993
235.477,350,2474,31995
235.506,346,2475,32007
235.539,350,2474,31998
235.567,348,2475,32005
235.600,355,2475,32010
235.629,351,2476,32013
235.661,348,2476,32017
235.690,350,2476,32022
235.723,350,2477,32024
235.752,355,2476,32019
235.785,345,2477,32032
235.817,344,2477,32032
235.846,346,2477,32028
235.879,343,2477,32034
235.908,346,2478,32042
235.941,348,2478,32047
235.969,343,2479,32051
236.002,340,2479,32051
236.031,339,2479,32050
236.064,344,2479,32059
236.092,339,2479,32054
236.125,340,2480,32067
236.154,348,2479,32062
236.187,337,2480,32063
236.219,339,2480,32071
236.248,345,2480,32067
236.280,344,2480,32073
236.309,339,2481,32086
236.342,337,2481,32084
236.371,340,2481,32082
236.404,333,2481,32086
236.433,341,2481,32082
236.465,349,2480,32073
236.494,330,2480,32068
236.526,343,2479,32058
236.555,339,2478,32044
236.587,344,2478,32039
236.616,345,2477,32031
236.649,343,2476,32023
236.682,344,2477,32028
236.711,344,2476,32013
236.743,351,2475,32004
236.772,349,2474,31987
236.804,358,2472,31971
236.834,355,2472,31970
236.866,349,2472,31968
236.895,352,2471,31958
236.928,358,2470,31939
236.957,354,2468,31917
236.990,361,2466,31886
237.018,360,2464,31861
237.051,353,2462,31840
237.079,354,2462,31840
237.112,359,2462,31836
237.144,355,2461,31827
237.174,358,2460,31812
237.206,362,2458,31789
237.235,367,2458,31779
237.267,355,2457,31774
237.296,368,2457,31773
237.329,362,2457,31766
237.358,361,2455,31745
237.391,363,2453,31718
237.420,362,2452,31708
237.452,366,2451,31691
237.481,360,2449,31669
237.514,363,2447,31640
237.546,369,2447,31638
237.575,370,2444,31608
237.607,366,2441,31569
237.636,375,2438,31531
237.669,364,2438,31520
237.698,367,2437,31516
237.730,364,2437,31511
237.759,370,2435,31494
237.792,367,2433,31464
237.821,373,2432,31449
237.853,367,2431,31436
237.882,375,2427,31389
237.914,372,2426,31367
237.943,370,2425,31363
237.976,369,2424,31351
238.008,375,2423,31328
238.037,365,2422,31315
238.070,367,2418,31262
238.099,379,2414,31216
238.132,371,2412,31194
238.160,381,2409,31145
238.193,369,2404,31088
238.222,368,2397,30995
238.255,376,2393,30940
238.283,378,2391,30913
238.316,370,2385,30838
238.345,372,2383,30813
238.378,375,2379,30769
238.410,380,2378,30752
238.440,376,2377,30732
238.472,375,2372,30670
238.500,372,2368,30626
238.534,374,2364,30573
238.562,369,2359,30510
238.594,384,2359,30500
238.623,376,2358,30494
238.656,367,2358,30487
238.685,371,2356,30468
238.718,373,2354,30442
238.747,376,2352,30420
238.779,381,2346,30336
238.812,377,2339,30249
238.841,366,2337,30221
238.873,380,2335,30198
238.902,379,2336,30203
238.935,376,2337,30224
238.963,366,2337,30214
238.996,382,2334,30177
239.025,378,2333,30170
239.058,376,2334,30177
239.087,373,2329,30110
239.119,375,2324,30049
239.148,372,2322,30030
239.181,383,2319,29987
239.213,373,2323,30038
239.242,378,2324,30049
239.274,377,2324,30048
239.304,368,2324,30054
239.336,387,2323,30045
239.365,375,2321,30013
239.397,381,2323,30037
239.426,367,2319,29983
239.459,372,2315,29930
239.488,373,2314,29918
239.521,374,2313,29914
239.549,377,2309,29861
239.582,375,2304,29790
239.610,374,2305,29801
239.643,380,2308,29845
239.676,365,2307,29827
239.705,384,2304,29797
239.737,367,2305,29801
239.766,387,2305,29803
239.798,379,2305,29802
239.828,369,2308,29843
239.860,385,2316,29948
239.890,372,2327,30097
239.922,382,2328,30106
239.951,388,2321,30018
239.984,379,2315,29931
240.013,368,2313,29914
240.045,381,2313,29914
240.077,381,2312,29899
240.106,376,2305,29805
240.138,378,2314,29918
240.167,385,2326,30077
240.200,391,2327,30093
240.229,376,2328,30102
240.261,381,2332,30156
240.290,380,2330,30127
240.323,381,2314,29927
240.352,379,2303,29786
240.385,377,2297,29699
240.413,386,2294,29661
240.446,378,2293,29657
240.478,378,2293,29649
240.507,385,2290,29608
240.540,373,2289,29597
240.569,371,2292,29632
240.601,376,2287,29571
240.630,378,2279,29471
240.663,375,2280,29487
240.692,386,2290,29608
240.725,386,2292,29641
240.754,385,2294,29661
240.786,387,2300,29746
240.815,378,2296,29690
240.848,385,2289,29598
240.876,379,2279,29469
240.909,385,2279,29474
240.941,383,2294,29662
240.970,380,2305,29811
241.003,388,2308,29843
241.032,371,2306,29813
241.064,376,2303,29781
241.093,380,2302,29765
241.126,376,2303,29779
241.155,382,2309,29854
241.187,372,2313,29916
241.216,377,2316,29944
241.249,375,2325,30065
241.278,367,2330,30126
241.311,377,2331,30146
241.342,379,2333,30164
241.372,371,2334,30187
241.404,376,2338,30234
241.433,377,2342,30279
241.466,376,2350,30385
241.495,375,2358,30489
241.527,366,2367,30613
241.556,380,2377,30734
241.589,372,2378,30753
241.617,371,2380,30782
241.650,372,2382,30796
241.679,385,2383,30812
241.712,371,2385,30836
241.744,371,2387,30871
241.773,372,2384,30828
241.806,372,2383,30812
241.834,381,2381,30786
241.867,374,2378,30756
241.896,373,2378,30745
241.928,375,2377,30742
241.957,374,2375,30705
241.990,378,2371,30661
242.019,374,2367,30606
242.052,373,2359,30506
242.080,368,2358,30492
242.113,366,2355,30458
242.142,376,2353,30427
242.174,376,2346,30331
242.207,377,2343,30304
242.236,376,2341,30274
242.268,380,2339,30245
242.297,382,2338,30236
242.329,378,2338,30229
242.358,370,2335,30194
242.391,376,2335,30189
242.420,376,2336,30202
242.452,379,2334,30186
242.481,378,2329,30122
242.514,376,2323,30034
242.543,379,2315,29934
242.576,378,2313,29906
242.608,376,2308,29840
242.637,375,2306,29815
242.670,375,2304,29790
242.698,376,2295,29676
242.731,363,2292,29642
242.760,378,2290,29608
242.793,377,2289,29597
242.821,378,2281,29492
242.854,382,2276,29437
242.883,377,2267,29317
242.916,382,2265,29284
242.944,378,2267,29312
242.977,388,2265,29286
243.006,382,2260,29219
243.038,380,2254,29152
243.071,378,2254,29147
243.100,376,2249,29088
243.132,372,2240,28960
243.161,382,2234,28891
243.194,380,2227,28801
243.223,373,2223,28747
243.255,383,2219,28698
243.284,381,2219,28699
243.317,387,2219,28696
243.346,378,2220,28701
243.378,376,2223,28743
243.407,368,2221,28726
243.440,372,2217,28667
243.472,389,2210,28584
243.501,376,2206,28532
243.534,376,2203,28486
243.563,378,2196,28396
243.596,385,2186,28262
243.624,389,2192,28344
243.657,383,2199,28441
243.686,379,2200,28453
243.719,379,2198,28425
243.747,380,2190,28316
243.780,390,2184,28238
243.809,377,2186,28262
243.842,377,2184,28244
243.874,374,2179,28173
243.903,373,2170,28057
243.935,376,2173,28104
243.964,378,2179,28173
243.997,383,2180,28187
244.026,384,2180,28196
244.058,384,2186,28261
244.087,385,2186,28273
244.120,380,2180,28195
244.149,370,2180,28186
244.181,383,2180,28187
244.210,375,2180,28192
244.243,374,2185,28258
244.275,378,2193,28357
244.304,375,2195,28384
244.337,379,2199,28441
244.366,378,2205,28513
244.398,378,2201,28457
244.427,377,2199,28429
244.460,374,2198,28425
244.489,380,2200,28445
244.522,380,2199,28440
244.550,387,2191,28336
244.582,382,2180,28193
244.611,390,2183,28232
244.644,390,2188,28291
244.676,384,2194,28365
244.705,383,2199,28440
244.738,380,2209,28567
244.767,373,2214,28625
244.800,382,2214,28626
244.829,380,2213,28614
244.861,380,2219,28697
244.891,385,2228,28804
244.923,375,2236,28909
244.951,376,2249,29086
244.985,378,2254,29142
245.013,388,2256,29175
245.046,373,2271,29372
245.074,377,2277,29447
245.107,377,2276,29430
245.140,383,2279,29475
245.169,372,2287,29577
245.201,372,2293,29650
245.230,384,2294,29658
245.263,387,2294,29660
245.291,380,2294,29659
245.324,370,2294,29660
245.354,378,2295,29673
245.387,374,2295,29672
245.415,377,2296,29684
245.447,380,2294,29659
245.476,375,2285,29547
245.508,379,2276,29438
245.541,380,2265,29288
245.570,372,2257,29192
245.602,381,2252,29117
245.631,370,2231,28854
245.664,375,2211,28587
245.693,378,2198,28428
245.726,378,2185,28255
245.755,373,2180,28190
245.787,376,2179,28182
245.816,373,2178,28164
245.849,378,2171,28077
245.877,383,2170,28058
245.910,372,2172,28082
245.942,384,2174,28107
245.971,388,2169,28052
246.004,376,2162,27961
246.033,373,2167,28026
246.065,373,2175,28121
246.094,376,2179,28175
246.126,383,2180,28185
246.155,381,2184,28246
246.188,382,2193,28357
246.217,385,2184,28238
246.250,372,2178,28167
246.279,379,2170,28054
246.311,381,2165,27993
246.344,391,2164,27986
246.373,376,2163,27976
246.405,380,2155,27868
246.435,385,2155,27869
246.467,381,2172,28086
246.496,383,2179,28182
246.528,380,2170,28063
246.557,387,2171,28071
246.590,380,2176,28138
246.618,378,2174,28113
246.651,377,2179,28172
246.680,376,2178,28167
246.713,381,2169,28050
246.745,386,2149,27795
246.774,375,2140,27676
246.806,381,2140,27676
246.835,384,2149,27783
246.868,386,2156,27874
246.897,383,2160,27936
246.929,379,2163,27973
246.958,384,2169,28044
246.991,387,2165,27994
247.020,376,2159,27921
247.053,387,2152,27834
247.082,379,2140,27674
247.115,386,2139,27660
247.147,383,2139,27666
247.176,388,2140,27678
247.208,382,2144,27725
247.238,394,2141,27685
247.270,384,2146,27754
247.299,382,2156,27879
247.331,382,2172,28084
247.360,380,2168,28033
247.393,388,2146,27744
247.422,376,2121,27432
247.454,385,2120,27417
247.483,380,2136,27618
247.516,389,2156,27874
247.548,366,2175,28131
247.577,378,2180,28185
247.609,383,2168,28037
247.639,377,2163,27965
247.671,386,2169,28044
247.700,375,2174,28117
247.733,385,2179,28181
247.761,384,2182,28213
247.794,383,2191,28331
247.823,387,2199,28436
247.856,380,2200,28453
247.885,375,2202,28472
247.917,381,2204,28495
247.946,380,2209,28565
247.978,380,2220,28702
248.011,384,2229,28829
248.040,381,2234,28890
248.072,379,2237,28928
248.102,384,2236,28917
248.134,376,2234,28891
248.163,380,2226,28780
248.195,366,2228,28806
248.225,381,2234,28892
248.258,378,2244,29013
248.286,375,2254,29149
248.318,386,2267,29313
248.347,379,2280,29479
248.380,381,2289,29601
248.412,380,2294,29659
248.441,375,2301,29751
248.474,372,2306,29819
248.502,376,2313,29914
248.535,379,2318,29977
248.564,377,2329,30118
248.596,379,2338,30233
248.625,371,2343,30295
248.658,364,2351,30404
248.687,375,2356,30460
248.719,370,2358,30497
248.748,372,2364,30563
248.781,383,2369,30631
248.813,376,2371,30654
248.842,369,2372,30679
248.875,371,2373,30690
248.904,377,2375,30708
248.936,375,2377,30737
248.965,373,2378,30750
248.998,369,2381,30792
249.027,373,2386,30852
249.060,374,2393,30939
249.088,376,2395,30964
249.121,377,2399,31017
249.149,376,2404,31090
249.182,371,2407,31124
249.215,379,2408,31140
249.244,373,2410,31167
249.276,366,2412,31189
249.305,370,2413,31199
249.338,374,2413,31202
249.367,368,2414,31216
249.399,369,2419,31275
249.428,362,2421,31311
249.461,365,2423,31332
249.489,361,2424,31350
249.522,370,2427,31379
249.551,367,2430,31425
249.584,369,2432,31453
249.612,370,2436,31504
249.645,354,2437,31518
249.678,366,2442,31576
249.707,363,2447,31640
249.739,358,2448,31650
249.768,365,2451,31699
249.801,364,2453,31718
249.829,357,2455,31741
249.862,370,2456,31762
249.892,358,2457,31768
249.924,361,2457,31774
249.952,362,2457,31776
249.985,363,2458,31779
250.014,352,2458,31784
250.047,359,2458,31780
250.079,360,2459,31795
250.108,357,2460,31814
250.140,359,2461,31825
250.169,363,2462,31833
250.202,364,2462,31842
250.231,354,2462,31840
250.263,363,2462,31843
250.292,362,2463,31855
250.325,351,2463,31853
250.354,355,2465,31869
250.386,352,2465,31871
250.415,362,2465,31876
250.448,359,2467,31897
250.477,371,2466,31889
250.510,360,2467,31897
250.542,361,2466,31889
250.571,355,2467,31900
250.603,355,2467,31899
250.632,356,2466,31888
250.665,362,2467,31900
250.694,365,2467,31902
250.726,360,2467,31907
250.755,354,2468,31918
250.788,360,2468,31920
250.816,360,2469,31923
250.849,351,2469,31929
250.878,360,2469,31933
250.911,358,2469,31933
250.943,352,2470,31937
250.972,358,2470,31942
251.005,358,2470,31941
251.033,353,2471,31955
251.066,348,2471,31952
251.095,353,2471,31958
251.128,353,2472,31960
251.156,355,2472,31962
251.189,360,2472,31961
251.218,355,2471,31950
251.251,355,2471,31951
251.280,362,2470,31939
251.312,365,2470,31934
251.341,353,2468,31912
251.374,353,2467,31899
251.406,355,2465,31878
251.435,364,2464,31862
251.467,357,2463,31851
251.497,350,2462,31839
251.529,354,2462,31842
251.559,358,2462,31833
251.591,362,2460,31814
251.620,356,2459,31794
251.652,354,2458,31779
251.681,357,2457,31774
251.714,363,2457,31772
251.742,355,2457,31771
251.775,369,2455,31751
251.804,362,2453,31718
251.837,358,2452,31705
251.869,367,2450,31686
251.899,372,2449,31665
251.931,361,2447,31645
251.960,361,2445,31611
251.992,360,2441,31563
252.022,365,2438,31526
252.054,375,2437,31518
252.082,365,2434,31472
252.115,362,2431,31436
252.144,366,2423,31332
252.177,373,2414,31221
252.207,376,2412,31195
252.238,371,2403,31071
252.270,376,2394,30953
252.300,370,2387,30862
252.332,377,2381,30794
252.361,367,2378,30749
252.393,374,2374,30698
252.422,367,2368,30616
252.455,373,2359,30499
252.484,378,2351,30407
252.517,368,2339,30247
252.545,368,2332,30161
252.578,373,2322,30027
252.607,368,2314,29925
252.639,378,2307,29827
252.672,370,2299,29727
252.701,385,2294,29660
252.733,376,2294,29659
252.762,379,2294,29658
252.795,377,2291,29629
252.824,381,2288,29584
252.856,376,2280,29486
252.885,372,2269,29340
252.918,374,2255,29157
252.947,383,2254,29146
252.979,381,2251,29105
253.008,376,2235,28907
253.041,372,2229,28821
253.069,373,2234,28895
253.102,385,2248,29066
253.135,381,2247,29059
253.164,377,2235,28903
253.196,383,2221,28725
253.225,381,2212,28608
253.258,382,2201,28455
253.287,373,2198,28423
253.319,380,2199,28442
253.348,376,2204,28499
253.381,374,2209,28564
253.410,381,2198,28429
253.442,371,2185,28254
253.471,379,2185,28256
253.504,384,2184,28244
253.536,388,2180,28186
253.565,372,2170,28058
253.597,386,2161,27945
253.626,383,2163,27972
253.659,385,2156,27882
253.688,384,2155,27864
253.720,381,2174,28113
253.749,374,2195,28378
253.782,385,2200,28444
253.811,384,2199,28440
253.844,381,2207,28538
253.872,378,2219,28696
253.905,382,2221,28714
253.934,386,2221,28718
253.967,379,2217,28670
253.999,379,2220,28702
254.028,386,2235,28905
254.060,390,2254,29151
254.089,378,2269,29338
254.122,381,2276,29437
254.151,379,2279,29466
254.183,375,2286,29564
254.212,380,2293,29656
254.245,377,2294,29669
254.274,372,2294,29669
254.306,373,2294,29665
254.335,373,2297,29706
254.368,380,2304,29793
254.400,381,2313,29913
254.429,374,2320,29997
254.462,376,2329,30122
254.491,358,2334,30184
254.523,369,2338,30235
254.552,371,2339,30244
254.585,376,2343,30304
254.614,369,2351,30399
254.647,371,2354,30442
254.675,367,2358,30490
254.708,369,2362,30547
254.737,372,2370,30647
254.769,376,2377,30742
254.802,375,2381,30789
254.831,366,2389,30895
254.863,372,2393,30950
254.892,367,2398,31005
254.925,370,2404,31086
254.954,369,2408,31132
254.986,366,2410,31164
255.015,361,2412,31191
255.048,367,2413,31196
255.077,378,2413,31197
255.109,375,2413,31205
255.138,370,2416,31244
255.171,372,2421,31309
255.199,376,2423,31329
255.232,371,2426,31376
255.265,370,2432,31447
255.294,363,2434,31477
255.326,372,2437,31514
255.355,373,2438,31526
255.388,363,2439,31540
255.416,369,2442,31574
255.449,367,2444,31602
255.478,364,2446,31630
255.511,365,2447,31642
255.539,361,2447,31648
255.572,363,2448,31656
255.601,368,2448,31660
255.634,367,2449,31662
255.666,361,2449,31674
255.695,356,2450,31685
255.727,371,2452,31701
255.757,371,2452,31712
255.789,355,2453,31723
255.818,361,2454,31735
255.850,358,2455,31748
255.879,363,2456,31761
255.912,358,2457,31772
255.940,364,2457,31767
255.973,361,2457,31774
256.002,355,2457,31775
256.035,366,2457,31774
256.064,362,2457,31774
256.097,361,2458,31782
256.129,360,2458,31783
256.158,365,2457,31777
256.190,359,2457,31776
256.219,364,2457,31778
256.252,359,2457,31773
256.281,362,2457,31777
256.313,356,2457,31774
256.342,360,2457,31776
256.375,361,2457,31776
256.404,357,2457,31773
256.436,358,2457,31777
256.465,359,2457,31777
256.498,351,2457,31777
256.530,364,2458,31779
256.559,354,2458,31789
256.592,360,2459,31795
256.621,360,2459,31796
256.653,366,2460,31809
256.682,351,2461,31819
256.715,365,2461,31822
256.743,354,2461,31819
256.776,347,2460,31810
256.805,365,2459,31803
256.838,357,2459,31804
256.867,356,2459,31802
256.899,361,2460,31813
256.928,360,2460,31815
256.961,360,2460,31807
256.993,365,2459,31803
257.022,357,2458,31791
257.055,349,2458,31781
257.084,359,2457,31777
257.116,355,2457,31773
257.145,355,2457,31773
257.177,354,2456,31764
257.207,365,2455,31741
257.240,363,2453,31721
257.268,362,2451,31691
257.301,369,2449,31664
257.329,364,2447,31643
257.363,359,2445,31619
257.395,362,2442,31576
257.424,362,2438,31526
257.456,373,2437,31519
257.485,365,2436,31500
257.518,362,2433,31458
257.546,367,2430,31420
257.579,365,2424,31339
257.608,363,2421,31309
257.641,374,2417,31260
257.670,372,2414,31222
257.702,364,2413,31201
257.731,365,2412,31192
257.764,372,2411,31176
257.792,379,2408,31134
257.825,368,2400,31041
257.857,374,2396,30984
257.887,369,2394,30955
257.919,371,2393,30943
257.948,365,2389,30888
257.980,373,2383,30819
258.009,373,2379,30768
258.042,371,2377,30742
258.070,371,2374,30702
258.103,366,2370,30642
258.132,364,2363,30561
258.165,364,2358,30492
258.193,375,2353,30432
258.226,373,2343,30302
258.258,379,2338,30239
258.288,378,2335,30195
258.321,378,2324,30054
258.349,374,2314,29917
258.382,373,2307,29837
258.411,373,2299,29731
258.443,371,2294,29660
258.473,374,2290,29618
258.506,372,2289,29594
258.534,369,2283,29524
258.566,366,2277,29445
258.595,377,2259,29209
258.628,376,2242,28995
258.657,370,2234,28889
258.689,382,2233,28872
258.721,376,2234,28892
258.751,377,2239,28954
258.783,375,2249,29081
258.812,386,2250,29089
258.845,376,2253,29138
258.873,382,2256,29167
258.906,376,2259,29216
258.935,376,2254,29150
258.968,370,2250,29096
258.996,371,2241,28976
259.029,371,2235,28905
259.058,386,2234,28887
259.091,375,2233,28879
259.123,373,2234,28892
259.153,374,2231,28850
259.185,379,2217,28674
259.214,371,2200,28444
259.246,383,2188,28296
259.275,380,2180,28185
259.308,383,2161,27940
259.337,384,2149,27788
259.369,381,2144,27722
259.398,388,2141,27692
259.431,381,2144,27722
259.459,376,2152,27823
259.492,376,2155,27868
259.524,385,2154,27853
259.553,383,2143,27706
259.586,383,2131,27554
259.615,378,2129,27528
259.647,380,2137,27634
259.677,382,2140,27676
259.709,375,2141,27685
259.738,378,2151,27821
259.770,376,2161,27941
259.800,375,2159,27923
259.832,385,2155,27861
259.861,385,2150,27798
259.894,389,2154,27849
259.926,380,2161,27945
259.955,378,2172,28084
259.987,377,2171,28068
260.017,375,2177,28147
260.049,379,2185,28251
260.078,378,2199,28439
260.110,385,2200,28449
260.139,380,2199,28438
260.173,381,2196,28401
260.201,380,2209,28568
260.233,377,2234,28891
260.262,378,2260,29222
260.295,377,2288,29581
260.323,379,2303,29776
260.356,379,2313,29913
260.388,381,2320,29996
260.417,372,2330,30125
260.450,376,2338,30237
260.479,372,2351,30405
260.511,372,2360,30519
260.541,375,2373,30680
260.573,375,2379,30765
260.602,375,2389,30894
260.635,372,2395,30965
260.663,362,2405,31097
260.696,368,2412,31193
260.725,367,2415,31230
260.758,369,2423,31336
260.790,367,2431,31440
260.819,354,2433,31466
260.851,362,2436,31504
260.880,354,2437,31515
260.913,372,2438,31526
260.942,362,2442,31580
260.975,370,2447,31641
261.004,357,2450,31680
261.036,360,2453,31722
261.065,354,2456,31762
261.097,358,2457,31767
261.126,365,2457,31774
261.159,365,2457,31775
261.187,361,2458,31781
261.221,369,2458,31784
261.253,354,2459,31797
261.282,364,2459,31798
261.314,359,2460,31808
261.343,362,2461,31822
261.375,357,2462,31835
261.405,364,2462,31831
261.438,353,2462,31840
261.466,362,2463,31850
261.499,365,2464,31861
261.528,358,2463,31853
261.561,356,2464,31864
261.589,356,2465,31873
261.622,360,2465,31877
261.654,355,2466,31888
261.683,354,2468,31909
261.715,362,2469,31929
261.745,354,2470,31934
261.777,357,2471,31948
261.807,352,2471,31950
261.839,349,2471,31956
261.868,357,2472,31959
261.900,356,2471,31956
261.929,342,2472,31960
261.962,359,2471,31957
261.991,349,2471,31953
262.023,348,2471,31951
262.055,354,2471,31951
262.086,352,2471,31953
262.117,351,2471,31953
262.146,357,2471,31958
262.179,354,2471,31951
262.208,358,2472,31962
262.240,350,2471,31955
262.270,354,2470,31934
262.302,351,2471,31950
262.331,348,2470,31938
262.364,354,2469,31932
262.392,350,2468,31911
262.425,356,2467,31907
262.453,358,2466,31886
262.486,355,2464,31862
262.518,348,2464,31856
262.548,353,2462,31840
262.580,358,2462,31833
262.608,355,2460,31809
262.641,365,2458,31782
262.670,358,2457,31773
262.703,363,2455,31743
262.732,357,2451,31692
262.764,362,2448,31650
262.793,361,2444,31607
262.826,365,2440,31554
262.855,357,2438,31522
262.888,364,2437,31516
262.917,364,2436,31504
262.949,367,2433,31465
262.981,369,2432,31453
263.010,369,2431,31433
263.043,360,2426,31369
263.072,370,2422,31325
263.104,363,2418,31267
263.133,369,2413,31207
263.166,364,2413,31198
263.195,366,2412,31186
263.228,368,2408,31135
263.257,364,2401,31048
263.289,363,2398,31010
263.318,377,2395,30964
263.351,370,2393,30939
263.383,364,2384,30829
263.412,373,2380,30774
263.444,384,2378,30746
263.474,376,2373,30686
263.506,368,2367,30608
263.535,373,2366,30593
263.567,362,2364,30570
263.596,374,2362,30537
263.629,380,2359,30504
263.657,375,2358,30496
263.691,375,2358,30492
263.719,373,2358,30487
263.752,372,2358,30488
263.781,373,2358,30488
263.813,374,2358,30488
263.846,370,2358,30491
263.875,375,2358,30492
263.907,378,2358,30494
263.936,371,2356,30468
263.969,371,2344,30315
263.998,376,2338,30234
264.031,372,2326,30084
264.059,369,2313,29915
264.092,372,2304,29797
264.121,381,2303,29775
264.154,373,2304,29790
264.182,371,2304,29798
264.215,378,2311,29884
264.247,376,2311,29889
264.276,380,2301,29757
264.308,376,2294,29661
264.337,382,2294,29659
264.370,371,2294,29660
264.399,372,2293,29656
264.431,366,2291,29625
264.460,377,2288,29591
264.493,382,2285,29545
264.521,380,2279,29466
264.554,378,2275,29417
264.583,375,2280,29483
264.616,379,2288,29590
264.648,372,2289,29594
264.677,378,2283,29523
264.710,377,2277,29444
264.738,389,2262,29255
264.771,375,2254,29144
264.800,372,2252,29127
264.833,384,2239,28948
264.861,367,2222,28730
264.894,375,2215,28646
264.923,377,2213,28616
264.956,377,2209,28559
264.984,379,2196,28394
265.017,384,2184,28240
265.050,385,2200,28450
265.078,384,2220,28704
265.111,377,2235,28900
265.140,381,2249,29087
265.172,375,2263,29260
265.201,373,2271,29370
265.234,363,2264,29280
265.263,377,2263,29268
265.296,380,2265,29288
265.324,373,2268,29330
265.357,378,2255,29166
265.386,373,2254,29150
265.418,373,2272,29385
265.447,383,2279,29476
265.480,372,2286,29563
265.512,380,2287,29577
265.541,390,2279,29468
265.574,378,2272,29380
265.603,377,2273,29399
265.635,374,2283,29523
265.664,370,2301,29749
265.697,366,2328,30103
265.726,368,2343,30297
265.758,373,2354,30437
265.787,371,2358,30495
265.820,370,2364,30575
265.848,370,2369,30631
265.881,368,2372,30672
265.914,376,2373,30691
265.943,378,2375,30716
265.975,378,2377,30740
266.004,370,2378,30750
266.037,370,2379,30759
266.066,368,2382,30804
266.098,370,2388,30886
266.127,374,2394,30954
266.160,378,2404,31085
266.188,372,2412,31186
266.221,358,2413,31196
266.250,367,2414,31222
266.282,366,2419,31287
266.315,366,2423,31330
266.344,364,2425,31360
266.377,370,2431,31441
266.406,364,2434,31480
266.438,361,2437,31517
266.467,369,2439,31538
266.499,362,2445,31618
266.528,361,2448,31660
266.561,365,2452,31713
266.590,353,2455,31744
266.623,359,2457,31769
266.652,353,2457,31772
266.684,365,2458,31782
266.717,363,2460,31813
266.746,357,2461,31825
266.778,362,2462,31841
266.807,358,2463,31848
266.840,361,2464,31868
266.869,355,2466,31890
266.901,361,2468,31914
266.930,360,2469,31924
266.963,352,2469,31932
266.991,361,2471,31952
267.024,353,2472,31960
267.053,355,2472,31962
267.085,355,2472,31965
267.114,349,2472,31968
267.147,353,2472,31970
267.179,349,2472,31966
267.208,350,2473,31976
267.241,353,2473,31978
267.270,354,2474,31985
267.302,350,2474,31990
267.331,357,2474,31989
267.364,351,2474,31992
267.393,341,2475,31999
267.425,345,2475,32001
267.454,346,2475,32005
267.487,353,2475,32006
267.516,353,2475,32002
267.548,340,2475,32006
267.581,353,2475,32009
267.610,354,2476,32018
267.642,352,2476,32011
267.671,350,2477,32025
267.704,348,2477,32028
267.732,350,2477,32035
267.765,341,2478,32050
267.794,350,2477,32035
267.827,343,2478,32039
267.856,343,2478,32039
267.889,352,2478,32038
267.917,339,2477,32037
267.950,342,2478,32045
267.979,348,2479,32055
268.011,345,2479,32057
268.044,337,2479,32062
268.073,343,2480,32070
268.105,347,2480,32074
268.134,337,2481,32077
268.167,338,2481,32081
268.196,338,2482,32096
268.228,338,2483,32103
268.257,338,2483,32105
268.290,336,2483,32107
268.318,339,2483,32114
268.351,342,2484,32115
268.380,340,2484,32117
268.413,339,2484,32123
268.442,335,2484,32122
268.474,335,2484,32121
268.507,340,2483,32105
268.536,340,2485,32129
268.568,336,2484,32120
268.597,340,2483,32111
268.630,339,2484,32115
268.658,338,2483,32110
268.691,335,2483,32102
268.720,344,2482,32099
268.753,335,2482,32094
268.782,334,2482,32094
268.814,343,2482,32094
268.843,344,2482,32092
268.876,346,2482,32089
268.908,344,2481,32087
268.937,339,2481,32079
268.969,344,2480,32069
268.998,344,2480,32071
269.031,340,2480,32065
269.060,342,2479,32060
269.093,339,2479,32063
269.121,350,2478,32049
269.154,348,2479,32052
269.183,348,2478,32039
269.216,348,2478,32042
269.244,339,2478,32040
269.277,347,2477,32034
269.309,344,2477,32031
269.338,345,2477,32028
269.371,347,2476,32020
269.400,348,2476,32019
269.432,353,2476,32015
269.461,357,2475,32002
269.494,354,2474,31998
269.523,354,2474,31988
269.555,352,2473,31984
269.584,351,2473,31981
269.617,354,2473,31973
269.645,344,2472,31971
269.678,358,2473,31972
269.707,347,2472,31969
269.740,351,2472,31966
269.772,351,2472,31968
269.802,355,2472,31971
269.834,359,2472,31960
269.863,358,2472,31965
269.895,358,2472,31965
269.924,347,2472,31967
269.957,352,2472,31967
269.986,351,2472,31961
270.019,354,2471,31955
270.047,360,2471,31954
270.080,357,2470,31939
270.109,354,2469,31924
270.142,354,2468,31913
270.174,359,2467,31895
270.203,363,2465,31880
270.235,359,2463,31854
270.264,359,2463,31848
270.297,363,2462,31842
270.326,361,2463,31849
270.358,358,2463,31845
270.387,357,2463,31844
270.420,361,2462,31840
270.449,354,2462,31841
270.481,355,2462,31836
270.510,357,2462,31833
270.543,353,2461,31825
270.571,361,2459,31799
270.604,363,2458,31786
270.636,356,2457,31776
270.666,355,2457,31772
270.698,365,2456,31762
270.727,369,2454,31737
270.760,364,2452,31708
270.789,360,2451,31689
270.821,364,2449,31666
270.850,359,2448,31654
270.883,369,2448,31651
270.912,370,2448,31655
270.944,362,2448,31658
270.974,358,2449,31665
271.006,367,2449,31672
271.038,362,2449,31663
271.067,362,2448,31649
271.100,362,2447,31643
271.129,364,2445,31617
271.161,363,2442,31573
271.190,364,2439,31534
271.222,368,2437,31517
271.252,360,2437,31516
271.285,371,2435,31483
271.313,372,2432,31455
271.346,375,2430,31420
271.375,371,2428,31391
271.407,370,2427,31379
271.436,366,2427,31379
271.468,364,2426,31368
271.500,362,2424,31345
271.530,369,2422,31319
271.562,369,2416,31247
271.591,367,2413,31200
271.624,373,2412,31196
271.652,370,2411,31179
271.685,372,2408,31139
271.715,374,2406,31111
271.747,376,2402,31065
271.776,378,2400,31031
271.808,379,2396,30980
271.837,377,2394,30954
271.870,374,2394,30951
271.903,372,2394,30953
271.931,374,2393,30944
271.964,371,2389,30892
271.993,381,2381,30789
272.025,374,2377,30741
272.054,374,2368,30622
272.087,378,2359,30499
272.116,371,2354,30442
272.148,370,2347,30354
272.177,373,2343,30302
272.210,369,2342,30280
272.239,377,2340,30264
272.271,379,2339,30244
272.304,366,2338,30236
272.333,375,2338,30236
272.365,376,2334,30187
272.394,374,2328,30107
272.427,374,2319,29994
272.455,379,2313,29910
272.489,371,2300,29739
272.517,377,2290,29609
272.550,376,2279,29472
272.578,377,2273,29393
272.611,385,2261,29231
272.640,380,2253,29138
272.673,383,2246,29047
272.705,370,2239,28947
272.734,386,2234,28885
272.767,383,2223,28751
272.796,391,2215,28644
272.828,383,2203,28485
272.857,379,2192,28339
272.890,383,2164,27986
272.919,379,2131,27552
272.952,385,2095,27097
272.980,391,2059,26630
273.013,387,2040,26378
273.041,380,2036,26324
273.074,384,2041,26399
273.106,384,2049,26492
273.136,385,2050,26503
273.168,379,2042,26404
273.197,386,2041,26398
273.230,378,2048,26480
273.258,385,2048,26478
273.291,382,2042,26401
273.320,373,2041,26396
273.353,389,2022,26147
273.381,386,2010,25986
273.414,383,2001,25880
273.443,381,1996,25814
273.475,386,1997,25818
273.508,382,2012,26020
273.537,389,2021,26131
273.569,394,2021,26137
273.598,382,2016,26075
273.631,381,2011,26001
273.660,384,2021,26137
273.692,376,2027,26215
273.721,386,2022,26148
273.754,392,2026,26201
273.782,380,2057,26595
273.815,395,2091,27042
273.844,386,2097,27121
273.876,383,2096,27108
273.909,379,2100,27151
273.938,386,2114,27330
273.971,386,2107,27247
274.000,381,2107,27246
274.033,380,2132,27564
274.061,382,2158,27909
274.094,378,2182,28211
274.122,378,2200,28445
274.155,376,2207,28539
274.184,386,2222,28739
274.217,389,2252,29127
274.246,384,2281,29495
274.278,381,2298,29712
274.310,380,2308,29843
274.340,377,2312,29897
274.372,381,2314,29921
274.401,376,2324,30051
274.434,375,2337,30224
274.463,376,2345,30323
274.495,374,2358,30490
274.524,380,2365,30582
274.557,369,2374,30693
274.585,382,2379,30763
274.618,376,2387,30873
274.647,386,2394,30962
274.680,368,2403,31070
274.708,372,2407,31130
274.741,371,2412,31194
274.773,369,2413,31197
274.803,368,2413,31201
274.835,360,2415,31232
274.864,375,2421,31305
274.897,372,2424,31342
274.925,366,2429,31409
274.958,371,2433,31459
274.988,367,2435,31491
275.020,369,2437,31518
275.048,371,2438,31522
275.081,364,2441,31563
275.110,371,2444,31609
275.143,353,2447,31641
275.175,368,2447,31646
275.204,363,2451,31691
275.237,359,2452,31712
275.266,365,2454,31739
275.298,358,2456,31760
275.327,369,2457,31769
275.359,357,2457,31772
275.389,360,2458,31780
275.422,356,2457,31777
275.450,360,2458,31785
275.483,357,2459,31797
275.511,366,2459,31804
275.544,356,2461,31826
275.576,365,2462,31832
275.605,362,2462,31838
275.638,361,2463,31843
275.667,356,2463,31845
275.700,359,2463,31847
275.729,357,2463,31848
275.761,364,2465,31875
275.790,362,2467,31903
275.822,359,2469,31926
275.851,354,2469,31932
275.884,355,2470,31944
275.912,357,2471,31955
275.945,354,2471,31959
275.977,355,2472,31962
276.006,360,2471,31958
276.039,364,2472,31964
276.068,352,2472,31966
276.100,354,2472,31966
276.129,356,2472,31967
276.162,357,2472,31970
276.191,357,2472,31967
276.224,354,2473,31972
276.253,349,2473,31974
276.286,354,2473,31973
276.314,354,2473,31982
276.347,353,2474,31990
276.375,349,2474,31995
276.408,351,2474,31996
276.440,350,2475,32003
276.470,347,2475,32005
276.502,350,2475,32006
276.532,355,2476,32014
276.563,348,2476,32015
276.592,347,2476,32017
276.625,350,2476,32022
276.654,346,2477,32025
276.687,351,2477,32035
276.716,348,2477,32028
276.748,346,2477,32033
276.777,344,2477,32035
276.810,349,2478,32038
276.839,348,2478,32043
276.871,351,2478,32044
276.903,345,2478,32045
276.933,343,2478,32046
276.965,340,2478,32039
276.994,344,2478,32050
277.026,342,2478,32046
277.055,343,2478,32038
277.088,352,2477,32034
277.117,349,2477,32029
277.150,342,2477,32034
277.179,348,2477,32028
277.211,347,2476,32021
277.240,349,2477,32026
277.273,344,2476,32019
277.305,353,2476,32014
277.335,348,2475,32002
277.366,353,2474,31993
277.395,354,2473,31984
277.428,352,2473,31977
277.457,347,2472,31971
277.489,353,2472,31968
277.518,357,2472,31961
277.551,356,2471,31958
277.579,355,2469,31928
277.612,355,2467,31902
277.641,365,2465,31875
277.674,355,2463,31851
277.706,366,2462,31840
277.735,363,2461,31825
277.767,365,2458,31787
277.796,370,2457,31777
277.829,367,2457,31768
277.858,364,2456,31759
277.890,365,2454,31727
277.919,359,2452,31705
277.952,368,2450,31682
277.981,365,2448,31654
278.013,372,2447,31640
278.042,367,2444,31601
278.075,365,2440,31555
278.104,374,2438,31527
278.137,362,2437,31517
278.169,368,2436,31503
278.198,370,2433,31458
278.230,366,2430,31422
278.259,374,2424,31351
278.292,362,2422,31319
278.321,369,2421,31303
278.353,364,2417,31257
278.382,382,2413,31203
278.415,362,2413,31201
278.444,369,2413,31197
278.477,368,2413,31196
278.505,372,2410,31163
278.538,379,2407,31125
278.570,378,2402,31057
278.599,370,2397,30998
278.632,375,2393,30943
278.661,366,2392,30937
278.693,368,2391,30924
278.722,372,2390,30910
278.755,373,2387,30861
278.784,371,2381,30785
278.817,381,2377,30737
278.845,377,2367,30613
278.878,377,2357,30483
278.907,376,2344,30306
278.939,380,2338,30234
278.968,381,2328,30110
279.001,380,2319,29984
279.033,371,2314,29918
279.062,372,2311,29887
279.095,376,2305,29811
279.124,381,2304,29788
279.156,382,2298,29717
279.186,371,2293,29655
279.219,375,2283,29523
279.247,378,2273,29387
279.279,380,2254,29147
279.308,375,2235,28898
279.341,376,2221,28720
279.370,375,2216,28657
279.403,382,2210,28581
279.435,382,2217,28669
279.464,376,2220,28707
279.496,377,2232,28859
279.525,379,2239,28953
279.558,375,2238,28940
279.586,382,2229,28830
279.619,386,2220,28704
279.648,378,2216,28658
279.681,379,2210,28581
279.709,374,2205,28518
279.743,387,2200,28446
279.771,377,2198,28427
279.804,376,2199,28442
279.836,375,2202,28477
279.865,379,2200,28444
279.898,376,2200,28449
279.927,382,2208,28550
279.959,376,2215,28642
279.989,370,2222,28733
280.021,381,2220,28707
280.050,381,2207,28544
280.082,382,2181,28201
280.111,377,2159,27922
280.143,382,2154,27857
280.172,378,2156,27881
280.205,386,2175,28130
280.237,378,2189,28309
280.267,381,2186,28267
280.299,389,2178,28160
280.328,377,2165,27994
280.360,381,2171,28074
280.389,375,2180,28184
280.421,374,2180,28196
280.451,381,2181,28208
280.483,382,2185,28261
280.512,392,2183,28233
280.545,380,2180,28195
280.573,382,2180,28195
280.606,377,2180,28187
280.638,385,2180,28184
280.667,380,2180,28187
280.700,379,2175,28124
280.729,384,2168,28038
280.761,387,2167,28021
280.790,380,2167,28025
280.823,386,2168,28031
280.852,390,2160,27935
280.884,389,2155,27870
280.913,375,2174,28117
280.946,378,2192,28349
280.975,387,2199,28432
281.007,389,2195,28386
281.040,391,2192,28344
281.069,381,2198,28427
281.101,381,2201,28457
281.130,385,2207,28542
281.163,377,2214,28632
281.192,380,2219,28693
281.224,374,2220,28710
281.253,384,2222,28733
281.286,381,2225,28767
281.315,380,2226,28786
281.347,371,2229,28818
281.376,378,2234,28882
281.409,382,2236,28911
281.441,382,2231,28846
281.470,377,2223,28743
281.503,385,2221,28726
281.532,383,2235,28896
281.564,388,2242,28992
281.593,373,2250,29093
281.626,382,2253,29135
281.655,379,2255,29156
281.687,373,2260,29223
281.716,375,2258,29204
281.749,388,2255,29161
281.778,368,2255,29163
281.810,371,2256,29171
281.839,381,2263,29267
281.872,380,2273,29387
281.904,378,2279,29465
281.933,381,2284,29530
281.966,385,2290,29616
281.995,383,2294,29660
282.027,380,2304,29788
282.056,373,2314,29917
282.089,386,2322,30032
282.117,370,2330,30125
282.150,376,2336,30210
282.179,379,2338,30235
282.212,380,2338,30238
282.240,379,2345,30323
282.273,369,2357,30475
282.306,382,2366,30600
282.334,370,2378,30746
282.367,371,2388,30886
282.396,372,2396,30978
282.429,370,2407,31121
282.457,374,2412,31193
282.490,377,2412,31195
282.519,362,2417,31250
282.552,371,2423,31328
282.580,376,2430,31421
282.613,375,2434,31473
282.642,367,2437,31518
282.674,364,2439,31540
282.703,370,2443,31595
282.736,374,2447,31648
282.768,373,2449,31673
282.797,367,2452,31706
282.830,350,2453,31723
282.859,372,2455,31747
282.891,359,2456,31754
282.920,364,2457,31767
282.953,369,2457,31770
282.982,367,2457,31774
283.014,367,2458,31781
283.043,363,2459,31797
283.076,363,2461,31823
283.105,362,2462,31837
283.137,361,2463,31844
283.170,365,2463,31849
283.199,368,2464,31862
283.231,358,2466,31887
283.261,349,2466,31889
283.293,365,2467,31899
283.322,351,2468,31910
283.355,358,2467,31905
283.384,355,2467,31900
283.417,363,2468,31911
283.445,360,2468,31908
283.478,357,2468,31920
283.507,361,2469,31924
283.540,356,2469,31921
283.571,355,2470,31935
283.600,361,2470,31944
283.633,356,2471,31951
283.662,365,2471,31954
283.694,362,2472,31961
283.723,362,2472,31963
283.756,360,2472,31964
283.785,356,2472,31962
283.818,360,2472,31967
283.846,352,2472,31965
283.879,358,2472,31966
283.908,353,2472,31970
283.941,356,2472,31972
283.969,358,2472,31969
284.002,352,2473,31977
284.034,358,2472,31969
284.063,365,2472,31969
284.096,358,2472,31965
284.125,348,2472,31968
284.157,351,2473,31976
284.186,358,2473,31973
284.219,351,2473,31976
284.248,352,2474,31987
284.281,357,2474,31986
284.309,351,2474,31986
284.342,348,2473,31983
284.370,353,2474,31992
284.403,353,2474,31993
284.435,352,2474,31996
284.465,354,2475,32004
284.497,357,2475,32010
284.526,354,2476,32011
284.559,345,2476,32016
284.587,343,2476,32012
284.620,352,2476,32019
284.649,358,2476,32019
284.682,348,2477,32027
284.711,350,2476,32022
284.744,350,2476,32021
284.772,350,2477,32025
284.805,346,2477,32033
284.834,352,2477,32032
284.866,350,2477,32029
284.898,349,2477,32035
284.927,346,2477,32036
284.960,352,2478,32039
284.989,358,2477,32036
285.021,350,2477,32033
285.050,343,2477,32037
285.083,352,2476,32021
285.112,345,2477,32036
285.145,352,2477,32029
285.173,345,2477,32031
285.207,352,2477,32026
285.235,347,2477,32032
285.268,349,2477,32026
285.300,347,2477,32025
285.329,351,2476,32012
285.362,353,2475,32010
285.391,351,2474,31998
285.423,351,2474,31997
285.452,356,2473,31985
285.485,344,2473,31977
285.513,356,2473,31982
285.546,345,2472,31972
285.574,344,2472,31969
285.607,351,2472,31970
285.636,350,2472,31965
285.669,360,2472,31967
285.701,355,2472,31968
285.731,352,2472,31963
285.763,362,2471,31954
285.792,351,2472,31960
285.824,364,2471,31947
285.854,360,2469,31921
285.886,357,2468,31913
285.915,368,2466,31893
285.948,369,2465,31872
285.977,355,2465,31869
286.009,356,2463,31851
286.037,363,2463,31850
286.071,366,2462,31833
286.099,354,2461,31828
286.132,364,2459,31795
286.164,361,2458,31785
286.193,371,2457,31767
286.226,365,2455,31744
286.255,362,2452,31707
286.288,368,2447,31648
286.317,367,2445,31612
286.349,372,2439,31537
286.378,371,2437,31519
286.411,373,2437,31509
286.439,369,2433,31462
286.472,366,2431,31437
286.501,368,2427,31385
286.533,367,2423,31334
286.565,374,2422,31323
286.594,369,2419,31276
286.627,370,2415,31230
286.656,365,2413,31199
286.689,373,2412,31193
286.718,372,2412,31190
286.750,370,2407,31128
286.779,363,2400,31031
286.812,378,2394,30955
286.841,366,2392,30925
286.874,375,2385,30842
286.902,372,2383,30812
286.935,373,2379,30758
286.963,379,2378,30749
286.996,369,2377,30742
287.028,385,2373,30686
287.058,378,2368,30625
287.090,380,2366,30597
287.119,378,2360,30512
287.151,373,2357,30473
287.180,371,2347,30349
287.213,375,2339,30241
287.241,376,2334,30176
287.274,373,2330,30124
287.303,382,2331,30136
287.336,376,2332,30161
287.364,384,2333,30173
287.397,376,2334,30176
287.429,374,2329,30116
287.459,371,2321,30012
287.491,382,2314,29924
287.520,369,2310,29865
287.553,379,2303,29778
287.582,383,2302,29772
287.614,375,2294,29659
287.643,385,2294,29663
287.676,373,2294,29660
287.705,382,2293,29658
287.738,378,2291,29624
287.766,375,2287,29576
287.799,384,2284,29537
287.831,386,2281,29494
287.861,372,2279,29476
287.893,377,2272,29384
287.922,373,2265,29293
287.954,374,2263,29265
287.983,381,2262,29246
288.016,375,2265,29294
288.045,372,2276,29429
288.077,376,2279,29467
288.106,374,2283,29527
288.139,371,2283,29518
288.168,372,2279,29467
288.201,380,2268,29332
288.229,384,2254,29145
288.262,374,2234,28888
288.294,368,2219,28695
288.323,375,2209,28571
288.356,384,2205,28513
288.385,379,2203,28483
288.417,377,2203,28484
288.446,387,2200,28450
288.479,387,2195,28390
288.507,372,2189,28303
288.540,371,2185,28254
288.569,370,2181,28203
288.601,380,2177,28151
288.634,382,2171,28079
288.663,385,2170,28064
288.695,372,2163,27972
288.724,387,2159,27915
288.757,380,2155,27866
288.786,380,2155,27869
288.818,377,2155,27864
288.847,381,2158,27907
288.880,385,2164,27982
288.909,385,2166,28004
288.942,378,2179,28175
288.971,383,2180,28196
289.004,380,2188,28299
289.032,377,2184,28248
289.065,375,2178,28168
289.097,382,2169,28050
289.126,379,2160,27932
289.159,376,2171,28076
289.187,387,2181,28199
289.220,393,2186,28265
289.249,381,2177,28153
289.281,379,2150,27797
289.310,380,2128,27516
289.343,380,2118,27383
289.372,378,2113,27327
289.404,377,2105,27224
289.433,377,2102,27187
289.465,373,2105,27216
289.498,375,2113,27328
289.527,387,2122,27444
289.559,387,2130,27545
289.588,375,2121,27427
289.621,384,2118,27394
289.651,369,2116,27366
289.683,384,2111,27299
289.712,379,2098,27128
289.744,388,2098,27134
289.773,382,2119,27406
289.806,387,2128,27518
289.835,373,2120,27420
289.868,382,2116,27366
289.899,375,2118,27388
289.929,375,2120,27412
289.961,375,2110,27283
289.991,380,2095,27091
290.023,384,2083,26941
290.052,388,2090,27026
290.085,388,2096,27105
290.113,380,2100,27156
290.146,378,2104,27212
290.174,385,2110,27286
290.207,384,2105,27216
290.236,387,2105,27226
290.269,388,2117,27370
290.301,383,2118,27382
290.331,383,2127,27504
290.362,384,2155,27868
290.392,382,2182,28215
290.424,383,2188,28288
290.453,388,2181,28197
290.485,390,2184,28237
290.515,376,2176,28142
290.547,388,2161,27949
290.576,389,2161,27942
290.608,376,2181,28202
290.637,379,2185,28257
290.670,380,2178,28164
290.702,383,2147,27761
290.732,378,2140,27677
290.764,388,2160,27926
290.793,379,2181,28202
290.825,382,2180,28193
290.854,385,2171,28070
290.887,377,2180,28185
290.916,385,2180,28189
290.949,380,2177,28150
290.977,381,2182,28211
291.010,382,2202,28470
291.039,385,2214,28632
291.071,377,2203,28492
291.104,384,2187,28278
291.133,379,2179,28180
291.165,388,2180,28187
291.195,380,2185,28250
291.227,380,2196,28396
291.256,384,2200,28447
291.289,367,2219,28692
291.318,386,2238,28935
291.350,389,2260,29224
291.379,385,2279,29474
291.411,375,2294,29660
291.440,376,2298,29718
291.473,373,2303,29786
291.505,379,2312,29894
291.535,374,2318,29975
291.567,380,2331,30142
291.596,371,2338,30234
291.628,380,2339,30244
291.657,378,2338,30236
291.689,378,2329,30113
291.718,371,2313,29913
291.751,381,2298,29709
291.780,384,2287,29571
291.812,380,2273,29392
291.841,375,2265,29286
291.874,369,2271,29368
291.903,382,2265,29286
291.936,377,2254,29152
291.968,387,2253,29137
291.998,376,2248,29069
292.030,371,2237,28925
292.059,381,2234,28895
292.091,386,2234,28893
292.120,376,2231,28855
292.153,375,2222,28738
292.181,377,2214,28625
292.214,380,2211,28590
292.243,380,2210,28572
292.276,375,2203,28486
292.305,384,2200,28451
292.338,378,2201,28461
292.370,384,2195,28379
292.399,381,2180,28188
292.431,384,2180,28191
292.460,385,2188,28296
292.493,382,2195,28379
292.522,383,2197,28412
292.554,380,2200,28443
292.583,385,2200,28442
292.615,388,2199,28436
292.644,375,2219,28692
292.677,374,2239,28956
292.706,387,2234,28894
292.739,383,2210,28574
292.771,379,2185,28260
292.800,373,2184,28236
292.832,377,2185,28258
292.862,382,2184,28242
292.894,381,2184,28243
292.923,380,2194,28375
292.955,378,2198,28428
292.984,384,2211,28594
293.017,372,2224,28763
293.046,387,2234,28891
293.079,378,2249,29082
293.108,375,2255,29156
293.140,373,2267,29314
293.172,373,2282,29505
293.201,372,2291,29630
293.233,376,2294,29659
293.262,379,2300,29738
293.295,375,2309,29858
293.324,375,2314,29918
293.357,382,2320,30001
293.385,373,2333,30169
293.418,369,2340,30256
293.447,378,2354,30442
293.480,379,2360,30520
293.509,379,2368,30623
293.541,379,2373,30682
293.573,374,2378,30748
293.602,378,2383,30821
293.635,370,2392,30937
293.664,365,2396,30985
293.696,365,2406,31112
293.726,377,2411,31182
293.758,373,2413,31198
293.787,373,2413,31203
293.820,370,2414,31221
293.848,374,2420,31288
293.881,372,2423,31330
293.909,372,2429,31407
293.942,376,2434,31477
293.971,362,2437,31511
294.004,370,2440,31556
294.036,363,2445,31620
294.065,364,2448,31650
294.098,370,2448,31660
294.127,364,2451,31694
294.159,357,2452,31710
294.188,360,2454,31727
294.221,359,2454,31730
294.250,363,2455,31750
294.283,366,2456,31765
294.311,366,2457,31773
294.344,355,2457,31774
294.373,364,2458,31786
294.406,367,2458,31790
294.438,357,2460,31813
294.467,359,2462,31831
294.500,359,2462,31833
294.529,363,2462,31837
294.561,359,2463,31844
294.590,363,2463,31844
294.622,362,2463,31850
294.651,364,2463,31854
294.684,361,2464,31860
294.713,366,2465,31880
294.745,359,2466,31891
294.774,364,2468,31910
294.807,362,2468,31920
294.836,364,2468,31920
294.869,359,2468,31918
294.901,352,2468,31915
294.930,355,2468,31917
294.962,360,2468,31917
294.992,355,2468,31920
295.024,364,2469,31933
295.053,367,2470,31943
295.085,355,2470,31943
295.114,357,2471,31957
295.147,362,2472,31962
295.175,360,2471,31958
295.208,351,2472,31969
295.238,353,2472,31968
295.271,348,2472,31968
295.302,350,2472,31968
295.331,352,2472,31965
295.364,364,2472,31968
295.393,366,2472,31968
295.425,353,2472,31964
295.454,361,2472,31964
295.487,359,2473,31973
295.515,352,2473,31975
295.548,351,2473,31973
295.576,353,2473,31977
295.609,345,2473,31981
295.638,353,2473,31980
295.671,360,2473,31978
295.703,349,2474,31987
295.733,353,2474,31986
295.765,349,2474,31991
295.794,353,2474,31988
295.826,342,2474,31991
295.856,350,2475,32001
295.888,357,2475,32004
295.917,347,2475,32001
295.950,351,2475,32007
295.979,359,2475,32004
296.011,343,2475,32006
296.040,352,2475,32001
296.073,356,2475,32005
296.101,359,2475,32010
296.134,346,2476,32015
296.166,349,2475,32010
296.195,350,2476,32021
296.228,355,2477,32032
296.256,355,2477,32034
296.289,344,2478,32041
296.318,341,2478,32040
296.351,349,2478,32041
296.379,348,2478,32048
296.412,345,2478,32046
296.441,347,2479,32056
296.473,339,2478,32048
296.502,343,2479,32061
296.535,343,2480,32064
296.567,338,2479,32052
296.596,349,2479,32051
296.629,355,2478,32040
296.658,351,2478,32039
296.690,348,2477,32030
296.719,346,2477,32029
296.752,350,2476,32017
296.781,350,2475,32005
296.813,352,2474,31991
296.842,355,2473,31983
296.875,354,2473,31973
296.904,353,2472,31971
296.936,358,2472,31965
296.965,353,2472,31962
296.998,351,2471,31949
297.030,362,2469,31931
297.059,354,2467,31904
297.092,359,2466,31884
297.121,361,2464,31868
297.153,364,2463,31854
297.182,358,2463,31850
297.215,364,2462,31840
297.244,368,2462,31839
297.276,362,2461,31828
297.305,359,2460,31811
297.338,360,2458,31783
297.366,366,2457,31774
297.399,372,2457,31766
297.432,371,2453,31720
297.461,362,2450,31685
297.493,361,2448,31653
297.522,365,2446,31627
297.555,361,2442,31582
297.584,370,2439,31541
297.616,363,2438,31521
297.645,367,2437,31518
297.678,372,2437,31513
297.706,366,2436,31499
297.739,365,2434,31480
297.768,374,2432,31447
297.801,369,2429,31408
297.833,363,2422,31325
297.862,364,2417,31259
297.894,369,2413,31206
297.923,361,2412,31196
297.956,370,2411,31179
297.985,371,2408,31140
298.018,371,2406,31113
298.046,370,2399,31027
298.079,378,2394,30960
298.108,376,2392,30934
298.141,374,2385,30839
298.169,375,2379,30759
298.202,378,2375,30706
298.231,377,2368,30622
298.264,376,2359,30502
298.296,380,2358,30488
298.325,379,2355,30451
298.357,375,2352,30411
298.386,378,2345,30321
298.419,379,2339,30250
298.448,377,2338,30234
298.480,375,2330,30132
298.509,373,2320,30001
298.542,370,2314,29922
298.571,387,2313,29907
298.603,382,2305,29811
298.632,381,2296,29689
298.665,376,2292,29634
298.697,377,2283,29528
298.726,380,2278,29462
298.759,371,2265,29290
298.788,377,2254,29147
298.820,381,2244,29012
298.849,376,2235,28906
298.882,385,2234,28891
298.910,384,2234,28888
298.943,384,2234,28882
298.972,381,2231,28850
299.005,372,2234,28891
299.033,383,2225,28778
299.066,375,2211,28595
299.099,385,2200,28449
299.128,383,2199,28436
299.160,382,2200,28443
299.189,383,2200,28454
299.222,380,2211,28587
299.251,384,2219,28697
299.284,377,2216,28657
299.312,380,2210,28583
299.345,378,2208,28556
299.374,377,2200,28443
299.406,382,2193,28364
299.435,383,2182,28210
299.468,383,2185,28250
299.500,377,2200,28447
299.530,385,2215,28647
299.562,383,2216,28651
299.591,381,2208,28548
299.623,389,2200,28453
299.653,384,2206,28525
299.685,387,2209,28563
299.714,391,2199,28441
299.747,386,2194,28373
299.775,382,2186,28269
299.808,378,2185,28258
299.837,380,2197,28404
299.870,382,2202,28473
299.902,382,2216,28660
299.931,381,2234,28886
299.963,379,2240,28967
299.992,381,2235,28895
300.025,374,2241,28973
300.054,379,2254,29148
300.086,369,2254,29150
300.116,375,2252,29120
300.148,379,2240,28965
300.177,381,2239,28949
300.209,377,2245,29032
300.238,377,2253,29137
300.272,388,2254,29147
300.300,384,2255,29154
300.333,381,2257,29186
300.365,376,2260,29228
300.394,380,2274,29407
300.426,378,2293,29654
300.455,380,2314,29917
300.488,374,2338,30228
300.517,368,2347,30344
300.549,373,2358,30492
300.578,367,2369,30628
300.610,378,2378,30746
300.639,372,2382,30808
300.672,372,2388,30885
300.700,376,2392,30931
300.733,364,2393,30949
300.766,374,2401,31047
300.795,375,2409,31151
300.827,375,2413,31198
300.856,365,2416,31242
300.889,371,2423,31337
300.919,369,2432,31453
300.951,366,2437,31510
300.980,362,2437,31518
301.012,367,2440,31549
301.041,362,2443,31593
301.074,358,2446,31630
301.103,363,2448,31652
301.135,369,2451,31690
301.168,366,2453,31718
301.197,369,2455,31748
301.229,368,2457,31773
301.258,366,2457,31771
301.290,359,2458,31787
301.319,361,2460,31815
301.352,355,2462,31837
301.381,363,2462,31840
301.414,361,2463,31853
301.442,363,2464,31860
301.475,358,2466,31884
301.504,355,2468,31915
301.536,352,2469,31932
301.565,359,2471,31956
301.598,359,2472,31963
301.630,351,2472,31966
301.659,356,2472,31966
301.692,356,2472,31970
301.721,352,2473,31972
301.753,347,2473,31974
301.782,355,2474,31985
301.815,355,2473,31982
301.844,353,2474,31994
301.877,347,2474,31994
301.905,353,2474,31989
301.938,356,2473,31985
301.967,358,2474,31989
301.999,358,2474,31987
302.032,357,2474,31990
302.061,356,2474,31991
302.093,359,2474,31996
302.122,352,2475,32001
302.155,351,2475,32003
302.184,346,2475,32005
302.216,360,2475,32003
302.245,351,2475,32005
302.278,358,2475,32003
302.307,353,2475,32002
302.340,342,2475,32002
302.368,351,2475,32007
302.401,351,2475,32008
302.430,354,2475,32003
302.462,349,2474,31998
302.494,359,2474,31992
302.524,354,2473,31983
302.556,350,2473,31975
302.585,352,2472,31972
302.617,352,2472,31964
302.646,353,2472,31963
302.679,359,2471,31954
302.708,358,2470,31937
302.741,359,2466,31886
302.769,359,2463,31852
302.802,360,2462,31836
302.830,355,2459,31793
302.863,356,2457,31773
302.892,360,2453,31720
302.925,363,2448,31657
302.957,365,2445,31610
302.986,368,2438,31531
303.018,367,2438,31522
303.048,363,2438,31522
303.081,365,2437,31515
303.109,360,2437,31510
303.142,379,2434,31470
303.171,366,2431,31436
303.204,363,2423,31334
303.232,371,2416,31248
303.265,368,2413,31198
303.294,372,2409,31147
303.326,374,2399,31026
303.359,373,2393,30946
303.388,369,2390,30911
303.420,370,2385,30837
303.449,378,2383,30812
303.482,384,2379,30767
303.511,372,2378,30745
303.543,372,2372,30675
303.572,378,2364,30572
303.605,371,2358,30492
303.633,377,2352,30415
303.666,373,2340,30262
303.695,367,2333,30166
303.728,377,2319,29993
303.760,374,2313,29916
303.789,372,2308,29846
303.822,381,2306,29820
303.852,380,2304,29790
303.883,376,2294,29670
303.913,381,2289,29604
303.945,374,2279,29469
303.974,374,2273,29387
304.007,384,2259,29214
304.036,371,2255,29160
304.068,374,2257,29191
304.097,370,2256,29169
304.129,376,2255,29155
304.158,380,2257,29184
304.191,379,2258,29204
304.223,375,2254,29150
304.253,384,2249,29088
304.285,378,2240,28962
304.314,372,2241,28983
304.346,375,2249,29077
304.375,378,2251,29114
304.407,376,2246,29039
304.437,378,2235,28896
304.470,377,2228,28809
304.499,371,2224,28765
304.531,381,2224,28754
304.559,379,2221,28726
304.592,375,2219,28701
304.624,371,2210,28573
304.654,377,2200,28442
304.686,371,2199,28433
304.715,380,2200,28444
304.748,387,2204,28495
304.776,385,2199,28441
304.809,373,2184,28243
304.838,376,2180,28185
304.871,385,2180,28187
304.899,371,2185,28261
304.932,383,2194,28374
304.961,384,2195,28382
304.993,377,2185,28251
305.026,372,2185,28256
305.055,370,2201,28458
305.087,383,2213,28623
305.116,379,2208,28555
305.149,377,2200,28455
305.177,381,2200,28448
305.210,388,2199,28441
305.239,384,2184,28248
305.272,371,2189,28305
305.301,380,2213,28621
305.334,380,2234,28886
305.362,381,2249,29088
305.395,376,2255,29154
305.427,382,2273,29394
305.456,385,2288,29586
305.489,380,2300,29736
305.517,373,2313,29913
305.550,373,2321,30016
305.579,373,2329,30118
305.611,376,2338,30231
305.640,375,2343,30304
305.673,389,2358,30486
305.702,376,2366,30597
305.735,372,2375,30712
305.763,366,2382,30803
305.796,371,2393,30942
305.825,375,2405,31094
305.857,371,2413,31197
305.890,373,2422,31322
305.919,371,2434,31472
305.952,368,2438,31524
305.980,362,2443,31594
306.013,366,2448,31658
306.042,355,2453,31717
306.075,365,2457,31768
306.104,361,2457,31775
306.136,356,2458,31786
306.165,356,2460,31815
306.198,359,2462,31833
306.226,362,2462,31842
306.259,352,2463,31847
306.288,353,2462,31842
306.321,354,2463,31847
306.353,354,2463,31856
306.383,361,2464,31861
306.414,365,2465,31878
306.443,354,2466,31894
306.476,354,2468,31920
306.505,357,2469,31932
306.537,354,2471,31948
306.566,353,2471,31959
306.599,355,2472,31965
306.628,349,2472,31965
306.660,356,2472,31966
306.689,353,2472,31968
306.722,350,2472,31971
306.754,354,2472,31964
306.784,351,2472,31971
306.816,357,2473,31980
306.845,343,2473,31980
306.877,354,2473,31984
306.907,344,2474,31988
306.939,350,2474,31991
306.968,340,2474,31994
307.001,354,2475,31998
307.029,346,2475,32009
307.062,347,2475,32008
307.091,350,2475,32009
307.124,351,2475,32009
307.152,353,2476,32020
307.186,342,2476,32014
307.217,345,2476,32018
307.246,343,2476,32018
307.278,347,2476,32021
307.307,349,2477,32028
307.340,344,2476,32024
307.369,343,2477,32027
307.401,351,2477,32029
307.430,340,2476,32017
307.463,356,2475,32000
307.492,348,2475,32004
307.525,350,2474,31995
307.553,355,2474,31985
307.586,349,2473,31984
307.615,353,2473,31982
307.647,350,2473,31976
307.680,342,2472,31971
307.709,355,2472,31967
307.741,358,2472,31966
307.770,359,2472,31962
307.803,356,2470,31939
307.832,353,2467,31902
307.865,353,2464,31868
307.894,354,2463,31850
307.926,356,2462,31835
307.955,362,2459,31800
307.987,362,2458,31783
308.016,360,2457,31769
308.049,363,2454,31737
308.081,369,2452,31705
308.111,360,2448,31654
308.143,369,2445,31623
308.172,366,2439,31544
308.204,363,2437,31514
308.234,371,2433,31463
308.266,370,2427,31377
308.295,378,2420,31295
308.327,372,2413,31198
308.356,377,2410,31161
308.389,379,2399,31017
308.418,375,2391,30923
308.451,383,2379,30764
308.482,379,2369,30635
308.512,374,2357,30478
308.544,375,2343,30298
308.573,378,2337,30215
308.606,374,2326,30077
308.635,382,2314,29922
308.667,373,2302,29762
308.696,378,2291,29620
308.729,371,2280,29478
308.757,374,2277,29443
308.790,372,2274,29406
308.819,382,2272,29380
308.852,377,2275,29413
308.880,377,2278,29462
308.913,369,2291,29624
308.946,373,2314,29918
308.975,373,2340,30259
309.007,369,2369,30633
309.036,369,2392,30937
309.069,373,2412,31195
309.098,376,2431,31429
309.130,372,2445,31617
309.159,367,2457,31766
309.191,366,2462,31832
309.220,363,2469,31926
309.253,356,2472,31963
309.282,351,2474,31996
309.315,348,2479,32053
309.347,344,2481,32085
309.376,340,2484,32123
309.408,335,2486,32147
309.437,330,2487,32160
309.470,318,2487,32160
309.499,323,2487,32163
309.531,309,2488,32178
309.560,309,2489,32180
309.593,295,2489,32189
309.621,286,2490,32194
309.654,284,2490,32199
309.683,279,2489,32187
309.716,273,2490,32195
309.745,268,2491,32206
309.777,267,2490,32201
309.810,260,2491,32208
309.839,245,2491,32208
309.871,249,2491,32211
309.900,241,2491,32207
309.933,241,2491,32213
309.962,234,2490,32200
309.994,241,2491,32210
310.023,240,2491,32215
310.056,232,2491,32211
310.085,229,2491,32209
310.117,224,2491,32212
310.146,221,2491,32209
310.179,220,2491,32212
310.208,224,2491,32213
310.240,250,2492,32218
310.272,298,2491,32210
310.302,351,2491,32217
310.334,382,2492,32218
310.363,389,2491,32209
310.396,370,2491,32215
310.425,380,2491,32207
310.457,377,2491,32214
310.486,385,2491,32209
310.519,378,2491,32215
310.548,365,2491,32215
310.580,393,2491,32215
310.612,376,2491,32217
310.642,361,2491,32210
310.674,379,2491,32215
310.703,372,2491,32207
310.735,360,2491,32214
310.764,381,2491,32213
310.797,389,2491,32216
310.826,377,2491,32210
310.859,362,2491,32216
310.888,350,2492,32220
310.920,382,2491,32213
310.952,377,2492,32218
310.982,387,2492,32220
311.014,374,2490,32205
311.043,402,2491,32216
311.076,395,2491,32217
311.104,373,2491,32217
311.137,372,2491,32215
311.166,398,2492,32220
311.199,377,2492,32219
311.227,384,2491,32209
311.260,373,2491,32216
311.289,382,2491,32217
311.322,375,2492,32220
311.354,360,2491,32216
311.383,376,2491,32214
311.416,384,2492,32218
311.444,369,2491,32207
311.477,393,2491,32212
311.506,383,2491,32211
311.538,382,2492,32218
311.567,362,2492,32219
311.600,374,2491,32217
311.629,365,2492,32220
311.661,381,2491,32215
311.694,385,2491,32215
311.723,378,2491,32213
311.755,373,2492,32219
311.784,375,2491,32214
311.816,376,2491,32214
311.845,389,2492,32219
311.878,372,2491,32217
311.907,391,2491,32213
311.940,403,2491,32212
311.968,376,2492,32218
312.002,370,2492,32219
312.030,384,2492,32221
312.063,387,2491,32210
312.096,378,2491,32218
312.124,359,2492,32218
312.157,403,2491,32213
312.186,386,2491,32215
312.218,371,2492,32220
312.247,393,2491,32217
312.280,372,2491,32214
312.308,375,2492,32223
312.341,393,2492,32225
312.370,383,2492,32225
312.403,399,2492,32226
312.435,374,2492,32220
312.464,383,2492,32225
312.497,382,2492,32225
312.525,379,2492,32224
312.558,395,2492,32227
312.587,365,2492,32223
312.619,390,2492,32220
312.648,383,2492,32227
312.681,369,2491,32215
312.710,388,2492,32221
312.742,376,2492,32223
312.775,374,2492,32221
312.804,394,2492,32219
312.836,368,2492,32230
312.865,375,2492,32227
312.898,391,2492,32225
