t_s,gap_mm,hall_mV,adc16
6.699,194,2509,32147
6.731,191,2509,32143
6.760,180,2509,32145
6.793,176,2509,32144
6.821,172,2508,32138
6.854,169,2508,32139
6.883,164,2509,32142
6.916,162,2508,32138
6.944,158,2509,32141
6.977,160,2508,32128
7.006,163,2508,32131
7.039,156,2508,32130
7.071,157,2508,32138
7.100,158,2508,32136
7.132,158,2508,32129
7.161,157,2508,32136
7.194,153,2508,32127
7.223,146,2508,32139
7.255,149,2508,32131
7.284,140,2508,32132
7.317,136,2508,32127
7.346,136,2508,32131
7.379,136,2508,32131
7.407,133,2508,32130
7.440,129,2508,32131
7.468,127,2508,32130
7.501,126,2507,32124
7.530,131,2507,32120
7.563,133,2507,32119
7.592,131,2507,32119
7.625,129,2506,32107
7.653,129,2506,32110
7.686,128,2506,32110
7.714,126,2506,32106
7.747,127,2506,32102
7.776,126,2506,32103
7.809,125,2506,32103
7.841,125,2505,32099
7.870,120,2505,32091
7.902,121,2504,32088
7.932,117,2504,32079
7.963,118,2504,32084
7.993,111,2503,32072
8.025,110,2503,32069
8.054,112,2503,32069
8.087,107,2502,32053
8.115,106,2501,32049
8.148,105,2502,32051
8.177,103,2502,32052
8.209,104,2501,32045
8.238,103,2501,32040
8.267,99,2501,32044
8.300,96,2501,32045
8.328,94,2501,32041
8.362,97,2501,32041
8.390,99,2501,32041
8.423,98,2500,32036
8.451,95,2500,32036
8.484,96,2500,32028
8.513,96,2499,32020
8.546,98,2499,32023
8.574,97,2499,32022
8.608,100,2500,32025
8.636,103,2499,32021
8.669,99,2499,32021
8.701,101,2499,32017
8.730,101,2499,32016
8.762,102,2499,32012
8.792,98,2498,32003
8.821,99,2497,31995
8.853,98,2497,31991
8.881,98,2497,31993
8.914,95,2497,31998
8.946,100,2497,31989
8.976,95,2497,31987
9.005,95,2497,31991
9.037,94,2497,31987
9.066,93,2496,31980
9.099,94,2496,31982
9.127,91,2496,31978
9.160,92,2496,31978
9.189,90,2496,31975
9.222,91,2496,31976
9.250,92,2496,31974
9.283,89,2496,31978
9.311,92,2496,31977
9.344,91,2496,31974
9.373,93,2495,31972
9.406,91,2495,31968
9.434,90,2495,31971
9.467,89,2496,31974
9.499,88,2496,31974
9.529,91,2495,31973
9.561,89,2496,31973
9.590,90,2495,31973
9.619,88,2495,31966
9.652,89,2495,31971
9.680,87,2495,31969
9.713,85,2495,31965
9.742,85,2495,31967
9.774,85,2495,31963
9.803,81,2494,31950
9.835,78,2493,31940
9.864,79,2492,31927
9.897,78,2491,31909
9.926,75,2490,31902
9.959,76,2488,31883
9.987,74,2488,31879
10.020,74,2486,31855
10.048,76,2486,31847
10.082,74,2485,31833
10.110,73,2482,31805
10.143,75,2481,31791
10.172,76,2481,31786
10.204,74,2480,31779
10.233,72,2480,31778
10.266,72,2480,31773
10.295,72,2477,31737
10.327,71,2476,31722
10.356,68,2473,31688
10.388,63,2471,31663
10.417,63,2471,31654
10.450,61,2471,31657
10.479,58,2471,31658
10.511,61,2471,31658
10.540,58,2471,31660
10.573,59,2471,31662
10.602,61,2470,31648
10.634,59,2471,31657
10.663,58,2470,31642
10.696,59,2469,31631
10.724,57,2468,31625
10.757,55,2466,31595
10.786,57,2465,31579
10.819,54,2461,31527
10.848,54,2460,31513
10.880,55,2456,31467
10.909,55,2453,31426
10.941,56,2452,31415
10.971,56,2450,31384
11.003,55,2445,31328
11.032,57,2444,31313
11.064,55,2443,31296
11.094,55,2438,31241
11.126,52,2436,31205
11.155,48,2435,31193
11.187,53,2433,31169
11.216,52,2433,31166
11.249,49,2434,31184
11.278,51,2435,31194
11.310,51,2433,31172
11.339,53,2430,31139
11.371,50,2426,31078
11.401,52,2417,30973
11.433,49,2415,30948
11.462,49,2415,30937
11.491,51,2413,30913
11.524,49,2413,30911
11.552,50,2407,30845
11.585,52,2411,30889
11.614,50,2414,30929
11.646,50,2414,30934
11.675,54,2408,30853
11.707,54,2405,30820
11.737,54,2403,30793
11.769,56,2401,30764
11.798,55,2401,30762
11.831,55,2402,30771
11.859,58,2405,30815
11.892,59,2404,30798
11.921,57,2402,30772
11.954,57,2401,30762
11.982,59,2402,30772
12.015,61,2403,30789
12.044,59,2404,30801
12.077,59,2401,30758
12.106,58,2395,30692
12.138,60,2380,30491
12.167,53,2363,30282
12.199,52,2361,30254
12.228,54,2375,30425
12.261,55,2381,30504
12.290,56,2385,30562
12.323,55,2387,30586
12.351,52,2390,30627
12.384,54,2392,30642
12.412,54,2390,30625
12.445,55,2382,30517
12.474,56,2375,30433
12.506,55,2369,30349
12.535,57,2362,30257
12.568,59,2351,30121
12.596,57,2336,29923
12.629,57,2320,29727
12.658,56,2310,29599
12.690,55,2301,29480
12.719,56,2294,29390
12.752,54,2274,29132
12.781,53,2251,28845
12.813,57,2209,28307
12.842,54,2167,27765
12.875,53,2164,27727
12.904,55,2175,27866
12.936,53,2188,28028
12.965,54,2205,28253
12.998,56,2232,28601
13.027,56,2246,28772
13.059,57,2260,28952
13.088,56,2273,29128
13.121,57,2275,29148
13.149,57,2275,29149
13.182,58,2275,29147
13.211,56,2275,29153
13.243,58,2284,29269
13.272,56,2296,29413
13.305,56,2306,29544
13.334,58,2315,29662
13.366,58,2319,29713
13.395,59,2324,29777
13.428,59,2324,29782
13.457,57,2321,29743
13.489,57,2320,29730
13.518,57,2323,29762
13.550,58,2325,29792
13.579,58,2328,29833
13.612,59,2335,29918
13.641,57,2337,29944
13.674,57,2347,30073
13.703,57,2358,30216
13.735,57,2361,30252
13.764,56,2365,30297
13.796,55,2361,30253
13.826,57,2360,30238
13.858,53,2355,30168
13.887,58,2344,30028
13.919,54,2335,29917
13.949,56,2325,29795
13.981,56,2314,29654
14.010,55,2301,29480
14.042,55,2293,29383
14.071,56,2275,29149
14.104,56,2256,28907
14.133,58,2253,28863
14.165,55,2253,28861
14.194,58,2246,28771
14.226,52,2240,28702
14.255,53,2239,28686
14.285,55,2240,28700
14.317,52,2244,28753
14.349,50,2254,28881
14.378,53,2256,28904
14.410,52,2257,28911
14.440,53,2255,28888
14.472,55,2249,28814
14.501,54,2244,28747
14.533,54,2242,28720
14.563,54,2242,28730
14.592,51,2246,28772
14.624,55,2249,28818
14.653,54,2251,28835
14.686,52,2252,28855
14.714,53,2252,28855
14.747,51,2256,28911
14.776,51,2267,29046
14.808,57,2275,29145
14.837,55,2276,29161
14.870,52,2278,29190
14.898,54,2284,29267
14.931,55,2296,29411
14.959,54,2301,29477
14.992,52,2311,29603
15.021,56,2315,29662
15.054,53,2319,29709
15.086,53,2323,29761
15.115,53,2325,29794
15.148,55,2328,29833
15.177,56,2334,29898
15.205,54,2335,29922
15.238,58,2341,29992
15.267,59,2350,30110
15.300,57,2360,30232
15.328,56,2370,30368
15.361,57,2383,30533
15.391,56,2400,30753
15.424,55,2413,30919
15.451,56,2422,31028
15.484,57,2433,31173
15.513,55,2436,31210
15.546,59,2445,31323
15.574,56,2452,31409
15.607,55,2456,31467
15.636,58,2460,31517
15.669,62,2461,31535
15.697,60,2466,31595
15.730,62,2469,31639
15.759,62,2471,31658
15.791,63,2472,31678
15.820,65,2474,31703
15.852,64,2476,31719
15.881,65,2475,31709
15.914,62,2475,31711
15.943,65,2475,31708
15.975,64,2474,31698
16.005,60,2474,31692
16.037,59,2473,31681
16.066,60,2472,31674
16.098,59,2472,31674
16.127,61,2472,31666
16.159,64,2471,31664
16.188,62,2471,31665
16.221,61,2471,31664
16.250,60,2472,31669
16.283,62,2472,31667
16.312,60,2472,31670
16.344,61,2472,31678
16.373,60,2473,31686
16.405,61,2474,31696
16.434,59,2474,31697
16.467,60,2474,31698
16.496,61,2473,31685
16.528,62,2473,31680
16.557,61,2472,31677
16.590,63,2472,31675
16.619,62,2471,31659
16.651,62,2471,31660
16.680,63,2472,31672
16.712,64,2474,31702
16.742,64,2475,31715
16.774,64,2475,31715
16.803,62,2476,31726
16.835,62,2477,31739
16.865,63,2478,31751
16.893,62,2479,31759
16.926,65,2479,31762
16.955,64,2479,31759
16.987,63,2479,31757
17.016,62,2478,31745
17.049,58,2476,31723
17.077,62,2475,31714
17.110,60,2473,31685
17.139,60,2471,31664
17.171,59,2471,31655
17.200,57,2470,31645
17.233,59,2470,31649
17.261,57,2469,31637
17.294,60,2470,31641
17.323,58,2470,31642
17.356,60,2469,31635
17.385,62,2469,31633
17.417,62,2467,31614
17.446,61,2465,31579
17.479,59,2462,31549
17.507,60,2461,31530
17.540,57,2460,31522
17.569,60,2461,31525
17.602,58,2460,31523
17.630,57,2461,31526
17.663,58,2461,31528
17.692,59,2462,31539
17.724,56,2462,31550
17.754,57,2464,31566
17.786,57,2464,31572
17.815,57,2465,31580
17.847,57,2466,31594
17.876,57,2466,31594
17.909,56,2464,31568
17.938,59,2462,31542
17.970,58,2461,31526
17.999,58,2460,31519
18.032,58,2460,31514
18.060,57,2459,31505
18.093,58,2459,31504
18.122,58,2458,31486
18.155,59,2456,31463
18.183,58,2455,31454
18.216,56,2453,31423
18.245,62,2450,31387
18.277,60,2447,31349
18.307,59,2446,31338
18.338,58,2444,31311
18.368,59,2438,31235
18.400,58,2435,31197
18.429,59,2433,31177
18.461,59,2429,31116
18.491,53,2417,30972
18.523,55,2412,30899
18.552,54,2403,30789
18.584,52,2398,30722
18.613,51,2391,30631
18.645,48,2390,30616
18.675,53,2386,30572
18.703,50,2381,30504
18.737,51,2380,30498
18.765,50,2381,30502
18.798,50,2381,30508
18.827,53,2381,30502
18.859,50,2380,30500
18.888,50,2380,30499
18.921,50,2382,30515
18.949,54,2386,30568
18.982,49,2390,30624
19.010,54,2395,30680
19.043,54,2398,30722
19.072,53,2400,30748
19.104,55,2400,30752
19.133,57,2400,30751
19.166,55,2399,30734
19.195,55,2395,30689
19.227,53,2391,30637
19.256,53,2390,30617
19.289,55,2385,30560
19.317,54,2385,30554
19.350,57,2384,30542
19.379,57,2385,30559
19.412,56,2386,30568
19.440,53,2387,30587
19.473,56,2393,30658
19.502,55,2400,30747
19.534,58,2402,30770
19.563,59,2406,30822
19.596,58,2405,30820
19.625,57,2402,30771
19.657,56,2400,30744
19.686,57,2395,30681
19.719,54,2386,30576
19.747,52,2380,30490
19.780,54,2376,30436
19.809,51,2375,30434
19.841,53,2376,30437
19.870,52,2376,30444
19.903,52,2378,30464
19.932,53,2380,30497
19.964,54,2381,30504
19.993,55,2380,30497
20.022,52,2379,30479
20.055,52,2371,30375
20.083,52,2365,30300
20.116,55,2361,30252
20.145,56,2363,30271
20.178,55,2363,30279
20.206,54,2363,30280
20.239,54,2363,30281
20.268,55,2361,30246
20.301,56,2360,30240
20.329,54,2358,30211
20.362,58,2352,30135
20.391,56,2351,30119
20.423,56,2351,30119
20.452,56,2351,30119
20.485,55,2352,30134
20.514,55,2355,30176
20.546,52,2352,30137
20.575,54,2349,30093
20.608,52,2342,30002
20.636,52,2340,29982
20.669,50,2342,30010
20.698,52,2349,30102
20.731,52,2350,30113
20.759,53,2342,30009
20.792,51,2336,29925
20.821,54,2334,29904
20.853,46,2327,29814
20.882,64,2329,29834
20.915,63,2338,29956
20.944,57,2346,30063
20.976,61,2356,30191
21.005,49,2361,30244
21.038,38,2366,30309
21.067,40,2374,30414
21.100,46,2380,30499
21.128,49,2391,30633
21.161,57,2396,30696
21.189,57,2397,30715
21.222,56,2395,30690
21.251,58,2391,30635
21.283,57,2388,30600
21.312,57,2382,30518
21.345,59,2376,30446
21.374,56,2368,30342
21.406,55,2376,30437
21.435,54,2378,30471
21.468,52,2380,30497
21.496,51,2385,30553
21.529,50,2391,30630
21.558,53,2395,30688
21.591,49,2406,30821
21.619,53,2415,30937
21.652,52,2416,30952
21.681,49,2417,30963
21.713,55,2418,30986
21.742,56,2418,30985
21.775,55,2420,31012
21.804,57,2426,31081
21.837,55,2423,31040
21.865,56,2417,30967
21.898,53,2415,30944
21.927,55,2415,30939
21.959,54,2405,30818
21.989,56,2400,30751
22.021,55,2396,30700
22.050,59,2396,30693
22.082,59,2390,30624
22.111,56,2386,30566
22.140,57,2384,30543
22.173,57,2382,30521
22.202,58,2385,30560
22.234,60,2385,30563
22.263,57,2385,30553
22.296,59,2382,30519
22.325,70,2380,30499
22.357,84,2380,30490
22.386,97,2376,30442
22.418,90,2374,30417
22.447,91,2364,30288
22.480,89,2361,30249
22.509,94,2360,30238
22.542,103,2359,30228
22.570,119,2353,30152
22.604,121,2345,30042
22.632,139,2335,29916
22.665,148,2325,29788
22.696,144,2317,29682
22.726,156,2315,29661
22.758,150,2311,29615
22.788,155,2306,29550
22.820,164,2301,29483
22.849,162,2295,29403
22.881,157,2277,29176
22.910,163,2272,29110
22.943,164,2255,28894
22.972,163,2241,28714
23.005,169,2235,28637
23.033,169,2230,28573
23.066,162,2235,28635
23.094,150,2249,28809
23.127,125,2264,29005
23.156,104,2275,29147
23.189,78,2278,29180
23.218,71,2292,29363
23.251,73,2300,29464
23.279,72,2300,29469
23.311,66,2300,29467
23.341,69,2297,29427
23.373,72,2287,29297
23.402,76,2276,29161
23.435,71,2275,29145
23.463,60,2276,29155
23.496,60,2297,29434
23.524,54,2315,29657
23.557,46,2325,29789
23.586,47,2326,29798
23.619,49,2315,29657
23.647,53,2310,29591
23.680,53,2310,29600
23.709,50,2309,29588
23.742,49,2299,29455
23.770,48,2291,29355
23.803,52,2278,29183
23.831,54,2275,29150
23.864,54,2288,29309
23.893,52,2300,29472
23.925,50,2301,29485
23.954,49,2299,29456
23.987,47,2287,29300
24.016,44,2283,29251
24.048,47,2286,29283
24.077,43,2294,29397
24.110,48,2296,29419
24.139,49,2298,29439
24.172,47,2303,29511
24.200,46,2315,29656
24.233,49,2331,29859
24.262,53,2351,30117
24.295,55,2364,30294
24.324,57,2379,30483
24.356,61,2383,30526
24.385,59,2387,30586
24.417,61,2390,30623
24.446,65,2395,30689
24.479,63,2400,30749
24.507,62,2404,30797
24.540,62,2411,30890
24.569,62,2415,30938
24.602,61,2418,30979
24.631,64,2429,31117
24.663,57,2435,31193
24.692,62,2436,31208
24.724,59,2441,31281
24.754,56,2445,31324
24.786,53,2447,31346
24.815,52,2452,31413
24.847,56,2456,31465
24.877,60,2460,31516
24.908,53,2461,31527
24.937,52,2461,31527
24.970,54,2460,31521
24.999,54,2460,31519
25.031,58,2457,31483
25.061,53,2455,31454
25.089,58,2450,31388
25.122,56,2447,31351
25.151,55,2446,31343
25.184,55,2447,31352
25.212,59,2447,31351
25.245,57,2448,31360
25.273,63,2449,31383
25.306,63,2452,31420
25.335,60,2453,31435
25.368,61,2454,31448
25.397,63,2455,31454
25.429,63,2455,31455
25.457,62,2455,31458
25.490,63,2455,31459
25.519,62,2454,31444
25.552,64,2452,31411
25.581,64,2450,31389
25.614,64,2449,31373
25.642,64,2449,31374
25.675,63,2448,31362
25.703,65,2448,31364
25.736,61,2448,31370
25.765,61,2449,31373
25.797,64,2451,31403
25.826,64,2455,31451
25.859,63,2456,31467
25.888,61,2457,31479
25.920,62,2457,31478
25.950,61,2459,31504
25.982,66,2460,31516
26.011,68,2460,31521
26.043,65,2460,31522
26.072,66,2460,31523
26.104,66,2461,31525
26.133,66,2461,31525
26.166,69,2465,31586
26.195,64,2470,31645
26.227,63,2470,31650
26.256,63,2471,31657
26.289,64,2471,31665
26.318,63,2473,31679
26.346,59,2474,31696
26.380,60,2474,31692
26.408,60,2475,31707
26.441,58,2475,31714
26.469,49,2476,31724
26.502,56,2476,31721
26.531,61,2478,31744
26.564,60,2477,31732
26.593,64,2476,31719
26.625,70,2475,31711
26.654,67,2471,31658
26.687,63,2470,31652
26.715,65,2471,31655
26.748,69,2472,31675
26.777,68,2474,31693
26.809,65,2473,31691
26.838,65,2471,31660
26.871,70,2470,31649
26.900,64,2471,31660
26.932,66,2475,31707
26.961,70,2479,31762
26.994,70,2480,31777
27.022,72,2481,31782
27.055,70,2480,31778
27.084,68,2480,31777
27.117,70,2480,31777
27.145,74,2480,31774
27.178,70,2480,31774
27.206,71,2480,31770
27.239,66,2480,31775
27.268,56,2480,31776
27.301,63,2479,31765
27.329,63,2478,31746
27.362,70,2478,31751
27.391,66,2479,31764
27.420,55,2480,31772
27.452,54,2479,31768
27.481,59,2479,31767
27.514,59,2480,31769
27.542,52,2478,31752
27.575,58,2477,31737
27.604,56,2476,31728
27.637,65,2476,31726
27.665,57,2476,31722
27.698,59,2475,31714
27.727,57,2475,31708
27.759,56,2474,31696
27.789,63,2472,31668
27.821,65,2471,31662
27.850,64,2471,31656
27.882,64,2471,31661
27.911,57,2472,31667
27.944,57,2471,31661
27.973,55,2471,31658
28.006,56,2470,31646
28.034,52,2470,31644
28.067,59,2468,31624
28.095,51,2466,31595
28.128,46,2465,31578
28.157,49,2463,31555
28.190,49,2461,31526
28.219,54,2460,31518
28.251,54,2460,31516
28.280,50,2460,31521
28.312,50,2461,31526
28.341,52,2465,31579
28.373,46,2468,31626
28.402,41,2470,31651
28.435,39,2471,31655
28.464,37,2472,31667
28.496,28,2472,31668
28.525,32,2471,31659
28.558,42,2470,31644
28.587,48,2470,31645
28.620,49,2469,31636
28.648,40,2470,31648
28.681,41,2470,31651
28.710,35,2471,31665
28.742,31,2474,31693
28.772,32,2475,31708
28.804,32,2476,31717
28.833,29,2475,31713
28.865,31,2475,31712
28.894,30,2475,31704
28.927,28,2475,31714
28.956,28,2476,31719
28.988,32,2475,31715
29.017,39,2476,31717
29.050,35,2476,31717
29.079,32,2476,31719
29.111,36,2475,31712
29.140,38,2475,31705
29.172,40,2474,31702
29.202,46,2474,31699
29.235,43,2474,31699
29.263,41,2473,31689
29.295,41,2475,31705
29.324,46,2475,31710
29.357,46,2473,31680
29.386,64,2471,31663
29.418,67,2472,31669
29.447,65,2473,31683
29.479,66,2473,31683
29.508,71,2473,31690
29.537,63,2474,31692
29.570,65,2469,31633
29.599,62,2454,31447
29.632,62,2435,31195
29.660,60,2419,30987
29.693,59,2405,30819
29.722,63,2396,30695
29.755,63,2391,30634
29.783,66,2397,30717
29.816,64,2400,30751
29.844,62,2401,30758
29.877,63,2402,30769
29.907,63,2411,30892
29.939,63,2416,30957
29.968,64,2419,30992
30.000,64,2423,31043
30.029,66,2433,31166
30.062,62,2435,31197
30.090,62,2435,31194
30.123,60,2434,31182
30.152,63,2434,31183
30.185,65,2435,31196
30.213,63,2435,31195
30.246,64,2434,31182
30.274,66,2431,31144
30.307,62,2431,31147
30.336,63,2431,31153
30.369,63,2431,31146
30.397,63,2431,31141
30.430,64,2431,31143
30.459,64,2431,31149
30.491,63,2433,31171
30.520,65,2435,31194
30.553,65,2435,31196
30.581,65,2435,31198
30.614,66,2435,31194
30.643,68,2435,31193
30.675,65,2435,31194
30.704,62,2436,31208
30.737,64,2443,31305
30.766,66,2445,31329
30.798,63,2444,31312
30.827,62,2441,31279
30.860,65,2443,31303
30.889,62,2445,31321
30.921,69,2443,31298
30.950,62,2439,31243
30.983,63,2439,31255
31.012,62,2441,31272
31.044,62,2443,31296
31.073,65,2442,31293
31.106,67,2441,31275
31.135,63,2441,31279
31.167,64,2446,31341
31.196,61,2451,31407
31.229,65,2447,31352
31.257,62,2446,31339
31.290,61,2445,31330
31.319,61,2444,31314
31.351,64,2441,31274
31.380,63,2440,31266
31.413,66,2439,31256
31.442,65,2441,31277
31.474,62,2444,31310
31.503,63,2444,31319
31.536,62,2445,31324
31.565,64,2443,31301
31.597,66,2442,31284
31.626,66,2439,31249
31.659,62,2436,31215
31.688,65,2437,31223
31.720,67,2437,31219
31.749,64,2437,31220
31.781,67,2437,31222
31.810,67,2436,31211
31.843,67,2436,31206
31.871,66,2435,31203
31.904,65,2435,31198
31.933,65,2435,31197
31.966,65,2435,31195
31.995,64,2435,31198
32.027,65,2435,31198
32.056,66,2435,31204
32.088,64,2437,31222
32.117,65,2440,31260
32.150,65,2440,31265
32.179,60,2439,31253
32.212,62,2439,31246
32.241,62,2437,31223
32.273,65,2437,31229
32.302,62,2439,31251
32.334,64,2439,31244
32.364,66,2439,31245
32.396,67,2436,31215
32.425,65,2436,31205
32.457,65,2435,31197
32.486,68,2430,31139
32.519,68,2423,31039
32.548,66,2416,30951
32.580,66,2411,30889
32.609,63,2404,30797
32.641,65,2399,30741
32.671,62,2393,30660
32.703,63,2384,30543
32.733,61,2381,30500
32.764,61,2380,30492
32.793,61,2377,30452
32.825,60,2369,30348
32.854,60,2360,30242
32.887,60,2359,30223
32.916,58,2358,30215
32.948,60,2357,30203
32.977,57,2353,30149
33.010,58,2350,30113
33.039,59,2354,30162
33.071,57,2355,30169
33.101,56,2356,30190
33.133,56,2357,30202
33.162,60,2359,30226
33.194,59,2359,30218
33.224,57,2360,30233
33.252,59,2372,30393
33.285,59,2379,30486
33.313,60,2379,30475
33.346,61,2375,30427
33.375,58,2366,30314
33.408,59,2362,30257
33.436,60,2360,30237
33.470,59,2351,30121
33.498,58,2340,29975
33.530,55,2337,29947
33.559,55,2344,30030
33.592,56,2349,30100
33.621,56,2350,30108
33.654,57,2341,29995
33.682,58,2335,29923
33.715,57,2336,29927
33.744,59,2335,29917
33.777,57,2326,29806
33.806,56,2317,29686
33.838,57,2307,29557
33.867,54,2289,29326
33.899,55,2266,29029
33.928,53,2240,28702
33.961,52,2215,28379
33.989,50,2200,28191
34.023,51,2207,28276
34.051,54,2215,28386
34.083,52,2215,28385
34.112,52,2211,28325
34.145,49,2210,28309
34.174,51,2217,28409
34.206,50,2221,28452
34.235,52,2226,28520
34.268,55,2230,28574
34.297,52,2215,28379
34.329,49,2189,28048
34.358,49,2175,27866
34.391,52,2182,27962
34.419,51,2200,28182
34.452,51,2220,28445
34.481,52,2241,28709
34.513,55,2260,28961
34.543,53,2275,29147
34.575,54,2277,29173
34.604,55,2285,29277
34.637,51,2290,29336
34.665,58,2299,29461
34.698,55,2301,29480
34.727,52,2304,29520
34.760,55,2304,29517
34.788,57,2300,29474
34.821,55,2300,29470
34.850,59,2296,29414
34.882,59,2285,29275
34.911,60,2285,29281
34.943,59,2283,29252
34.972,57,2275,29149
35.004,56,2265,29024
35.033,57,2246,28772
35.066,53,2214,28363
35.095,54,2153,27589
35.127,53,2062,26424
35.156,52,1981,25386
35.189,46,1907,24427
35.218,48,1863,23864
35.250,47,1869,23943
35.279,46,1931,24738
35.312,47,1999,25610
35.341,49,2040,26142
35.369,49,2041,26148
35.402,52,2029,25994
35.431,48,2020,25884
35.464,49,2040,26141
35.492,50,2060,26395
35.525,51,2065,26451
35.554,49,2063,26427
35.586,51,2060,26397
35.615,53,2058,26370
35.648,50,2059,26387
35.676,52,2060,26398
35.709,52,2062,26413
35.738,52,2065,26456
35.771,49,2065,26461
35.800,49,2067,26487
35.832,51,2075,26586
35.861,52,2087,26741
35.894,51,2104,26953
35.922,49,2116,27114
35.955,49,2124,27208
35.984,49,2126,27244
36.017,50,2128,27260
36.045,50,2130,27296
36.078,50,2126,27244
36.107,51,2115,27097
36.139,50,2110,27031
36.168,50,2095,26845
36.201,50,2085,26709
36.229,51,2075,26581
36.262,52,2073,26559
36.291,51,2073,26555
36.324,50,2073,26566
36.352,52,2075,26587
36.385,50,2085,26711
36.414,48,2096,26854
36.446,46,2105,26970
36.475,47,2115,27095
36.508,50,2116,27111
36.537,46,2117,27118
36.569,47,2130,27296
36.598,48,2151,27561
36.631,47,2171,27817
36.660,47,2215,28376
36.692,49,2246,28775
36.721,49,2298,29443
36.753,48,2299,29458
36.782,48,2301,29479
36.815,49,2312,29627
36.844,47,2335,29920
36.876,47,2339,29974
36.905,49,2353,30146
36.934,47,2360,30236
36.967,46,2359,30230
36.995,48,2360,30234
37.028,48,2357,30193
37.057,49,2341,29989
37.090,47,2326,29799
37.118,47,2311,29611
37.151,47,2276,29164
37.180,48,2257,28917
37.212,49,2244,28755
37.241,48,2238,28670
37.274,49,2230,28573
37.302,47,2230,28574
37.335,47,2227,28528
37.364,48,2222,28465
37.397,48,2217,28411
37.425,49,2212,28336
37.458,49,2204,28242
37.487,48,2198,28161
37.519,49,2179,27918
37.548,48,2167,27763
37.581,49,2153,27587
37.610,48,2141,27432
37.642,48,2150,27546
37.671,49,2159,27662
37.704,47,2163,27715
37.733,49,2168,27773
37.765,48,2161,27683
37.794,46,2159,27659
37.827,46,2159,27663
37.856,48,2165,27745
37.888,49,2159,27667
37.918,50,2150,27542
37.950,46,2140,27423
37.979,49,2137,27377
38.011,49,2136,27365
38.040,49,2123,27201
38.069,50,2123,27205
38.102,48,2118,27142
38.130,48,2123,27201
38.163,50,2123,27196
38.192,48,2115,27102
38.224,48,2108,27002
38.253,49,2088,26757
38.286,50,2075,26587
38.315,49,2065,26456
38.347,48,2055,26323
38.376,50,2061,26403
38.409,47,2069,26510
38.438,49,2069,26511
38.470,49,2067,26484
38.499,49,2069,26509
38.532,48,2081,26666
38.560,51,2101,26919
38.593,50,2103,26942
38.622,49,2100,26911
38.654,49,2104,26958
38.683,47,2115,27102
38.716,47,2140,27422
38.745,47,2161,27687
38.777,49,2184,27986
38.806,50,2200,28186
38.839,48,2215,28380
38.868,48,2235,28635
38.900,49,2260,28950
38.929,52,2297,29424
38.962,52,2320,29722
38.991,55,2347,30068
39.023,55,2369,30358
39.053,58,2395,30690
39.084,59,2415,30940
39.113,61,2432,31158
39.146,64,2442,31281
39.175,70,2452,31411
39.207,67,2457,31475
39.236,69,2460,31519
39.269,63,2463,31561
39.298,65,2465,31588
39.330,64,2465,31588
39.359,59,2467,31607
39.391,61,2471,31653
39.421,62,2473,31680
39.453,63,2475,31711
39.482,66,2475,31715
39.514,70,2477,31741
39.543,66,2480,31772
39.572,67,2480,31776
39.604,72,2481,31783
39.633,68,2481,31786
39.666,71,2481,31792
39.695,69,2482,31799
39.728,71,2483,31813
39.757,74,2484,31828
39.790,73,2484,31827
39.818,70,2484,31824
39.851,72,2483,31811
39.879,73,2482,31800
39.912,75,2481,31792
39.941,75,2481,31793
39.974,73,2481,31791
40.002,73,2481,31787
40.035,74,2481,31790
40.064,75,2482,31797
40.097,75,2483,31807
40.125,75,2484,31824
40.158,71,2485,31833
40.187,71,2484,31824
40.219,73,2484,31822
40.248,74,2483,31818
40.281,75,2483,31818
40.309,73,2484,31823
40.342,69,2484,31828
40.371,72,2484,31824
40.404,74,2485,31833
40.432,74,2485,31836
40.465,74,2485,31843
40.493,72,2485,31844
40.526,71,2486,31853
40.555,68,2486,31852
40.588,67,2486,31851
40.617,65,2486,31846
40.649,65,2486,31846
40.678,65,2485,31839
40.710,65,2485,31840
40.739,63,2484,31832
40.772,60,2484,31821
40.801,60,2483,31811
40.833,60,2482,31806
40.862,48,2482,31795
40.894,59,2481,31785
40.924,64,2481,31792
40.953,61,2482,31801
40.986,59,2483,31819
41.014,42,2485,31837
41.047,36,2485,31835
41.075,40,2485,31842
41.108,48,2485,31839
41.137,48,2485,31839
41.169,53,2484,31831
41.198,58,2485,31836
41.231,55,2485,31838
41.259,62,2484,31829
41.292,64,2484,31821
41.321,64,2483,31819
41.354,64,2484,31823
41.383,53,2484,31829
41.415,47,2485,31836
41.444,37,2485,31836
41.477,35,2485,31841
41.506,35,2485,31842
41.538,36,2486,31846
41.567,35,2485,31841
41.599,43,2486,31847
41.628,51,2486,31848
41.661,54,2486,31850
41.690,47,2485,31843
41.722,49,2486,31845
41.751,47,2486,31846
41.783,48,2486,31845
41.812,51,2486,31848
41.845,53,2485,31839
41.874,50,2485,31842
41.906,50,2485,31843
41.935,59,2485,31842
41.968,53,2486,31847
41.997,48,2485,31841
42.029,42,2485,31840
42.059,47,2485,31838
42.091,59,2485,31839
42.120,55,2485,31843
42.152,48,2486,31858
42.182,52,2494,31957
42.213,49,2494,31956
42.243,58,2494,31958
42.275,58,2494,31955
42.304,62,2494,31960
42.336,63,2494,31956
42.366,65,2495,31962
42.398,62,2495,31963
42.427,65,2495,31964
42.459,69,2495,31966
42.488,69,2495,31966
42.521,69,2495,31965
42.550,69,2495,31964
42.582,68,2495,31964
42.611,64,2494,31952
42.640,61,2493,31941
42.673,57,2493,31938
42.702,58,2493,31947
42.735,57,2494,31948
42.763,57,2493,31945
42.796,56,2492,31930
42.825,56,2491,31919
42.857,57,2491,31919
42.887,55,2491,31918
42.919,58,2490,31904
42.947,55,2491,31910
42.980,49,2490,31905
43.009,47,2491,31910
43.041,45,2491,31917
43.071,48,2492,31922
43.103,51,2492,31922
43.131,50,2492,31930
43.164,53,2492,31925
43.193,50,2492,31928
43.226,49,2492,31930
43.255,47,2492,31925
43.287,48,2491,31917
43.316,44,2491,31921
43.349,41,2491,31912
43.377,41,2490,31898
43.410,42,2489,31889
43.439,49,2488,31873
43.471,50,2487,31865
43.500,54,2486,31854
43.533,49,2486,31852
43.561,52,2486,31846
43.594,52,2486,31849
43.623,50,2487,31861
43.656,50,2489,31886
43.684,51,2491,31910
43.717,58,2491,31911
43.746,63,2491,31914
43.779,58,2492,31930
43.808,57,2492,31927
43.840,52,2492,31930
43.869,52,2492,31924
43.902,52,2492,31922
43.930,58,2491,31918
43.962,63,2491,31918
43.991,71,2491,31918
44.024,72,2491,31911
44.053,73,2489,31890
44.085,73,2487,31866
44.114,71,2487,31861
44.147,74,2486,31847
44.176,72,2485,31841
44.209,70,2482,31804
44.237,73,2481,31793
44.270,71,2481,31785
44.299,68,2481,31782
44.331,70,2481,31782
44.360,67,2480,31780
44.393,68,2481,31785
44.422,70,2481,31788
44.454,68,2482,31796
44.483,69,2482,31803
44.515,67,2483,31813
44.545,71,2483,31814
44.577,70,2482,31804
44.606,74,2482,31804
44.638,73,2482,31798
44.667,67,2482,31804
44.696,71,2482,31801
44.729,71,2482,31795
44.757,70,2482,31794
44.790,68,2482,31805
44.819,69,2483,31810
44.852,72,2483,31807
44.881,72,2483,31807
44.914,67,2482,31802
44.942,71,2482,31801
44.975,66,2482,31804
45.003,69,2483,31810
45.036,65,2482,31804
45.065,71,2482,31802
45.097,72,2483,31812
45.126,72,2483,31815
45.159,71,2484,31823
45.188,70,2484,31821
45.221,69,2483,31807
45.249,71,2481,31790
45.282,70,2481,31784
45.310,69,2480,31776
45.343,72,2480,31771
45.372,67,2480,31775
45.405,72,2480,31773
45.434,69,2480,31769
45.466,72,2478,31754
45.495,71,2476,31729
45.527,68,2475,31712
45.556,65,2473,31686
45.589,66,2471,31663
45.618,63,2471,31655
45.650,66,2470,31641
45.679,59,2469,31636
45.712,62,2469,31639
45.741,64,2469,31636
45.773,63,2469,31636
45.802,65,2469,31638
45.835,64,2470,31641
45.864,59,2470,31642
45.896,64,2470,31644
45.925,63,2470,31649
45.954,63,2471,31656
45.986,66,2471,31663
46.015,65,2471,31659
46.048,64,2471,31657
46.076,64,2471,31656
46.109,63,2471,31653
46.138,64,2471,31657
46.171,62,2472,31672
46.199,63,2472,31678
46.232,63,2473,31686
46.260,68,2473,31680
46.293,61,2472,31667
46.322,60,2471,31655
46.354,61,2471,31658
46.383,66,2472,31670
46.416,62,2472,31677
46.445,62,2473,31679
46.477,67,2472,31670
46.506,63,2473,31682
46.539,63,2474,31697
46.568,60,2475,31713
46.600,64,2474,31703
46.629,64,2475,31714
46.662,68,2475,31712
46.691,66,2475,31706
46.723,58,2473,31681
46.753,67,2471,31661
46.781,61,2471,31655
46.814,62,2472,31672
46.842,66,2472,31677
46.876,64,2472,31673
46.904,57,2471,31656
46.936,59,2470,31645
46.965,60,2465,31577
46.998,59,2461,31535
47.027,55,2461,31528
47.059,57,2461,31529
47.088,53,2461,31529
47.121,54,2460,31522
47.149,55,2460,31520
47.182,58,2460,31523
47.211,59,2463,31556
47.244,54,2463,31551
47.272,58,2460,31523
47.305,55,2459,31509
47.334,60,2459,31504
47.367,56,2459,31511
47.395,54,2460,31517
47.428,56,2459,31504
47.457,56,2460,31512
47.489,57,2460,31520
47.518,47,2461,31526
47.551,50,2460,31525
47.580,53,2460,31522
47.612,51,2461,31527
47.641,57,2460,31525
47.674,50,2461,31526
47.702,54,2460,31512
47.735,49,2457,31476
47.764,59,2456,31468
47.796,52,2457,31482
47.825,56,2459,31507
47.857,53,2459,31508
47.886,52,2458,31488
47.919,47,2459,31506
47.948,51,2460,31524
47.981,47,2463,31559
48.010,50,2466,31596
48.042,52,2467,31604
48.071,48,2467,31603
48.103,42,2466,31601
48.132,41,2466,31590
48.165,45,2463,31559
48.194,39,2464,31565
48.227,46,2466,31595
48.255,46,2467,31605
48.288,49,2467,31608
48.317,45,2468,31623
48.349,48,2468,31625
48.379,49,2468,31624
48.411,50,2469,31634
48.440,52,2470,31647
48.472,52,2470,31647
48.501,50,2470,31646
48.529,46,2469,31639
48.562,47,2466,31591
48.591,54,2461,31536
48.624,49,2459,31502
48.652,55,2453,31435
48.685,52,2445,31328
48.714,58,2442,31283
48.747,56,2441,31278
48.776,55,2441,31269
48.809,49,2438,31237
48.837,46,2437,31225
48.870,50,2436,31205
48.899,51,2435,31197
48.931,48,2430,31139
48.960,56,2429,31115
48.993,54,2431,31149
49.021,50,2434,31179
49.054,49,2432,31159
49.084,52,2430,31134
49.116,53,2429,31120
49.144,49,2422,31030
49.177,53,2419,30992
49.206,55,2418,30978
49.238,53,2421,31014
49.268,54,2425,31070
49.300,52,2425,31076
49.329,56,2426,31082
49.361,57,2429,31127
49.390,54,2433,31169
49.423,57,2432,31155
49.451,51,2430,31128
49.484,56,2429,31122
49.513,56,2430,31129
49.545,56,2426,31081
49.575,55,2418,30983
49.607,62,2414,30932
49.636,62,2406,30825
49.669,63,2404,30806
49.698,64,2405,30812
49.730,63,2405,30820
49.759,62,2407,30837
49.791,62,2412,30903
49.821,65,2412,30904
49.853,63,2410,30880
49.881,62,2408,30847
49.914,63,2406,30820
49.943,61,2405,30810
49.976,64,2404,30806
50.004,64,2405,30815
50.037,65,2410,30878
50.066,69,2415,30940
50.099,66,2416,30950
50.127,64,2418,30977
50.160,62,2422,31026
50.189,59,2427,31097
50.221,60,2429,31127
50.250,58,2426,31088
50.283,59,2418,30980
50.311,59,2415,30936
50.344,56,2410,30882
50.373,59,2408,30853
50.405,52,2408,30846
50.434,46,2404,30799
50.467,49,2394,30675
50.496,55,2380,30496
50.528,58,2376,30436
50.557,58,2374,30412
50.590,59,2374,30421
50.620,61,2375,30432
50.651,58,2376,30447
50.680,56,2378,30473
50.712,64,2380,30488
50.741,62,2378,30463
50.774,61,2377,30461
50.803,60,2380,30494
50.835,60,2383,30534
50.864,61,2391,30630
50.893,61,2391,30631
50.926,62,2386,30571
50.955,63,2385,30558
50.987,60,2389,30603
51.016,60,2391,30630
51.048,61,2390,30623
51.077,63,2387,30586
51.110,60,2384,30542
51.138,63,2381,30509
51.171,62,2378,30468
51.200,61,2373,30403
51.233,62,2367,30323
51.261,64,2366,30317
51.294,62,2375,30431
51.323,63,2380,30500
51.356,64,2382,30520
51.384,63,2381,30503
51.417,64,2382,30514
51.446,61,2390,30622
51.478,61,2392,30651
51.507,56,2390,30617
51.540,56,2381,30511
51.569,57,2377,30459
51.601,57,2366,30317
51.630,58,2360,30232
51.663,60,2351,30123
51.691,61,2360,30234
51.724,61,2381,30509
51.753,56,2400,30751
51.785,54,2404,30796
51.814,53,2403,30788
51.847,53,2405,30817
51.876,50,2406,30824
51.909,49,2401,30759
51.937,52,2389,30613
51.970,57,2370,30364
51.999,58,2356,30186
52.032,57,2331,29870
52.060,56,2300,29470
52.093,53,2265,29015
52.122,54,2222,28472
52.154,54,2178,27906
52.183,54,2150,27548
52.215,52,2147,27509
52.244,52,2163,27719
52.277,51,2192,28081
52.306,55,2210,28317
52.338,52,2232,28596
52.367,54,2255,28898
52.400,54,2271,29092
52.429,55,2276,29156
52.461,54,2287,29297
52.490,59,2291,29347
52.523,55,2287,29296
52.552,56,2277,29173
52.584,53,2275,29153
52.613,56,2277,29171
52.646,56,2293,29379
52.674,54,2301,29480
52.707,59,2302,29493
52.736,58,2306,29545
52.765,57,2314,29644
52.797,60,2318,29697
52.826,56,2330,29852
52.859,55,2343,30022
52.887,54,2353,30144
52.920,53,2351,30118
52.949,57,2336,29930
52.982,57,2320,29720
53.010,59,2313,29630
53.043,54,2311,29609
53.072,58,2310,29590
53.105,55,2312,29625
53.133,55,2316,29676
53.166,59,2332,29878
53.195,56,2348,30085
53.228,59,2355,30169
53.256,56,2360,30232
53.289,57,2362,30260
53.318,59,2369,30354
53.350,56,2368,30337
53.379,56,2356,30190
53.412,56,2335,29916
53.440,57,2317,29688
53.473,58,2310,29592
53.502,56,2307,29559
53.534,56,2302,29496
53.563,52,2298,29437
53.596,53,2286,29294
53.625,53,2295,29402
53.658,52,2315,29660
53.686,47,2330,29848
53.719,47,2355,30177
53.748,44,2366,30308
53.780,48,2285,29272
53.809,52,2246,28772
53.842,52,2253,28862
53.871,49,2254,28883
53.904,50,2254,28882
53.932,51,2243,28737
53.965,49,2229,28559
53.994,48,2219,28437
54.026,50,2221,28460
54.055,47,2233,28604
54.088,46,2231,28578
54.117,49,2198,28160
54.149,50,2175,27867
54.178,48,2164,27720
54.207,49,2151,27557
54.240,49,2118,27137
54.269,51,2109,27016
54.301,49,2112,27056
54.330,49,2095,26842
54.363,48,2072,26543
54.391,47,2070,26522
54.424,48,2083,26684
54.452,49,2087,26744
54.485,46,2072,26545
54.514,50,2040,26141
54.547,49,2025,25944
54.575,50,2006,25700
54.608,48,1983,25405
54.637,50,1964,25166
54.670,49,1957,25070
54.698,51,1971,25256
54.731,48,1984,25423
54.760,49,1995,25567
54.792,48,2032,26029
54.822,49,2069,26507
54.854,49,2082,26681
54.883,50,2082,26671
54.915,49,2072,26542
54.944,47,2069,26513
54.977,49,2079,26641
55.006,46,2119,27154
55.038,47,2153,27585
55.067,45,2126,27233
55.099,49,2093,26814
55.128,51,2050,26261
55.160,51,2109,27017
55.189,50,2184,27980
55.218,50,2218,28412
55.251,48,2222,28466
55.280,50,2221,28454
55.312,49,2183,27972
55.341,51,2113,27069
55.374,50,2041,26151
55.403,50,1995,25560
55.435,48,1978,25344
55.464,50,1964,25164
55.497,49,1935,24793
55.526,50,1905,24408
55.559,48,1896,24290
55.587,50,1920,24600
55.620,52,1969,25224
55.648,51,1993,25536
55.681,49,2015,25812
55.710,51,2026,25960
55.743,49,2043,26170
55.772,49,2063,26437
55.804,47,2098,26874
55.833,49,2154,27599
55.866,51,2175,27863
55.894,48,2147,27514
55.927,50,1980,25372
55.956,48,1768,22656
55.988,50,1677,21492
56.017,49,1678,21495
56.050,50,1689,21634
56.079,50,1728,22134
56.111,50,1857,23797
56.140,49,1990,25499
56.173,50,2077,26605
56.201,50,2153,27585
56.234,52,2175,27869
56.263,49,2177,27890
56.295,50,2188,28035
56.324,49,2192,28079
56.357,49,2193,28093
56.386,52,2194,28112
56.415,52,2192,28088
56.447,52,2190,28060
56.476,50,2182,27951
56.509,50,2171,27816
56.537,49,2082,26670
56.570,50,1994,25552
56.599,48,1960,25116
56.632,51,1954,25031
56.660,50,1945,24917
56.693,50,1954,25033
56.722,50,1975,25303
56.755,51,1991,25508
56.784,50,2015,25815
56.816,50,2060,26396
56.845,48,2107,26996
56.877,49,2141,27428
56.906,51,2185,27997
56.939,49,2222,28466
56.968,51,2221,28456
57.000,51,2214,28368
57.029,50,2217,28408
57.061,49,2221,28458
57.090,49,2219,28430
57.123,50,2187,28025
57.152,49,2141,27429
57.184,48,2077,26616
57.213,47,2051,26283
57.245,51,2036,26089
57.274,48,1997,25589
57.307,47,1989,25479
57.336,48,1987,25459
57.368,48,1989,25489
57.397,48,1989,25484
57.426,48,1988,25468
57.459,46,1990,25501
57.487,48,2015,25815
57.520,48,2083,26688
57.549,49,2158,27654
57.581,49,2186,28001
57.610,47,2187,28027
57.643,48,2190,28060
57.672,50,2221,28462
57.705,49,2255,28888
57.733,51,2299,29454
57.766,49,2328,29821
57.794,49,2337,29939
57.827,48,2350,30105
57.856,48,2360,30232
57.888,50,2361,30244
57.918,47,2360,30240
57.950,48,2356,30191
57.979,48,2335,29921
58.012,48,2325,29793
58.041,49,2325,29791
58.073,48,2328,29823
58.102,46,2331,29866
58.134,50,2330,29847
58.164,48,2326,29802
58.196,50,2315,29658
58.225,49,2301,29476
58.257,49,2300,29472
58.286,51,2305,29527
58.319,49,2296,29421
58.348,49,2276,29155
58.380,49,2273,29121
58.409,48,2270,29081
58.438,49,2275,29146
58.470,50,2275,29153
58.499,49,2280,29217
58.532,50,2281,29229
58.561,47,2266,29030
58.594,48,2222,28468
58.622,50,2176,27881
58.655,51,2169,27788
58.684,50,2165,27734
58.716,50,2199,28181
58.745,50,2289,29322
58.778,48,2323,29758
58.807,50,2335,29915
58.839,49,2336,29932
58.868,50,2340,29983
58.900,47,2350,30107
58.929,48,2354,30159
58.962,50,2357,30200
58.991,48,2360,30231
59.023,51,2360,30235
59.052,47,2360,30236
59.085,52,2356,30191
59.114,51,2349,30094
59.146,50,2348,30086
59.175,49,2343,30022
59.208,48,2341,29995
59.237,50,2338,29959
59.269,48,2342,30004
59.298,48,2350,30110
59.330,49,2357,30202
59.359,50,2360,30231
59.392,48,2353,30145
59.421,51,2344,30031
59.449,48,2334,29904
59.482,48,2327,29816
59.511,47,2332,29879
59.544,50,2335,29919
59.572,47,2338,29953
59.605,48,2347,30072
59.634,50,2357,30201
59.666,51,2361,30245
59.695,49,2363,30269
59.728,49,2361,30244
59.756,47,2360,30240
59.789,47,2361,30244
59.818,47,2360,30242
59.851,48,2360,30243
59.879,52,2361,30252
59.912,49,2362,30256
59.941,48,2361,30252
59.974,50,2360,30242
60.002,47,2360,30236
60.035,50,2359,30230
60.064,49,2359,30223
60.096,50,2360,30235
60.125,47,2357,30194
60.158,47,2355,30168
60.187,51,2350,30103
60.219,50,2342,30012
60.248,50,2342,30002
60.281,53,2340,29982
60.310,50,2336,29926
60.342,48,2336,29931
60.371,47,2339,29965
60.403,47,2346,30061
60.432,49,2350,30111
60.461,51,2352,30140
60.494,46,2352,30140
60.523,50,2351,30120
60.555,51,2348,30085
60.584,51,2341,29989
60.617,50,2337,29937
60.645,53,2340,29980
60.678,49,2335,29922
60.707,48,2336,29924
60.740,48,2342,30011
60.768,51,2347,30076
60.801,50,2352,30141
60.830,49,2350,30104
60.862,48,2339,29963
60.891,51,2342,30003
60.924,50,2357,30197
60.953,49,2361,30244
60.985,50,2360,30235
61.014,50,2355,30175
61.046,52,2355,30178
61.076,51,2356,30183
61.108,51,2355,30169
61.137,52,2358,30210
61.169,50,2360,30231
61.198,50,2360,30237
61.231,49,2361,30253
61.260,49,2364,30286
61.292,51,2361,30247
61.321,50,2361,30244
61.350,51,2361,30252
61.383,49,2361,30256
61.411,50,2360,30237
61.444,51,2349,30097
61.473,50,2338,29961
61.506,49,2335,29921
61.534,52,2330,29848
61.567,49,2315,29663
61.596,50,2296,29423
61.629,51,2264,29009
61.657,49,2240,28702
61.690,54,2240,28702
61.719,51,2240,28699
61.751,52,2233,28607
61.780,53,2232,28592
61.813,52,2230,28576
61.842,51,2226,28519
61.874,50,2222,28470
61.903,51,2221,28453
61.935,49,2221,28450
61.964,48,2223,28483
61.997,50,2221,28451
62.025,50,2217,28402
62.058,50,2215,28380
62.087,50,2215,28383
62.120,52,2225,28513
62.149,50,2270,29090
62.181,48,2288,29308
62.210,51,2289,29329
62.243,50,2292,29360
62.272,50,2285,29277
62.304,50,2283,29247
62.333,50,2283,29251
62.366,50,2284,29262
62.395,48,2263,28998
62.427,49,2234,28620
62.456,52,2200,28184
62.488,49,2158,27650
62.517,50,2107,26989
62.550,50,2060,26397
62.579,49,2040,26135
62.611,49,2042,26162
62.640,50,2140,27421
62.672,50,2220,28443
62.702,49,2242,28723
62.730,51,2240,28704
62.763,48,2224,28500
62.792,51,2200,28186
62.825,51,2160,27672
62.854,50,2141,27425
62.886,51,2124,27210
62.915,52,2113,27068
62.948,50,2086,26721
62.976,52,2075,26588
63.009,53,2089,26769
63.037,50,2115,27098
63.070,51,2138,27397
63.099,51,2141,27428
63.132,50,2143,27451
63.160,50,2140,27418
63.193,50,2136,27367
63.222,49,2134,27338
63.255,50,2140,27415
63.284,50,2176,27876
63.316,49,2200,28184
63.345,49,2193,28092
63.378,51,2167,27761
63.406,51,2124,27208
63.439,49,2100,26903
63.468,51,2101,26916
63.500,50,2108,27008
63.529,51,2096,26854
63.562,51,2091,26784
63.591,50,2094,26834
63.623,51,2095,26845
63.652,50,2094,26828
63.685,50,2095,26841
63.713,48,2116,27106
63.746,49,2137,27382
63.775,48,2140,27418
63.807,50,2140,27416
63.837,52,2139,27406
63.868,52,2125,27230
63.897,49,2114,27083
63.930,51,2081,26665
63.959,49,2020,25876
63.992,50,1961,25131
64.020,50,1915,24530
64.053,48,1855,23769
64.082,49,1840,23578
64.114,47,1856,23779
64.143,49,1885,24146
64.175,51,1952,25009
64.204,51,2051,26276
64.237,49,2139,27409
64.266,49,2156,27617
64.294,49,2144,27464
64.327,48,2122,27183
64.356,49,2114,27087
64.389,49,2096,26849
64.418,51,2096,26850
64.451,50,2147,27503
64.479,51,2176,27881
64.512,52,2183,27964
64.541,51,2185,27989
64.573,51,2192,28085
64.602,50,2200,28192
64.635,53,2209,28304
64.664,51,2218,28420
64.696,50,2227,28527
64.726,48,2246,28777
64.758,49,2253,28872
64.787,48,2247,28783
64.820,48,2241,28708
64.848,49,2240,28697
64.881,49,2240,28699
64.909,49,2251,28837
64.942,49,2270,29078
64.971,49,2277,29170
65.004,50,2279,29199
65.032,48,2305,29532
65.065,48,2276,29162
65.095,49,2256,28907
65.126,47,2242,28729
65.155,50,2244,28756
65.188,47,2242,28720
65.217,47,2231,28590
65.249,48,2233,28611
65.278,49,2245,28769
65.310,52,2255,28888
65.339,51,2255,28896
65.372,52,2253,28871
65.401,52,2250,28827
65.433,50,2251,28846
65.462,49,2255,28888
65.494,48,2250,28826
65.524,51,2223,28477
65.553,50,2203,28223
65.586,50,2177,27890
65.614,49,2160,27680
65.646,50,2135,27356
65.675,48,2129,27280
65.708,52,2122,27191
65.738,50,2104,26956
65.770,49,2093,26820
65.798,51,2095,26840
65.831,48,2111,27052
65.860,47,2115,27098
65.892,50,2081,26668
65.921,50,2075,26581
65.954,50,2077,26614
65.983,52,2074,26567
66.016,51,2051,26283
66.044,52,2038,26105
66.077,50,2007,25712
66.106,49,1978,25345
66.138,48,1959,25098
66.167,46,2011,25762
66.199,45,2112,27059
66.228,50,2207,28274
66.261,51,2282,29234
66.290,56,2341,29992
66.323,60,2387,30588
66.351,60,2419,30995
66.383,62,2445,31322
66.412,63,2462,31538
66.445,62,2476,31726
66.474,60,2484,31830
66.506,51,2494,31948
66.535,59,2496,31984
66.568,73,2501,32048
66.597,85,2506,32106
66.629,92,2509,32147
66.658,97,2510,32153
66.691,108,2510,32165
66.720,120,2511,32172
66.752,130,2511,32176
66.781,132,2512,32179
66.814,142,2512,32183
66.842,149,2512,32179
66.875,158,2512,32188
66.904,161,2512,32189
66.936,168,2512,32191
66.965,174,2513,32194
66.998,177,2512,32187
67.027,183,2513,32199
67.059,183,2513,32195
67.088,189,2513,32202
67.121,188,2513,32191
67.149,188,2512,32189
67.182,185,2513,32195
67.211,187,2513,32196
67.244,183,2514,32204
67.272,182,2513,32195
67.305,182,2513,32200
67.334,179,2513,32200
67.367,182,2513,32195
67.399,180,2513,32199
67.428,175,2513,32192
67.460,173,2513,32191
67.489,172,2513,32192
67.522,170,2512,32189
67.551,164,2512,32189
67.583,158,2512,32188
67.612,153,2511,32177
67.645,148,2512,32183
67.674,142,2511,32174
67.706,139,2511,32175
67.735,133,2511,32175
67.768,132,2511,32171
67.797,129,2510,32163
67.829,127,2510,32163
67.858,126,2510,32165
67.891,123,2511,32166
67.920,121,2510,32165
67.952,122,2510,32162
67.981,118,2510,32160
68.014,120,2510,32156
68.042,117,2510,32160
68.075,117,2510,32155
68.104,116,2509,32151
68.137,117,2510,32154
68.165,115,2509,32150
68.198,115,2510,32156
68.227,114,2510,32153
68.259,114,2510,32153
68.288,114,2509,32147
68.321,116,2509,32142
68.349,110,2509,32149
68.382,114,2509,32141
68.411,115,2509,32148
68.444,113,2508,32132
68.472,113,2508,32133
68.505,111,2508,32136
68.534,111,2508,32134
68.567,110,2509,32143
68.595,110,2508,32139
68.628,109,2509,32143
68.657,106,2509,32142
68.689,110,2509,32140
68.718,111,2509,32145
68.751,109,2509,32146
68.780,111,2509,32150
68.812,109,2509,32145
68.841,114,2509,32152
68.874,112,2509,32147
68.903,109,2509,32140
68.935,110,2508,32134
68.964,107,2508,32138
68.997,105,2507,32125
69.025,105,2507,32114
69.058,101,2506,32112
69.087,101,2505,32101
69.120,97,2504,32088
69.148,100,2503,32072
69.181,98,2503,32074
69.210,97,2502,32059
69.242,95,2502,32051
69.271,93,2501,32046
69.304,92,2501,32048
69.332,94,2501,32043
69.365,94,2501,32049
69.394,93,2501,32041
69.427,93,2501,32043
69.455,92,2501,32038
69.488,93,2501,32044
69.517,94,2501,32040
69.549,97,2501,32045
69.578,96,2502,32059
69.611,97,2502,32056
69.640,97,2504,32077
69.673,99,2503,32068
69.701,101,2504,32085
69.734,102,2504,32088
69.763,104,2506,32107
69.795,105,2506,32111
69.824,104,2506,32113
69.857,106,2507,32126
69.886,105,2508,32137
69.918,108,2508,32140
69.948,109,2509,32148
69.980,110,2509,32149
70.009,113,2509,32151
70.041,111,2509,32149
70.070,113,2510,32161
70.103,116,2510,32156
70.131,117,2510,32163
70.164,121,2510,32156
70.193,119,2510,32163
70.226,123,2510,32161
70.255,122,2510,32163
70.288,124,2511,32172
70.317,126,2510,32163
70.348,127,2511,32171
70.378,130,2511,32172
70.410,130,2511,32172
70.439,130,2511,32170
70.471,132,2511,32173
70.500,133,2510,32165
70.533,133,2511,32173
70.562,130,2510,32164
70.595,131,2511,32169
70.623,131,2511,32172
70.656,128,2511,32172
70.686,128,2511,32169
70.717,129,2510,32163
70.747,126,2511,32170
70.779,128,2510,32160
70.807,126,2511,32170
70.840,125,2511,32169
70.868,127,2511,32171
70.901,125,2511,32171
70.930,129,2511,32170
70.963,131,2511,32173
70.991,129,2511,32167
71.024,130,2511,32168
71.053,133,2511,32177
71.086,133,2511,32175
71.115,136,2511,32177
71.148,136,2511,32174
71.179,138,2512,32179
71.209,140,2511,32176
71.241,142,2512,32184
71.271,143,2511,32168
71.303,146,2512,32188
71.332,148,2512,32188
71.364,153,2512,32190
71.393,155,2512,32185
71.426,160,2513,32191
71.454,166,2512,32190
71.487,173,2512,32189
71.516,178,2513,32197
71.549,182,2513,32195
71.578,188,2513,32199
71.610,192,2513,32201
71.639,199,2514,32206
72.134,198,2513,32202
72.163,195,2513,32193
72.196,185,2513,32198
72.224,174,2513,32193
72.257,167,2512,32186
72.286,154,2512,32186
72.319,146,2512,32184
72.351,138,2511,32173
72.380,130,2510,32162
72.413,126,2511,32166
72.442,120,2510,32159
72.474,120,2509,32151
72.504,110,2509,32142
72.536,106,2507,32121
72.565,104,2505,32092
72.597,101,2504,32079
72.627,100,2502,32061
72.658,98,2501,32048
72.688,99,2501,32044
72.720,94,2500,32034
72.749,95,2499,32020
72.781,94,2499,32016
72.811,93,2498,32003
72.843,91,2497,31996
72.872,86,2497,31991
72.904,81,2496,31983
72.934,81,2496,31978
72.965,80,2496,31982
72.995,78,2496,31975
73.027,77,2495,31970
73.056,79,2495,31969
73.084,77,2495,31967
73.117,77,2495,31965
73.146,76,2494,31958
73.179,76,2495,31961
73.207,77,2494,31957
73.240,76,2495,31964
73.269,76,2495,31961
73.302,73,2494,31955
73.331,77,2492,31933
73.364,75,2491,31920
73.392,76,2491,31920
73.425,75,2492,31922
73.454,75,2493,31937
73.486,73,2493,31945
73.515,73,2494,31955
73.547,75,2495,31962
73.577,77,2495,31966
73.609,76,2495,31965
73.637,74,2495,31966
73.670,77,2495,31968
73.699,74,2495,31968
73.732,76,2495,31973
73.761,76,2495,31973
73.793,76,2495,31970
73.822,76,2496,31976
73.855,79,2496,31978
73.884,78,2496,31982
73.916,79,2497,31991
73.945,80,2496,31982
73.977,81,2497,31989
74.007,79,2497,31988
74.039,78,2497,31988
74.068,79,2496,31985
74.101,81,2497,31986
74.129,78,2497,31991
74.162,77,2497,31990
74.191,77,2498,32003
74.223,73,2498,32005
74.252,73,2498,32011
74.285,77,2498,32009
74.314,77,2498,32010
74.346,78,2498,32011
74.375,76,2499,32018
74.408,78,2499,32016
74.436,77,2498,32005
74.469,77,2498,31999
74.498,78,2497,31993
74.530,78,2497,31991
74.560,80,2497,31993
74.592,80,2498,31999
74.621,83,2498,32007
74.653,84,2498,32011
74.682,83,2499,32014
74.715,84,2499,32015
74.744,86,2498,32011
74.776,85,2498,32008
74.805,83,2498,32005
74.837,82,2497,31994
74.866,83,2497,31998
74.899,80,2497,31998
74.928,85,2499,32018
74.960,86,2500,32027
74.989,88,2500,32037
75.021,88,2501,32041
75.051,90,2501,32049
75.083,91,2502,32058
75.112,93,2502,32055
75.145,92,2503,32066
75.174,97,2502,32061
75.203,99,2503,32072
75.235,99,2503,32063
75.267,101,2504,32083
75.296,103,2504,32079
75.325,102,2504,32080
75.358,102,2504,32082
75.386,102,2504,32085
75.419,102,2504,32079
75.448,103,2504,32077
75.481,100,2504,32079
75.509,100,2503,32069
75.542,103,2503,32074
75.571,101,2503,32071
75.604,103,2504,32080
75.633,102,2504,32081
75.665,103,2504,32079
75.694,103,2504,32079
75.727,104,2504,32079
75.756,103,2504,32081
75.788,104,2504,32079
75.817,106,2504,32080
75.849,108,2504,32076
75.878,106,2504,32085
75.911,107,2504,32078
75.940,107,2504,32082
75.972,109,2504,32087
76.001,105,2504,32085
76.034,105,2504,32080
76.063,107,2504,32082
76.095,107,2503,32067
76.124,104,2503,32068
76.157,104,2503,32065
76.185,104,2502,32059
76.219,101,2502,32057
76.247,102,2503,32064
76.280,98,2503,32067
76.309,100,2503,32063
76.341,97,2502,32063
76.370,95,2502,32057
76.403,93,2502,32062
76.431,95,2503,32067
76.464,94,2502,32063
76.492,93,2502,32052
76.525,93,2502,32058
76.554,94,2502,32054
76.587,92,2502,32053
76.616,89,2502,32057
76.648,87,2502,32051
76.677,90,2502,32051
76.709,91,2502,32056
76.739,88,2501,32049
76.771,87,2502,32051
76.800,91,2501,32047
76.833,89,2501,32043
76.862,88,2501,32042
76.894,89,2501,32043
76.923,89,2501,32041
76.955,89,2501,32042
76.985,86,2501,32040
77.017,88,2501,32039
77.046,87,2501,32038
77.078,86,2501,32041
77.107,87,2501,32043
77.140,92,2501,32042
77.169,91,2501,32045
77.201,93,2502,32054
77.230,95,2503,32065
77.263,99,2503,32074
77.291,99,2504,32082
77.324,98,2505,32090
77.353,100,2504,32078
77.386,98,2504,32082
77.415,99,2504,32082
77.447,98,2503,32069
77.475,97,2503,32071
77.508,96,2503,32069
77.537,97,2503,32071
77.569,95,2502,32061
77.598,96,2502,32055
77.631,95,2502,32058
77.659,96,2502,32058
77.692,94,2503,32064
77.721,97,2502,32060
77.753,99,2502,32062
77.783,96,2503,32074
77.815,99,2502,32061
77.844,98,2502,32062
77.877,102,2503,32069
77.906,99,2502,32062
77.938,101,2503,32071
77.967,101,2503,32073
77.999,104,2504,32081
78.029,103,2504,32085
78.061,104,2504,32084
78.090,106,2504,32086
78.122,104,2505,32094
78.152,106,2504,32088
78.184,107,2505,32096
78.213,106,2505,32093
78.245,105,2505,32094
78.274,106,2505,32093
78.303,106,2504,32087
78.336,105,2504,32082
78.365,104,2505,32092
78.398,101,2505,32093
78.426,104,2504,32083
78.459,104,2504,32085
78.487,103,2503,32073
78.520,103,2503,32075
78.549,103,2503,32075
78.582,102,2503,32073
78.610,101,2503,32073
78.643,105,2503,32074
78.672,100,2503,32066
78.705,100,2502,32062
78.733,98,2503,32066
78.766,99,2502,32060
78.794,98,2503,32063
78.827,96,2503,32064
78.856,96,2503,32072
78.889,96,2503,32064
78.918,96,2503,32063
78.951,96,2503,32072
78.979,96,2503,32070
79.012,95,2503,32070
79.041,96,2504,32086
79.073,96,2503,32073
79.102,94,2503,32065
79.135,95,2504,32080
79.163,92,2503,32073
79.196,92,2503,32075
79.224,94,2503,32072
79.258,93,2503,32072
79.286,92,2503,32072
79.319,92,2504,32078
79.348,92,2503,32072
79.380,96,2503,32073
79.409,94,2504,32079
79.441,97,2505,32092
79.470,97,2505,32091
79.503,100,2505,32093
79.531,97,2505,32089
79.564,100,2505,32093
79.593,98,2505,32092
79.626,98,2505,32092
79.655,99,2505,32095
79.688,99,2505,32099
79.716,100,2505,32093
79.749,99,2506,32101
79.777,97,2505,32097
79.810,99,2506,32104
79.838,96,2505,32092
79.871,97,2505,32094
79.900,98,2505,32094
79.933,98,2505,32095
79.961,96,2504,32085
79.994,98,2505,32091
80.023,96,2504,32088
80.056,94,2504,32081
80.084,96,2505,32089
80.117,95,2505,32089
80.146,97,2504,32088
80.179,96,2504,32083
80.207,99,2504,32086
80.240,99,2505,32093
80.269,98,2505,32089
80.302,97,2505,32094
80.330,99,2505,32094
80.363,98,2505,32095
80.392,100,2505,32099
80.424,100,2505,32098
80.453,98,2504,32081
80.486,96,2505,32090
80.515,97,2505,32091
80.547,98,2505,32091
80.576,100,2504,32080
80.609,101,2504,32078
80.638,97,2503,32073
80.670,96,2504,32087
80.699,98,2503,32075
80.731,96,2503,32069
80.760,97,2503,32070
80.793,96,2504,32078
80.822,97,2504,32083
80.854,98,2504,32088
80.884,94,2504,32084
80.916,95,2504,32085
80.945,94,2504,32083
80.977,95,2504,32084
81.006,91,2504,32083
81.039,96,2504,32085
81.068,96,2504,32086
81.101,94,2504,32083
81.129,94,2504,32078
81.162,93,2505,32090
81.191,97,2505,32094
81.223,100,2505,32092
81.252,107,2505,32099
81.284,109,2506,32109
81.314,112,2506,32109
81.346,114,2505,32101
81.375,112,2505,32097
81.407,112,2506,32110
81.436,109,2506,32108
81.469,113,2506,32106
81.498,117,2506,32113
81.530,118,2506,32103
81.559,116,2506,32110
81.592,115,2506,32107
81.620,117,2505,32101
81.653,115,2505,32097
81.682,116,2506,32104
81.715,117,2506,32102
81.744,116,2506,32106
81.776,119,2506,32102
81.805,121,2507,32115
81.838,120,2506,32110
81.867,120,2507,32117
81.900,117,2507,32116
81.928,118,2507,32125
81.961,117,2507,32118
81.993,114,2506,32109
82.022,111,2507,32121
82.054,106,2506,32114
82.083,104,2506,32106
82.116,107,2506,32102
82.144,107,2506,32111
82.177,107,2506,32109
82.206,105,2507,32117
82.239,109,2507,32124
82.268,109,2507,32126
82.300,108,2507,32119
82.329,102,2507,32119
82.362,101,2507,32114
82.391,101,2505,32100
82.423,97,2505,32092
82.452,92,2504,32078
82.484,90,2503,32065
82.513,94,2502,32062
82.546,90,2501,32046
82.576,89,2501,32043
82.608,88,2501,32038
82.637,84,2499,32021
82.669,82,2497,31994
82.698,81,2496,31983
82.730,79,2496,31976
82.760,77,2496,31976
82.789,79,2496,31974
82.820,77,2496,31973
82.849,78,2496,31977
82.883,78,2495,31971
82.911,80,2496,31980
82.944,78,2496,31984
82.972,81,2497,31989
83.005,83,2497,31992
83.033,80,2497,31999
83.066,81,2497,31995
83.095,82,2496,31978
83.128,78,2496,31977
83.156,79,2495,31971
83.189,78,2495,31965
83.218,78,2495,31964
83.250,76,2495,31970
83.279,77,2495,31968
83.312,75,2495,31966
83.341,76,2494,31957
83.373,74,2495,31966
83.402,79,2495,31965
83.435,80,2495,31971
83.463,78,2495,31973
83.496,80,2496,31976
83.525,78,2496,31973
83.558,78,2496,31979
83.586,80,2496,31978
83.619,77,2496,31979
83.648,78,2496,31977
83.680,78,2495,31971
83.709,80,2496,31978
83.742,78,2496,31976
83.771,80,2495,31973
83.803,81,2496,31976
83.832,78,2495,31971
83.865,79,2495,31972
83.894,81,2496,31977
83.926,78,2496,31977
83.955,81,2496,31979
83.988,80,2496,31977
84.016,77,2496,31974
84.049,80,2496,31974
84.078,78,2495,31970
84.110,79,2496,31976
84.139,78,2496,31973
84.172,81,2496,31978
84.201,80,2496,31978
84.233,81,2496,31978
84.262,82,2496,31982
84.295,83,2497,31992
84.323,81,2498,32004
84.356,83,2498,32005
84.385,84,2498,32003
84.418,85,2497,31993
84.446,86,2498,32000
84.479,83,2497,31997
84.508,83,2497,31991
84.540,82,2496,31985
84.569,86,2496,31975
84.602,83,2495,31972
84.631,81,2495,31970
84.663,83,2495,31970
84.692,80,2495,31965
84.721,78,2492,31930
84.754,75,2490,31904
84.782,73,2487,31864
84.815,69,2486,31850
84.844,68,2486,31852
84.877,69,2486,31845
84.905,68,2485,31838
84.938,67,2486,31849
84.967,68,2486,31852
84.999,69,2487,31859
85.028,71,2485,31845
85.061,72,2484,31821
85.090,72,2480,31779
85.122,68,2480,31769
85.151,71,2474,31698
85.184,65,2466,31589
85.213,61,2459,31506
85.245,59,2457,31482
85.274,61,2460,31516
85.306,62,2462,31542
85.335,60,2470,31645
85.368,55,2471,31664
85.397,60,2473,31691
85.429,59,2474,31699
85.458,55,2474,31691
85.491,54,2471,31655
85.519,56,2467,31611
85.552,58,2465,31582
85.581,57,2462,31544
85.613,57,2460,31519
85.642,53,2460,31518
85.675,57,2460,31515
85.704,52,2460,31521
85.736,53,2461,31529
85.765,55,2464,31573
85.798,51,2467,31605
85.827,53,2466,31599
85.859,53,2464,31568
85.889,54,2462,31550
85.917,54,2464,31572
85.950,51,2466,31597
85.979,51,2468,31627
86.012,55,2470,31648
86.040,59,2470,31643
86.073,59,2467,31614
86.101,59,2465,31579
86.134,64,2461,31531
86.163,63,2460,31520
86.196,63,2459,31511
86.224,65,2456,31471
86.257,61,2455,31452
86.286,63,2448,31368
86.318,61,2445,31328
86.347,63,2444,31308
86.380,66,2444,31309
86.409,61,2444,31310
86.442,64,2440,31257
86.470,65,2435,31203
86.503,68,2435,31197
86.531,66,2434,31183
86.564,63,2431,31150
86.593,64,2430,31133
86.625,62,2430,31130
86.654,65,2430,31135
86.687,65,2431,31144
86.716,64,2433,31173
86.748,64,2434,31186
86.778,64,2434,31185
86.810,63,2432,31164
86.839,63,2430,31137
86.871,66,2424,31058
86.900,61,2420,31002
86.933,64,2416,30951
86.962,65,2415,30942
86.994,65,2413,30910
87.023,64,2414,30930
87.056,65,2415,30943
87.085,66,2416,30955
87.117,66,2421,31017
87.146,66,2427,31094
87.179,66,2430,31134
87.208,63,2432,31164
87.240,66,2432,31165
87.269,66,2433,31177
87.301,70,2434,31186
87.330,63,2435,31197
87.363,65,2436,31209
87.392,63,2436,31205
87.424,63,2436,31208
87.453,61,2436,31212
87.485,58,2438,31240
87.515,59,2437,31229
87.547,57,2436,31207
87.576,55,2435,31203
87.609,58,2435,31203
87.638,59,2436,31214
87.670,61,2442,31289
87.699,61,2449,31379
87.731,62,2457,31477
87.760,67,2460,31522
87.789,63,2464,31572
87.822,62,2466,31601
87.851,64,2468,31623
87.884,62,2468,31624
87.912,57,2468,31615
87.945,59,2467,31605
87.974,62,2465,31586
88.006,61,2463,31557
88.035,60,2462,31540
88.068,55,2461,31536
88.096,64,2461,31534
88.129,67,2461,31529
88.158,64,2461,31528
88.190,63,2461,31528
88.220,61,2461,31526
88.252,66,2461,31535
88.280,66,2461,31535
88.314,65,2460,31520
88.342,62,2460,31515
88.375,65,2460,31513
88.404,66,2460,31515
88.436,63,2461,31526
88.465,63,2461,31530
88.498,64,2462,31547
88.526,65,2465,31579
88.559,61,2466,31597
88.588,65,2465,31588
88.620,64,2465,31581
88.649,65,2465,31586
88.682,65,2466,31594
88.711,65,2467,31614
88.743,65,2469,31636
88.772,61,2470,31641
88.804,63,2470,31647
88.833,58,2470,31646
88.866,69,2469,31636
88.894,63,2468,31624
88.927,65,2466,31601
88.956,68,2465,31578
88.989,65,2463,31558
89.018,63,2461,31532
89.050,64,2461,31530
89.079,66,2461,31531
89.111,66,2463,31560
89.141,65,2466,31600
89.173,64,2468,31622
89.202,66,2470,31642
89.234,68,2471,31655
89.264,66,2471,31656
89.292,67,2471,31656
89.325,63,2470,31650
89.354,63,2470,31650
89.386,64,2470,31645
89.415,65,2468,31619
89.448,66,2465,31581
89.476,65,2461,31532
89.509,65,2460,31521
89.538,63,2460,31515
89.571,67,2459,31507
89.599,66,2459,31505
89.633,65,2460,31521
89.661,59,2464,31571
89.694,61,2469,31640
89.722,56,2471,31663
89.755,56,2474,31695
89.784,59,2476,31717
89.817,55,2476,31725
89.845,61,2476,31725
89.878,63,2476,31722
89.907,66,2475,31716
89.939,65,2475,31711
89.968,65,2472,31677
90.001,66,2471,31655
90.029,66,2470,31645
90.062,64,2467,31614
90.091,65,2463,31561
90.124,67,2461,31535
90.152,65,2461,31530
90.185,62,2461,31534
90.214,62,2461,31534
90.246,63,2461,31529
90.275,66,2460,31522
90.308,64,2460,31522
90.337,63,2460,31517
90.369,63,2459,31500
90.398,66,2455,31449
90.430,61,2446,31340
90.460,64,2436,31213
90.492,64,2434,31180
90.521,62,2421,31022
90.550,62,2414,30933
90.583,62,2406,30820
90.611,64,2401,30764
90.644,62,2400,30750
90.673,61,2399,30735
90.706,59,2393,30659
90.734,59,2390,30627
90.767,62,2390,30623
90.796,58,2389,30614
90.828,58,2387,30589
90.858,60,2389,30606
90.890,60,2393,30665
90.919,59,2399,30737
90.952,57,2400,30751
90.980,59,2400,30751
91.013,57,2400,30756
91.041,59,2401,30763
91.073,62,2404,30795
91.102,65,2402,30780
91.135,63,2403,30787
91.164,65,2405,30814
91.196,63,2407,30836
91.225,64,2409,30863
91.258,64,2409,30863
91.287,62,2407,30842
91.320,59,2407,30844
91.348,60,2407,30840
91.381,60,2407,30843
91.410,60,2409,30868
91.442,63,2415,30942
91.471,65,2418,30974
91.504,60,2421,31024
91.533,61,2428,31107
91.565,60,2431,31150
91.594,63,2435,31196
91.627,63,2435,31204
91.656,65,2439,31248
91.688,66,2441,31281
91.717,61,2440,31265
91.750,61,2437,31227
91.779,61,2436,31205
91.811,64,2435,31198
91.840,63,2431,31153
91.872,66,2428,31110
91.902,65,2426,31083
91.934,67,2424,31054
91.963,62,2424,31059
91.995,66,2427,31099
92.024,63,2430,31140
92.057,65,2433,31175
92.087,66,2435,31197
92.118,66,2435,31197
92.147,65,2435,31198
92.180,68,2435,31198
92.209,66,2435,31194
92.241,67,2435,31195
92.270,68,2434,31181
92.299,66,2432,31159
92.331,63,2431,31141
92.360,67,2428,31109
92.393,65,2428,31109
92.422,64,2431,31150
92.454,62,2435,31197
92.483,63,2436,31206
92.516,62,2438,31237
92.544,61,2442,31292
92.577,58,2445,31327
92.606,63,2445,31330
92.639,61,2437,31226
92.667,64,2432,31154
92.700,66,2416,30953
92.729,63,2402,30770
92.762,63,2387,30589
92.790,62,2369,30355
92.823,58,2359,30230
92.852,57,2345,30050
92.885,55,2336,29930
92.913,55,2335,29914
92.946,57,2335,29918
92.974,56,2342,30006
93.007,59,2356,30182
93.036,56,2361,30245
93.069,59,2366,30308
93.097,57,2367,30328
93.130,59,2367,30328
93.159,61,2366,30313
93.191,60,2360,30242
93.221,58,2353,30145
93.253,59,2343,30013
93.281,58,2340,29984
93.314,58,2338,29961
93.343,58,2338,29953
93.375,60,2337,29936
93.404,57,2341,29991
93.437,57,2350,30103
93.466,61,2358,30207
93.499,60,2362,30259
93.527,59,2373,30406
93.560,60,2379,30483
93.589,60,2379,30479
93.621,61,2376,30445
93.650,62,2374,30420
93.683,64,2372,30393
93.712,61,2366,30317
93.744,60,2361,30244
93.773,57,2360,30235
93.805,55,2358,30212
93.835,57,2358,30212
93.867,59,2360,30235
93.896,54,2361,30248
93.929,56,2361,30252
93.958,59,2361,30247
93.990,57,2360,30232
94.019,58,2351,30119
94.051,54,2335,29918
94.080,56,2316,29671
94.109,54,2296,29415
94.142,55,2272,29106
94.171,53,2241,28706
94.203,53,2201,28203
94.233,52,2163,27717
94.265,51,2160,27681
94.293,54,2192,28084
94.326,51,2221,28450
94.355,55,2241,28710
94.388,54,2254,28882
94.416,54,2263,28990
94.449,54,2275,29146
94.477,55,2275,29151
94.510,54,2274,29132
94.539,56,2271,29096
94.572,54,2269,29066
94.601,53,2263,28996
94.633,55,2255,28897
94.662,54,2245,28768
94.694,55,2239,28685
94.724,52,2234,28629
94.756,51,2230,28576
94.786,53,2230,28573
94.817,52,2223,28486
94.847,53,2222,28472
94.879,54,2221,28454
94.908,52,2214,28364
94.940,52,2200,28193
94.969,51,2212,28342
95.002,54,2236,28648
95.031,54,2246,28778
95.063,56,2246,28770
95.092,54,2237,28666
95.124,54,2225,28513
95.154,56,2222,28463
95.186,52,2229,28555
95.215,53,2230,28565
95.247,52,2225,28501
95.277,55,2231,28579
95.309,55,2235,28638
95.338,52,2229,28557
95.370,53,2220,28447
95.400,52,2220,28439
95.432,54,2221,28451
95.461,55,2229,28554
95.493,53,2230,28572
95.522,54,2227,28539
95.554,54,2229,28563
95.583,54,2230,28571
95.612,55,2219,28434
95.645,55,2196,28136
95.673,53,2160,27681
95.706,50,2127,27252
95.735,51,2094,26835
95.768,52,2074,26575
95.796,50,2089,26765
95.829,49,2119,27149
95.858,53,2157,27642
95.890,49,2181,27939
95.919,51,2201,28199
95.952,50,2222,28465
95.981,49,2239,28692
96.014,48,2245,28764
96.042,51,2246,28776
96.075,48,2248,28798
96.103,50,2247,28788
96.136,48,2236,28649
96.165,49,2219,28433
96.198,48,2203,28229
96.227,47,2199,28180
96.259,49,2167,27769
96.288,49,2140,27415
96.321,47,2124,27219
96.349,47,2146,27491
96.382,51,2160,27668
96.411,51,2164,27720
96.443,50,2170,27809
96.472,50,2186,28002
96.505,48,2200,28183
96.534,48,2199,28171
96.567,49,2188,28032
96.595,48,2175,27871
96.628,48,2175,27871
96.657,49,2166,27752
96.689,47,2152,27567
96.718,49,2145,27486
96.751,50,2146,27497
96.780,50,2156,27620
96.812,50,2168,27781
96.841,48,2180,27936
96.873,51,2195,28120
96.903,52,2200,28191
96.935,50,2200,28193
96.964,52,2200,28185
96.996,50,2195,28122
97.026,52,2180,27927
97.058,51,2164,27721
97.087,50,2142,27447
97.119,50,2134,27342
97.148,46,2136,27362
97.180,49,2139,27411
97.210,45,2160,27669
97.239,47,2176,27876
97.272,46,2180,27932
97.300,49,2136,27372
97.332,48,2077,26615
97.361,48,2060,26394
97.394,49,2075,26583
97.423,47,2115,27101
97.455,50,2167,27770
97.484,48,2221,28457
97.517,48,2241,28716
97.546,46,2246,28774
97.578,52,2246,28773
97.607,50,2252,28851
97.640,52,2255,28891
97.669,50,2256,28902
97.702,50,2260,28951
97.730,49,2265,29024
97.762,49,2259,28948
97.791,51,2247,28793
97.823,50,2250,28830
97.852,51,2255,28892
97.885,52,2259,28945
97.914,50,2254,28879
97.946,50,2242,28728
97.975,50,2240,28702
98.008,50,2240,28697
98.037,47,2238,28674
98.070,49,2188,28036
98.099,48,2142,27441
98.131,48,2111,27041
98.160,48,2079,26636
98.192,47,2068,26502
98.222,49,2078,26627
98.254,49,2115,27097
98.283,47,2137,27380
98.315,49,2155,27606
98.344,49,2156,27620
98.376,48,2151,27556
98.405,48,2148,27525
98.438,48,2135,27359
98.467,47,2107,26994
98.499,51,2075,26592
98.528,47,2054,26311
98.561,48,2084,26697
98.590,48,2159,27658
98.618,47,2207,28271
98.651,48,2217,28402
98.680,51,2242,28721
98.713,53,2281,29224
98.741,53,2326,29806
98.774,58,2363,30272
98.803,61,2396,30702
98.836,61,2416,30951
98.864,61,2435,31198
98.897,61,2452,31413
98.926,59,2461,31533
98.958,57,2471,31661
98.987,62,2477,31739
99.020,62,2480,31774
99.048,66,2481,31789
99.081,73,2484,31820
99.110,68,2485,31834
99.142,71,2485,31842
99.171,71,2486,31852
99.204,71,2486,31857
99.233,68,2487,31864
99.265,75,2487,31869
99.294,72,2487,31858
99.327,73,2486,31853
99.355,69,2485,31842
99.388,69,2486,31849
99.417,67,2486,31845
99.449,63,2486,31854
99.478,60,2486,31851
99.511,56,2486,31846
99.540,66,2485,31844
99.572,59,2485,31841
99.601,63,2485,31844
99.630,65,2486,31847
99.663,69,2486,31855
99.691,68,2488,31873
99.724,67,2489,31891
99.753,62,2490,31908
99.786,62,2490,31905
99.814,59,2489,31896
99.847,64,2490,31903
99.876,62,2490,31900
99.908,61,2489,31886
99.937,61,2486,31854
99.970,64,2486,31845
99.998,71,2482,31798
100.031,69,2480,31779
100.060,66,2479,31759
100.093,63,2475,31711
100.121,61,2470,31651
100.154,59,2465,31579
100.183,56,2461,31528
100.215,56,2463,31560
100.244,55,2469,31638
100.277,52,2474,31691
100.306,50,2477,31735
100.338,52,2479,31768
100.367,46,2480,31777
100.400,39,2480,31780
100.429,42,2480,31778
100.461,43,2480,31779
100.490,41,2480,31779
100.523,34,2480,31778
100.552,37,2480,31776
100.584,42,2480,31774
100.613,42,2480,31773
100.645,40,2479,31765
100.674,40,2478,31744
100.707,43,2477,31733
100.736,45,2476,31720
100.768,53,2475,31708
100.797,49,2475,31710
100.830,50,2475,31710
100.859,46,2475,31716
100.891,36,2476,31721
100.920,39,2476,31730
100.953,37,2478,31748
100.982,36,2479,31762
101.010,34,2478,31752
101.043,37,2477,31736
101.072,44,2476,31720
101.105,48,2474,31701
101.133,58,2472,31676
101.166,55,2471,31657
101.195,61,2471,31656
101.227,54,2470,31649
101.256,56,2470,31648
101.289,58,2471,31656
101.317,57,2471,31653
101.350,60,2471,31653
101.379,60,2470,31653
101.412,57,2469,31635
101.440,55,2467,31607
101.473,56,2463,31556
101.502,54,2460,31521
101.534,56,2455,31459
101.563,56,2446,31338
101.596,63,2438,31230
101.625,62,2435,31199
101.657,59,2435,31197
101.686,56,2435,31197
101.719,57,2437,31225
101.748,52,2446,31340
101.780,53,2451,31405
101.809,55,2454,31446
101.842,55,2455,31452
101.871,54,2456,31469
101.903,55,2457,31474
101.932,55,2456,31462
101.965,56,2453,31430
101.994,52,2447,31348
102.026,58,2442,31294
102.056,54,2437,31230
102.087,60,2436,31209
102.117,60,2435,31203
102.149,59,2435,31198
102.178,62,2435,31198
102.210,58,2435,31197
102.239,60,2435,31195
102.272,62,2434,31189
102.300,63,2434,31181
102.333,60,2434,31181
102.362,62,2435,31193
102.394,60,2435,31198
102.423,61,2435,31195
102.456,61,2435,31195
102.485,61,2435,31192
102.518,61,2435,31195
102.547,64,2435,31199
102.579,63,2435,31198
102.608,63,2435,31196
102.640,65,2435,31195
102.670,62,2433,31177
102.702,62,2430,31137
102.731,63,2425,31072
102.763,62,2417,30970
102.793,61,2413,30910
102.825,62,2405,30817
102.854,63,2404,30804
102.883,60,2403,30783
102.916,59,2403,30784
102.944,59,2401,30757
102.977,60,2399,30735
103.005,59,2390,30628
103.038,56,2383,30537
103.067,57,2380,30498
103.100,60,2380,30491
103.128,59,2380,30488
103.161,57,2380,30496
103.190,58,2389,30613
103.222,60,2400,30754
103.252,59,2411,30889
103.284,55,2416,30954
103.313,54,2420,31008
103.345,55,2423,31048
103.375,54,2424,31060
103.407,52,2426,31080
103.435,54,2427,31102
103.468,55,2427,31100
103.497,55,2425,31066
103.530,56,2422,31035
103.558,57,2420,31008
103.591,59,2415,30947
103.620,55,2410,30878
103.652,61,2404,30800
103.681,59,2400,30756
103.714,59,2400,30750
103.743,59,2401,30761
103.775,59,2408,30846
103.804,59,2416,30952
103.837,59,2425,31065
103.866,53,2430,31139
103.898,54,2431,31144
103.927,52,2430,31139
103.960,53,2430,31137
103.988,52,2430,31135
104.021,50,2430,31133
104.050,50,2430,31138
104.082,50,2433,31169
104.111,46,2431,31142
104.143,44,2421,31015
104.173,45,2414,30926
104.205,45,2403,30788
104.235,45,2396,30704
104.266,49,2381,30501
104.296,50,2361,30249
104.328,50,2338,29962
104.357,49,2331,29867
104.390,51,2333,29893
104.418,52,2338,29951
104.447,53,2352,30136
104.479,52,2360,30233
104.508,53,2360,30241
104.541,51,2361,30245
104.570,53,2364,30283
104.602,50,2363,30281
104.631,52,2360,30239
104.664,50,2360,30241
104.692,54,2360,30236
104.725,53,2364,30295
104.754,52,2378,30463
104.787,52,2382,30522
104.816,51,2391,30629
104.849,52,2390,30623
104.878,50,2391,30636
104.910,51,2389,30610
104.939,48,2381,30509
104.971,53,2375,30425
105.001,55,2365,30299
105.033,54,2363,30270
105.062,51,2366,30309
105.094,53,2371,30380
105.123,52,2378,30470
105.156,54,2378,30463
105.184,56,2379,30479
105.217,54,2380,30495
105.246,57,2381,30508
105.278,51,2380,30497
105.308,54,2376,30445
105.340,50,2366,30313
105.369,55,2358,30210
105.401,52,2336,29925
105.430,53,2306,29543
105.463,52,2272,29107
105.491,51,2240,28700
105.524,49,2225,28505
105.553,48,2216,28395
105.586,48,2202,28209
105.615,48,2196,28135
105.647,48,2190,28054
105.677,51,2181,27946
105.709,48,2175,27867
105.737,48,2156,27619
105.769,47,2139,27411
105.799,45,2147,27505
105.831,48,2157,27634
105.860,45,2165,27743
105.893,46,2161,27692
105.921,46,2163,27709
105.954,49,2171,27810
105.983,48,2160,27679
106.012,46,2166,27747
106.044,48,2167,27762
106.073,48,2180,27932
106.106,51,2180,27935
106.134,49,2181,27944
106.167,49,2180,27936
106.196,49,2183,27973
106.229,50,2186,28009
106.258,50,2200,28184
106.290,51,2211,28332
106.319,52,2221,28456
106.352,52,2220,28448
106.380,50,2220,28446
106.413,50,2220,28447
106.442,49,2220,28442
106.474,50,2206,28262
106.503,48,2178,27909
106.537,49,2139,27407
106.565,48,2089,26769
106.597,46,2037,26099
106.626,46,1995,25556
106.659,46,1959,25103
106.688,47,1925,24669
106.720,46,1936,24805
106.749,47,1938,24824
106.781,47,1961,25131
106.810,46,1976,25315
106.843,47,1994,25543
106.872,46,1993,25539
106.904,48,1987,25463
106.934,48,1957,25070
106.966,47,1921,24613
106.995,52,1918,24574
107.027,49,1921,24608
107.056,45,1920,24603
107.089,49,1892,24243
107.118,48,1857,23792
107.150,49,1827,23413
107.180,48,1795,22993
107.212,48,1767,22640
107.241,51,1740,22289
107.273,49,1741,22308
107.302,48,1739,22287
107.334,49,1740,22297
107.363,48,1739,22280
107.396,45,1747,22386
107.425,47,1724,22088
107.457,47,1707,21864
107.486,51,1713,21951
107.518,47,1726,22118
107.548,49,1737,22252
107.577,50,1722,22061
107.609,50,1720,22032
107.638,46,1721,22056
107.671,51,1739,22286
107.700,49,1752,22446
107.732,49,1720,22039
107.760,48,1682,21551
107.793,49,1676,21469
107.822,48,1717,22001
107.855,50,1781,22817
107.884,47,1854,23758
107.917,48,1871,23966
107.945,47,1839,23562
107.978,50,1810,23189
108.006,48,1805,23121
108.039,48,1823,23353
108.068,48,1834,23502
108.101,47,1850,23698
108.130,49,1856,23780
108.162,47,1865,23896
108.191,47,1877,24043
108.223,52,1919,24589
108.252,48,1966,25184
108.284,49,2023,25918
108.314,48,2009,25742
108.346,48,1971,25250
108.375,48,1935,24796
108.408,48,1878,24064
108.437,49,1834,23497
108.469,47,1800,23063
108.498,46,1803,23103
108.530,46,1834,23504
108.559,46,1885,24146
108.592,47,1954,25038
108.621,46,2024,25938
108.653,48,2101,26912
108.682,49,2173,27846
108.711,52,2240,28699
108.744,52,2290,29336
108.772,55,2322,29755
108.805,58,2349,30098
108.834,59,2366,30311
108.867,62,2391,30633
108.895,65,2412,30908
108.928,65,2429,31121
108.956,68,2435,31200
108.989,67,2445,31331
109.018,65,2456,31461
109.050,68,2461,31526
109.079,65,2470,31652
109.112,69,2477,31734
109.140,68,2481,31781
109.174,72,2485,31837
109.202,70,2488,31881
109.235,72,2493,31940
109.264,75,2495,31964
109.297,76,2495,31967
109.325,77,2495,31966
109.358,78,2496,31974
109.387,77,2495,31972
109.419,76,2495,31968
109.448,76,2495,31972
109.481,73,2495,31966
109.510,73,2495,31962
109.542,74,2493,31945
109.571,70,2492,31923
109.603,71,2490,31904
109.632,71,2488,31873
109.665,70,2486,31855
109.694,71,2486,31847
109.726,68,2485,31834
109.755,68,2484,31826
109.788,70,2485,31845
109.817,73,2486,31853
109.849,70,2487,31862
109.878,73,2487,31860
109.911,73,2486,31848
109.940,71,2485,31843
109.968,70,2484,31825
110.001,70,2481,31792
110.030,66,2480,31780
110.063,68,2480,31773
110.091,67,2479,31766
110.124,60,2478,31755
110.153,61,2478,31747
110.185,64,2477,31733
110.214,66,2477,31731
110.247,68,2476,31726
110.275,66,2476,31718
110.308,62,2476,31723
110.337,60,2476,31717
110.370,64,2475,31713
110.398,63,2475,31705
110.431,61,2475,31713
110.460,61,2475,31707
110.492,61,2475,31710
110.522,61,2475,31713
110.554,63,2475,31716
110.584,63,2476,31720
110.616,64,2476,31725
110.644,61,2476,31720
110.676,63,2476,31728
110.706,66,2477,31732
110.734,62,2476,31730
110.767,65,2476,31724
110.796,65,2475,31711
110.829,63,2473,31687
110.857,58,2471,31655
110.890,59,2466,31598
110.919,58,2460,31519
110.951,56,2454,31435
110.980,57,2445,31320
111.013,59,2439,31251
111.041,57,2440,31259
111.075,58,2442,31292
111.103,58,2445,31331
111.136,61,2445,31326
111.164,55,2447,31347
111.197,54,2449,31375
111.225,54,2451,31398
111.258,53,2453,31431
111.287,55,2454,31442
111.319,57,2454,31445
111.348,52,2455,31452
111.381,62,2457,31475
111.410,54,2456,31467
111.443,54,2455,31459
111.471,53,2455,31457
111.504,55,2454,31438
111.533,57,2452,31419
111.566,57,2450,31385
111.595,59,2447,31350
111.627,61,2449,31377
111.656,59,2452,31412
111.688,58,2455,31458
111.717,63,2456,31463
111.750,59,2456,31471
111.779,62,2458,31494
111.811,61,2459,31507
111.840,63,2460,31514
111.873,60,2460,31516
111.901,57,2460,31514
111.934,59,2460,31516
111.963,58,2459,31510
111.996,58,2460,31514
112.025,56,2459,31506
112.057,59,2456,31464
112.086,57,2452,31411
112.118,62,2445,31328
112.147,55,2438,31231
112.180,59,2436,31210
112.209,57,2437,31220
112.241,57,2437,31225
112.271,55,2435,31204
112.303,56,2435,31197
112.332,53,2434,31184
112.364,53,2433,31171
112.393,52,2432,31159
112.426,50,2430,31140
112.454,50,2430,31139
112.487,53,2431,31143
112.516,52,2432,31156
112.548,51,2434,31179
112.578,50,2434,31180
112.610,51,2434,31191
112.639,49,2435,31193
112.671,45,2435,31196
112.700,50,2435,31196
112.729,49,2435,31199
112.762,44,2435,31197
112.791,47,2432,31165
112.823,56,2430,31136
112.853,47,2431,31140
112.885,52,2430,31131
112.913,53,2428,31114
112.946,53,2429,31117
112.975,56,2430,31139
113.007,53,2433,31168
113.037,54,2435,31196
113.069,56,2435,31195
113.098,51,2435,31194
113.130,54,2434,31190
113.159,52,2435,31193
113.192,58,2435,31195
113.221,58,2433,31170
113.253,58,2430,31138
113.283,58,2428,31114
113.315,60,2429,31115
113.344,61,2428,31109
113.376,61,2426,31087
113.405,61,2428,31107
113.437,63,2430,31131
113.466,63,2431,31147
113.499,61,2431,31150
113.527,62,2431,31149
113.560,62,2431,31145
113.589,59,2429,31121
113.621,61,2423,31040
113.651,64,2415,30947
113.684,63,2406,30830
113.712,63,2401,30758
113.745,59,2399,30737
113.773,58,2390,30618
113.806,57,2381,30501
113.836,56,2378,30462
113.868,57,2381,30500
113.896,54,2389,30610
113.929,58,2398,30728
113.958,60,2401,30765
113.990,59,2405,30810
114.019,56,2407,30842
114.052,54,2410,30883
114.081,56,2410,30877
114.113,55,2408,30855
114.142,53,2407,30841
114.174,53,2406,30826
114.204,54,2403,30787
114.236,56,2397,30712
114.265,56,2391,30635
114.298,56,2390,30623
114.326,57,2392,30645
114.358,58,2396,30696
114.388,60,2395,30687
114.417,58,2391,30631
114.449,57,2392,30641
114.478,60,2396,30701
114.511,61,2399,30732
114.539,59,2399,30736
114.572,61,2405,30817
114.601,58,2410,30872
114.634,58,2410,30875
114.663,60,2405,30808
114.696,58,2398,30719
114.724,56,2386,30572
114.756,56,2380,30499
114.785,55,2378,30467
114.819,55,2375,30424
114.847,55,2364,30287
114.879,55,2354,30164
114.908,53,2347,30071
114.941,57,2347,30076
114.969,55,2352,30140
115.002,55,2353,30154
115.031,55,2345,30045
115.063,54,2333,29889
115.092,51,2315,29661
115.125,51,2312,29623
115.153,53,2310,29597
115.186,50,2305,29534
115.215,51,2299,29453
115.247,52,2286,29290
115.276,50,2278,29192
115.309,49,2282,29241
115.338,52,2295,29403
115.370,53,2315,29662
115.399,53,2311,29614
115.432,53,2324,29774
115.461,52,2335,29913
115.493,51,2336,29934
115.522,54,2341,29995
115.555,54,2348,30082
115.584,54,2359,30220
115.616,56,2360,30233
115.645,53,2360,30243
115.677,56,2361,30249
115.706,53,2361,30252
115.739,55,2366,30315
115.768,55,2373,30407
115.800,54,2375,30424
115.829,56,2371,30382
115.862,57,2374,30417
115.891,56,2376,30438
115.923,58,2374,30413
115.952,56,2372,30395
115.985,59,2366,30312
116.014,56,2361,30246
116.042,58,2359,30227
116.075,58,2352,30130
116.104,55,2349,30090
116.136,55,2350,30108
116.165,58,2354,30161
116.198,59,2359,30228
116.227,58,2359,30218
116.259,59,2361,30253
116.288,58,2367,30330
116.321,58,2369,30355
116.349,60,2374,30411
116.382,59,2372,30391
116.411,59,2376,30444
116.444,57,2380,30487
116.472,60,2381,30501
116.505,55,2381,30512
116.534,56,2380,30500
116.566,55,2380,30491
116.595,54,2377,30454
116.628,55,2374,30421
116.657,55,2368,30333
116.689,54,2370,30369
116.718,56,2380,30496
116.751,56,2390,30620
116.779,53,2400,30745
116.812,53,2406,30821
116.841,49,2413,30915
116.873,46,2408,30857
116.902,53,2400,30754
116.935,54,2392,30652
116.964,55,2393,30656
116.996,55,2397,30712
117.025,56,2400,30754
117.058,56,2403,30793
117.087,55,2406,30830
117.119,55,2406,30831
117.148,54,2403,30792
117.181,54,2393,30662
117.210,56,2376,30436
117.242,57,2359,30229
117.271,58,2351,30116
117.304,57,2349,30101
117.332,55,2351,30127
117.365,56,2354,30161
117.394,56,2355,30172
117.426,53,2350,30112
117.455,55,2340,29980
117.484,54,2335,29916
117.517,53,2328,29831
117.549,55,2326,29799
117.578,53,2325,29790
117.607,51,2315,29663
117.640,51,2301,29476
117.668,50,2299,29452
117.701,51,2302,29499
117.730,48,2320,29723
117.763,51,2327,29810
117.791,51,2333,29894
117.824,49,2335,29919
117.853,49,2332,29874
117.885,47,2311,29615
117.914,47,2315,29663
117.947,49,2330,29858
117.975,49,2336,29926
118.008,50,2335,29923
118.037,51,2327,29810
118.070,50,2321,29742
118.099,50,2315,29664
118.132,49,2316,29669
118.160,50,2315,29657
118.193,50,2316,29680
118.222,52,2335,29913
118.254,50,2343,30014
118.283,49,2350,30113
118.316,51,2350,30103
118.344,53,2334,29899
118.377,51,2315,29662
118.406,52,2301,29476
118.438,49,2294,29394
118.467,48,2297,29433
118.500,47,2295,29408
118.529,48,2275,29148
118.561,49,2240,28701
118.590,47,2216,28398
118.623,49,2215,28383
118.652,47,2231,28579
118.685,48,2244,28755
118.713,49,2255,28891
118.746,48,2255,28895
118.775,48,2269,29070
118.807,47,2286,29290
118.836,47,2300,29469
118.869,50,2301,29484
118.897,50,2295,29406
118.930,44,2275,29150
118.959,47,2272,29107
118.991,47,2264,29004
119.020,48,2255,28894
119.053,46,2255,28896
119.082,46,2256,28900
119.114,48,2264,29009
119.144,49,2272,29105
119.176,48,2272,29110
119.205,48,2258,28931
119.237,49,2270,29083
119.266,48,2279,29197
119.298,49,2307,29562
119.327,48,2310,29594
119.356,47,2301,29483
119.389,45,2302,29496
119.418,45,2300,29469
119.450,46,2289,29327
119.479,48,2275,29148
119.512,48,2258,28925
119.541,48,2255,28893
119.573,48,2252,28857
119.602,49,2255,28886
119.635,49,2252,28856
119.663,47,2253,28862
119.696,50,2253,28868
119.725,50,2245,28761
119.758,49,2238,28671
119.787,52,2220,28444
119.819,47,2195,28125
119.848,48,2166,27746
119.881,48,2141,27437
119.909,47,2127,27250
119.942,46,2129,27271
119.970,48,2117,27126
120.003,46,2107,26996
120.033,47,2115,27093
120.065,45,2135,27359
120.093,50,2158,27645
120.126,47,2176,27876
120.155,47,2184,27978
120.187,48,2184,27977
120.216,47,2183,27967
120.248,48,2175,27868
120.277,46,2175,27861
120.310,47,2175,27873
120.339,46,2176,27879
120.371,47,2175,27862
120.401,45,2161,27689
120.433,46,2162,27694
120.462,46,2164,27727
120.494,48,2173,27840
120.523,47,2189,28048
120.556,49,2205,28251
120.585,47,2220,28448
120.617,48,2223,28485
120.646,49,2226,28525
120.679,48,2240,28702
120.708,49,2255,28896
120.740,50,2273,29123
120.770,51,2279,29194
120.801,51,2283,29257
120.831,52,2277,29168
120.863,55,2275,29153
120.892,55,2283,29257
120.921,56,2294,29392
120.954,56,2304,29514
120.982,54,2315,29659
121.015,58,2323,29762
121.044,53,2328,29823
121.076,58,2336,29932
121.105,57,2348,30084
121.138,59,2358,30213
121.167,58,2363,30275
121.200,61,2373,30398
121.228,60,2377,30458
121.261,58,2381,30500
121.289,61,2388,30594
121.322,62,2395,30690
121.351,62,2400,30750
121.384,63,2406,30826
121.413,62,2413,30910
121.445,66,2415,30947
121.474,65,2417,30965
121.506,63,2420,31012
121.535,64,2424,31061
121.568,64,2429,31124
121.597,65,2431,31149
121.629,64,2434,31187
121.658,67,2435,31193
121.691,68,2433,31177
121.719,68,2431,31144
121.752,67,2428,31114
121.781,65,2426,31086
121.813,61,2428,31115
121.843,63,2432,31155
121.875,68,2435,31198
121.904,67,2438,31231
121.936,66,2446,31340
121.965,65,2450,31395
121.998,66,2453,31429
122.027,63,2454,31439
122.059,65,2452,31419
122.088,64,2448,31359
122.120,67,2446,31338
122.150,66,2445,31326
122.182,66,2441,31276
122.211,66,2438,31242
122.243,64,2439,31243
122.273,62,2438,31239
122.302,65,2438,31242
122.334,65,2440,31260
122.362,66,2442,31288
122.395,66,2445,31330
122.424,62,2448,31362
122.456,62,2449,31377
122.485,61,2449,31377
122.518,61,2446,31339
122.547,63,2442,31292
122.580,62,2436,31215
122.608,62,2434,31191
122.641,64,2433,31171
122.670,68,2431,31143
122.703,63,2428,31111
122.731,65,2428,31108
122.764,64,2424,31052
122.793,65,2421,31015
122.826,64,2418,30980
122.854,65,2416,30957
122.887,64,2415,30947
122.916,64,2415,30941
122.949,65,2415,30943
122.977,65,2414,30933
123.010,63,2413,30916
123.039,62,2414,30928
123.071,63,2415,30942
123.100,65,2417,30968
123.133,66,2420,31012
123.161,60,2421,31016
123.194,61,2422,31038
123.223,64,2422,31038
123.256,63,2421,31024
123.285,62,2420,31004
123.317,64,2416,30960
123.346,64,2415,30942
123.378,62,2411,30887
123.407,63,2405,30812
123.439,61,2401,30760
123.468,62,2401,30757
123.501,60,2400,30749
123.530,59,2400,30751
123.563,64,2401,30760
123.591,57,2402,30774
123.624,60,2405,30811
123.653,61,2407,30834
123.685,59,2408,30849
123.714,59,2410,30879
123.746,59,2409,30868
123.776,58,2411,30885
123.808,54,2408,30854
123.837,60,2413,30921
123.869,61,2415,30947
123.899,61,2416,30958
123.931,60,2416,30951
123.960,61,2420,31008
123.989,62,2418,30978
124.021,56,2414,30932
124.050,58,2412,30903
124.083,59,2414,30935
124.112,53,2412,30904
124.144,55,2408,30857
124.173,54,2406,30825
124.206,55,2405,30819
124.235,52,2414,30926
124.268,54,2415,30942
124.296,53,2420,31001
124.329,55,2421,31021
124.357,54,2421,31018
124.390,56,2426,31086
124.419,55,2427,31099
124.451,53,2430,31130
124.480,53,2429,31124
124.513,55,2431,31146
124.542,54,2431,31152
124.574,52,2431,31146
124.603,57,2431,31144
124.635,57,2431,31140
124.664,58,2430,31136
124.697,58,2431,31147
124.725,56,2431,31149
124.758,56,2430,31137
124.787,57,2429,31125
124.820,56,2429,31124
124.849,57,2430,31130
124.882,55,2423,31048
124.910,55,2421,31023
124.943,55,2422,31027
124.972,55,2425,31068
125.004,56,2422,31036
125.034,56,2417,30962
125.065,56,2416,30950
125.095,55,2416,30952
125.127,54,2415,30948
125.156,57,2419,30990
125.188,54,2421,31019
125.217,44,2423,31043
125.250,46,2423,31040
125.279,44,2421,31015
125.311,46,2416,30958
125.340,49,2411,30886
125.373,51,2405,30820
125.402,54,2404,30807
125.434,49,2399,30731
125.463,50,2389,30605
125.495,52,2380,30495
125.525,51,2361,30254
125.554,51,2353,30142
125.586,51,2351,30117
125.615,52,2343,30014
125.648,52,2331,29868
125.676,52,2325,29788
125.709,53,2324,29774
125.738,52,2316,29676
125.770,53,2305,29532
125.799,50,2291,29355
125.832,51,2275,29147
125.860,51,2257,28914
125.893,51,2248,28801
125.922,48,2245,28770
125.955,49,2240,28705
125.983,50,2242,28726
126.017,50,2246,28777
126.045,49,2246,28780
126.078,49,2241,28713
126.106,46,2239,28692
126.139,46,2223,28481
126.169,47,2216,28390
126.200,50,2209,28298
126.229,48,2205,28252
126.262,49,2215,28375
126.291,48,2220,28442
126.323,48,2225,28503
126.352,46,2228,28542
126.385,49,2222,28465
126.413,47,2220,28441
126.446,48,2204,28243
126.475,50,2204,28241
126.508,48,2202,28214
126.537,49,2202,28212
126.569,48,2204,28234
126.597,47,2207,28276
126.630,45,2207,28277
126.659,48,2218,28418
126.692,48,2219,28425
126.721,48,2226,28515
126.753,46,2224,28500
126.782,47,2218,28414
126.815,47,2206,28270
126.843,48,2202,28219
126.876,46,2200,28189
126.905,46,2197,28150
126.937,46,2196,28136
126.966,45,2190,28055
126.999,48,2191,28069
127.027,43,2201,28204
127.060,47,2216,28393
127.089,46,2202,28219
127.122,48,2181,27941
127.151,46,2173,27842
127.179,46,2172,27832
127.213,47,2180,27925
127.241,48,2192,28088
127.274,47,2200,28187
127.302,47,2208,28291
127.335,51,2235,28640
127.364,50,2256,28909
127.397,53,2277,29170
127.425,53,2298,29439
127.458,52,2311,29612
127.487,54,2325,29794
127.519,56,2342,30012
127.548,55,2358,30215
127.581,58,2367,30326
127.609,59,2383,30530
127.642,58,2397,30709
127.671,59,2402,30777
127.703,60,2409,30871
127.732,62,2414,30934
127.765,59,2415,30943
127.794,63,2416,30955
127.827,60,2420,31012
127.855,61,2423,31039
127.887,62,2427,31095
127.916,63,2431,31148
127.949,64,2435,31194
127.978,64,2435,31200
128.011,64,2436,31212
128.039,66,2439,31248
128.072,61,2441,31281
128.100,62,2444,31308
128.133,61,2445,31327
128.162,63,2446,31336
128.195,65,2446,31345
128.224,65,2447,31353
128.256,64,2448,31364
128.286,63,2448,31369
128.318,65,2450,31396
128.347,66,2452,31422
128.379,64,2454,31443
128.408,64,2456,31464
128.440,66,2456,31470
128.470,62,2457,31484
128.502,61,2458,31499
128.531,64,2457,31483
128.563,59,2455,31456
128.592,61,2455,31457
128.625,62,2454,31439
128.654,60,2453,31423
128.686,63,2452,31420
128.715,63,2450,31394
128.748,64,2446,31341
128.777,65,2443,31303
128.809,68,2437,31219
128.838,64,2435,31198
128.867,62,2434,31191
128.900,59,2430,31132
128.929,58,2423,31040
128.962,56,2417,30965
128.990,55,2415,30938
129.022,58,2410,30880
129.052,59,2407,30841
129.084,57,2406,30826
129.112,61,2406,30832
129.145,60,2406,30825
129.174,61,2406,30821
129.206,59,2404,30800
129.235,61,2401,30765
129.268,60,2400,30751
129.297,61,2398,30723
129.329,60,2394,30675
129.359,58,2390,30618
129.391,58,2381,30504
129.420,58,2377,30461
129.452,57,2367,30327
129.481,59,2361,30255
129.514,57,2360,30234
129.543,60,2351,30120
129.575,55,2342,30003
129.604,57,2335,29920
129.637,54,2330,29856
129.665,55,2323,29761
129.698,55,2315,29659
129.727,55,2304,29526
129.760,52,2290,29337
129.789,51,2271,29091
129.821,52,2246,28773
129.850,51,2233,28608
129.882,51,2226,28517
129.911,52,2224,28493
129.944,51,2221,28460
129.973,51,2222,28464
130.005,51,2220,28446
130.034,52,2219,28427
130.067,51,2211,28327
130.096,52,2205,28246
130.128,52,2199,28172
130.157,51,2184,27981
130.189,49,2172,27825
130.219,49,2160,27677
130.251,50,2155,27615
130.280,51,2155,27615
130.312,50,2161,27687
130.341,50,2164,27732
130.374,48,2161,27684
130.403,50,2154,27604
130.431,50,2145,27479
130.464,47,2140,27420
130.493,48,2137,27377
130.526,50,2138,27391
130.555,46,2137,27381
130.587,49,2140,27415
130.616,48,2141,27427
130.649,48,2141,27437
130.678,51,2150,27548
130.710,50,2157,27636
130.739,50,2160,27679
130.772,50,2167,27760
130.800,50,2172,27830
130.833,48,2174,27854
130.862,48,2174,27848
130.894,50,2168,27778
130.923,46,2166,27752
130.956,48,2165,27742
130.984,51,2168,27780
131.017,47,2175,27862
131.046,48,2175,27867
131.078,49,2182,27959
131.107,47,2190,28063
131.140,46,2199,28173
131.168,49,2205,28257
131.201,49,2218,28424
131.230,50,2227,28535
131.262,52,2237,28660
131.291,49,2241,28713
131.324,50,2244,28749
131.353,49,2241,28707
131.385,50,2236,28643
131.414,50,2225,28508
131.447,51,2224,28489
131.476,51,2232,28592
131.508,51,2240,28698
131.537,50,2242,28725
131.570,51,2241,28717
131.598,50,2240,28695
131.631,50,2231,28579
131.660,53,2220,28447
131.692,49,2206,28269
131.721,47,2199,28181
131.754,48,2189,28044
131.783,49,2179,27921
131.815,50,2175,27870
131.844,50,2177,27893
131.877,49,2194,28112
131.906,48,2206,28259
131.938,49,2219,28429
131.967,50,2223,28477
132.000,47,2223,28482
132.029,50,2220,28446
132.061,51,2213,28359
132.090,52,2201,28198
132.122,50,2196,28131
132.151,50,2196,28130
132.184,50,2201,28200
132.213,52,2219,28431
132.242,48,2231,28581
132.274,50,2239,28690
132.303,50,2240,28694
132.336,51,2235,28631
132.364,52,2228,28545
132.397,52,2221,28456
132.426,50,2220,28449
132.459,50,2222,28470
132.487,52,2232,28597
132.520,51,2240,28698
132.549,51,2243,28739
132.581,50,2243,28734
132.610,51,2241,28707
132.643,51,2240,28693
132.671,52,2240,28697
132.704,52,2240,28704
132.733,50,2240,28700
132.766,51,2240,28704
132.794,52,2240,28700
132.827,51,2239,28688
132.856,53,2237,28659
132.889,47,2239,28687
132.917,50,2240,28698
132.950,51,2238,28674
132.979,51,2227,28531
133.011,52,2215,28374
133.040,48,2201,28199
133.073,50,2200,28188
133.102,50,2207,28282
133.134,48,2221,28456
133.163,52,2237,28660
133.196,50,2248,28798
133.224,51,2255,28895
133.257,50,2259,28938
133.286,53,2257,28914
133.318,52,2256,28900
133.347,52,2251,28835
133.380,51,2241,28709
133.409,51,2221,28461
133.441,48,2205,28252
133.470,49,2194,28105
133.503,50,2182,27957
133.532,51,2169,27788
133.564,50,2161,27681
133.593,50,2159,27660
133.626,52,2162,27697
133.655,54,2174,27852
133.687,53,2189,28041
133.716,53,2206,28268
133.748,52,2252,28856
133.777,53,2284,29259
133.806,49,2305,29535
133.839,47,2313,29630
133.868,46,2315,29664
133.901,45,2318,29695
133.929,49,2347,30068
133.963,49,2344,30031
133.991,49,2360,30234
134.024,49,2336,29926
134.052,49,2341,29992
134.085,51,2346,30060
134.113,51,2350,30113
134.147,56,2360,30236
134.175,55,2364,30287
134.208,54,2365,30299
134.237,54,2366,30314
134.269,52,2380,30489
134.298,56,2395,30690
134.331,58,2415,30943
134.359,53,2414,30927
134.392,54,2405,30817
134.421,54,2406,30826
134.453,54,2410,30878
134.482,56,2403,30782
134.515,52,2407,30844
134.544,54,2408,30848
134.577,54,2405,30820
134.605,56,2415,30945
134.638,54,2406,30823
134.667,53,2405,30815
134.699,52,2415,30943
134.728,51,2415,30942
134.761,55,2416,30951
134.789,55,2403,30787
134.822,54,2408,30853
134.851,55,2397,30712
134.883,53,2400,30748
134.913,52,2398,30718
134.945,52,2387,30578
134.974,56,2380,30492
135.006,54,2335,29914
135.035,53,2289,29330
135.068,54,2286,29288
135.097,52,2274,29133
135.129,51,2259,28940
135.158,52,2275,29147
135.191,52,2265,29014
135.220,50,2258,28933
135.252,50,2275,29148
135.281,50,2268,29062
135.313,50,2274,29141
135.342,50,2283,29256
135.371,53,2285,29277
135.404,52,2284,29264
135.432,49,2283,29249
135.465,51,2277,29180
135.494,52,2275,29151
135.527,48,2274,29131
135.556,51,2267,29040
135.588,49,2268,29062
135.617,49,2275,29152
135.650,48,2276,29155
135.678,50,2275,29149
135.711,50,2274,29137
135.740,49,2275,29145
135.772,47,2274,29140
135.801,48,2275,29147
135.834,47,2269,29074
135.863,48,2255,28898
135.895,48,2275,29149
135.924,47,2274,29139
135.956,48,2275,29142
135.985,47,2277,29177
136.018,48,2275,29149
136.047,50,2279,29197
136.079,47,2290,29342
136.108,49,2296,29421
136.141,49,2301,29480
136.170,50,2296,29419
136.203,50,2286,29287
136.231,48,2308,29569
136.264,48,2319,29708
136.293,49,2310,29593
136.325,46,2300,29466
136.354,51,2315,29657
136.387,50,2326,29800
136.416,50,2326,29804
136.448,50,2325,29784
136.477,48,2327,29813
136.510,48,2337,29938
136.538,48,2345,30044
136.571,48,2355,30175
136.600,49,2359,30225
136.632,48,2360,30235
136.661,47,2352,30138
136.694,50,2341,29988
136.723,48,2337,29945
136.752,46,2341,29995
136.785,45,2341,29989
136.813,48,2341,29993
136.845,50,2342,30006
136.875,48,2344,30029
136.907,48,2326,29798
136.936,50,2311,29613
136.969,49,2300,29470
136.998,51,2275,29152
137.030,47,2255,28898
137.058,49,2250,28829
137.091,48,2246,28779
137.120,49,2255,28898
137.153,50,2271,29099
137.182,49,2272,29112
137.214,48,2270,29089
137.244,48,2271,29096
137.275,49,2275,29146
137.304,48,2275,29145
137.337,50,2275,29148
137.366,49,2280,29207
137.398,49,2295,29410
137.428,47,2288,29314
137.460,50,2275,29152
137.489,50,2274,29142
137.521,48,2276,29155
137.550,48,2282,29232
137.583,49,2295,29400
137.612,49,2293,29378
137.644,47,2284,29265
137.673,47,2275,29148
137.705,48,2275,29148
137.735,48,2266,29030
137.767,49,2253,28865
137.796,46,2243,28739
137.828,47,2235,28634
137.857,48,2240,28701
137.889,48,2249,28811
137.919,47,2262,28975
137.948,47,2275,29149
137.981,47,2277,29170
138.009,48,2278,29184
138.042,47,2276,29161
138.071,47,2281,29219
138.103,47,2280,29206
138.131,46,2283,29244
138.164,45,2278,29182
138.193,45,2275,29150
138.226,45,2277,29173
138.254,45,2277,29169
138.287,46,2285,29274
138.317,47,2281,29226
138.349,49,2275,29147
138.378,47,2250,28832
138.410,48,2234,28623
138.439,47,2256,28900
138.471,47,2273,29118
138.500,46,2275,29150
138.533,48,2275,29145
138.562,49,2271,29095
138.595,47,2259,28946
138.623,48,2240,28695
138.656,47,2219,28434
138.685,48,2225,28506
138.717,47,2242,28730
138.746,47,2254,28876
138.779,48,2264,29003
138.808,48,2271,29101
138.840,50,2271,29092
138.869,47,2259,28945
138.902,48,2257,28917
138.931,48,2264,29009
138.963,47,2255,28897
138.992,46,2260,28961
139.021,46,2258,28933
139.054,47,2258,28928
139.082,47,2259,28948
139.115,46,2263,28988
139.144,48,2260,28954
139.176,46,2254,28882
139.205,47,2241,28715
139.238,48,2248,28796
139.266,48,2257,28917
139.299,46,2262,28987
139.328,48,2271,29097
139.361,49,2275,29149
139.390,47,2275,29154
139.422,49,2283,29247
139.450,49,2285,29282
139.483,48,2294,29393
139.512,49,2295,29407
139.545,48,2285,29271
139.574,46,2276,29159
139.606,49,2275,29142
139.635,48,2273,29124
139.668,50,2275,29150
139.697,49,2279,29196
139.729,46,2279,29198
139.758,48,2275,29149
139.791,49,2275,29147
139.819,47,2276,29156
139.852,48,2277,29174
139.881,50,2276,29157
139.913,50,2278,29184
139.942,51,2284,29269
139.975,48,2277,29179
140.004,48,2279,29203
140.036,49,2296,29413
140.065,51,2306,29550
140.097,47,2311,29605
140.126,50,2315,29654
140.159,51,2316,29675
140.188,50,2315,29662
140.220,51,2303,29511
140.249,52,2306,29546
140.282,49,2310,29594
140.311,51,2315,29659
140.339,49,2315,29658
140.372,50,2313,29636
140.400,52,2314,29649
140.433,51,2310,29602
140.462,50,2312,29624
140.495,50,2315,29663
140.523,49,2317,29684
140.556,50,2319,29714
140.585,50,2325,29786
140.618,48,2328,29832
140.647,51,2329,29835
140.679,50,2331,29863
140.708,48,2335,29914
140.741,51,2335,29911
140.770,51,2335,29916
140.802,49,2335,29915
140.831,49,2335,29922
140.864,50,2335,29922
140.893,48,2336,29925
140.925,50,2335,29918
140.954,50,2329,29844
140.987,49,2325,29792
141.016,48,2315,29663
141.049,50,2311,29613
141.077,46,2305,29530
141.110,48,2312,29626
141.138,50,2315,29657
141.171,49,2312,29622
141.200,49,2309,29589
141.233,50,2300,29471
141.261,50,2285,29275
141.294,48,2276,29164
141.323,48,2270,29089
141.355,50,2271,29097
141.385,49,2274,29133
141.417,45,2285,29272
141.445,48,2296,29423
141.478,48,2295,29402
141.507,47,2279,29197
141.539,44,2284,29269
141.568,48,2295,29399
141.601,48,2289,29323
141.630,46,2287,29306
141.659,44,2299,29455
141.691,48,2315,29657
141.720,45,2315,29664
141.753,49,2314,29653
141.782,48,2318,29694
141.814,48,2318,29695
141.843,46,2315,29656
141.875,49,2315,29659
141.904,47,2315,29663
141.937,46,2315,29657
141.966,45,2314,29651
141.998,48,2314,29653
142.027,45,2311,29607
142.060,47,2311,29606
142.088,48,2311,29610
142.121,48,2314,29654
142.150,45,2315,29662
142.183,46,2315,29664
142.212,48,2315,29660
142.244,46,2315,29663
142.273,46,2310,29599
142.305,47,2301,29478
142.335,44,2294,29398
142.367,47,2287,29306
142.396,47,2286,29285
142.428,46,2286,29285
142.457,48,2286,29293
142.489,45,2294,29391
142.519,46,2292,29360
142.551,47,2279,29198
142.580,48,2278,29189
142.612,47,2287,29308
142.641,48,2288,29311
142.673,48,2284,29262
142.702,47,2284,29259
142.735,47,2291,29359
142.764,47,2300,29471
142.796,47,2301,29478
142.826,47,2295,29401
142.854,48,2293,29379
142.887,45,2296,29419
142.916,45,2300,29468
142.949,44,2300,29471
142.977,48,2301,29487
143.010,47,2313,29631
143.039,49,2315,29660
143.071,46,2315,29660
143.100,46,2316,29667
143.133,47,2318,29702
143.162,47,2321,29742
143.194,46,2325,29795
143.223,47,2320,29722
143.256,48,2317,29688
143.285,46,2323,29760
143.318,47,2324,29773
143.346,47,2319,29707
143.379,45,2311,29605
143.407,44,2309,29586
143.440,47,2297,29432
143.469,45,2241,28713
143.501,47,2251,28845
143.531,46,2240,28704
143.563,45,2240,28703
143.592,48,2246,28778
143.624,45,2239,28691
143.653,47,2202,28207
143.685,47,2198,28155
143.715,47,2198,28156
143.747,47,2204,28233
143.776,48,2215,28383
143.808,47,2201,28205
143.837,47,2188,28033
143.869,45,2174,27857
143.898,46,2176,27876
143.927,50,2200,28188
143.960,46,2201,28203
143.989,47,2205,28254
144.022,47,2206,28262
144.051,49,2200,28191
144.083,48,2171,27811
144.111,46,2145,27488
144.144,46,2116,27106
144.173,47,2115,27100
144.206,47,2117,27121
144.235,48,2115,27095
144.267,48,2085,26716
144.296,47,2061,26406
144.329,49,2055,26330
144.358,49,2073,26562
144.390,49,2071,26531
144.419,48,2040,26141
144.452,47,2008,25723
144.480,48,1994,25547
144.513,48,2017,25847
144.542,47,2099,26893
144.575,47,2176,27875
144.603,47,2196,28141
144.636,48,2197,28151
144.665,46,2175,27871
144.698,47,2116,27112
144.726,47,2072,26552
144.759,47,2058,26370
144.788,49,2081,26665
144.820,49,2116,27106
144.849,49,2151,27563
144.881,48,2173,27847
144.910,46,2196,28130
144.943,47,2189,28040
144.972,49,2181,27943
145.004,49,2189,28050
145.033,48,2197,28147
145.066,46,2200,28191
145.095,47,2201,28205
145.127,49,2215,28380
145.156,51,2202,28215
145.188,49,2172,27831
145.218,49,2156,27618
145.250,50,2141,27432
145.280,49,2122,27193
145.308,48,2115,27098
145.341,51,2115,27098
145.370,50,2124,27211
145.402,51,2131,27306
145.431,49,2159,27666
145.463,48,2192,28081
145.492,49,2206,28260
145.525,47,2216,28391
145.554,47,2211,28331
145.587,50,2200,28188
145.616,47,2167,27759
145.648,49,2147,27508
145.677,47,2135,27352
145.709,46,2137,27380
145.738,50,2150,27548
145.770,47,2162,27701
145.799,47,2176,27877
145.832,49,2175,27871
145.861,49,2166,27753
145.894,47,2164,27722
145.923,48,2160,27670
145.955,47,2160,27681
145.984,50,2175,27870
146.016,47,2178,27907
146.045,48,2175,27870
146.077,49,2166,27755
146.107,46,2187,28025
146.139,46,2200,28187
146.168,47,2202,28209
146.201,47,2192,28079
146.229,45,2175,27861
146.262,48,2154,27596
146.291,47,2141,27430
146.323,45,2166,27756
146.352,46,2193,28099
146.385,48,2200,28187
146.415,47,2201,28196
146.446,47,2202,28214
146.475,46,2208,28289
146.504,47,2211,28331
146.537,46,2215,28385
146.566,48,2216,28392
146.599,46,2223,28476
146.628,45,2234,28618
146.660,46,2242,28722
146.688,46,2240,28697
146.721,45,2240,28701
146.750,46,2240,28699
146.782,46,2247,28786
146.811,51,2263,29000
146.844,51,2275,29148
146.872,50,2278,29180
146.905,48,2280,29214
146.934,51,2288,29310
146.967,51,2296,29421
146.995,50,2305,29532
147.028,52,2311,29614
147.056,53,2325,29787
147.089,53,2324,29777
147.118,54,2343,30018
147.150,52,2350,30112
147.179,55,2360,30241
147.212,54,2366,30318
147.241,54,2375,30432
147.273,58,2380,30495
147.302,56,2386,30567
147.335,58,2391,30637
147.364,58,2400,30750
147.396,61,2402,30775
147.425,59,2406,30829
147.458,60,2409,30870
147.486,60,2414,30933
147.519,60,2415,30945
147.548,60,2419,30994
147.580,62,2422,31035
147.609,59,2423,31049
147.642,61,2425,31072
147.671,62,2428,31103
147.703,63,2430,31133
147.732,64,2431,31141
147.765,60,2430,31135
147.794,61,2431,31142
147.826,62,2431,31146
147.855,60,2432,31164
147.887,65,2434,31184
147.916,61,2435,31194
147.949,61,2435,31195
147.978,60,2435,31197
148.007,64,2435,31199
148.039,62,2435,31197
148.068,62,2435,31198
148.101,61,2435,31194
148.129,63,2435,31193
148.162,63,2434,31190
148.191,64,2435,31194
148.224,60,2435,31194
148.252,59,2435,31197
148.285,62,2435,31198
148.314,59,2435,31197
148.347,59,2435,31197
148.375,61,2435,31198
148.408,60,2435,31200
148.437,58,2435,31198
148.469,59,2435,31203
148.498,59,2435,31203
148.531,60,2435,31203
148.560,58,2436,31208
148.592,60,2436,31209
148.621,58,2436,31211
148.654,58,2436,31205
148.682,57,2435,31203
148.715,60,2435,31203
148.744,58,2435,31199
148.777,60,2435,31202
148.805,59,2435,31203
148.838,60,2435,31203
148.867,59,2435,31200
148.899,59,2435,31198
148.928,59,2435,31195
148.961,58,2434,31185
148.990,59,2433,31174
149.022,62,2433,31168
149.051,62,2435,31196
149.084,62,2435,31198
149.113,65,2435,31198
149.145,62,2435,31200
149.174,65,2435,31199
149.206,64,2435,31199
149.235,62,2435,31199
149.268,61,2436,31205
149.297,61,2441,31271
149.329,59,2444,31317
149.358,57,2448,31365
149.391,52,2452,31411
149.420,51,2455,31450
149.452,47,2455,31456
149.481,50,2456,31463
149.510,46,2456,31469
149.543,52,2456,31472
149.571,49,2455,31457
149.604,44,2456,31468
149.633,54,2456,31468
149.666,47,2446,31342
149.694,52,2436,31206
149.727,54,2432,31157
149.756,55,2428,31108
149.788,52,2423,31042
149.817,55,2422,31027
149.850,54,2419,30993
149.879,54,2415,30940
149.911,58,2407,30839
149.940,59,2415,30939
149.973,61,2454,31438
150.002,52,2487,31863
150.034,58,2489,31885
150.063,54,2495,31964
150.096,48,2495,31967
150.124,48,2496,31977
150.157,45,2497,31986
150.186,51,2501,32038
150.218,56,2502,32053
150.247,56,2498,32002
150.280,59,2496,31974
150.309,56,2494,31959
150.341,51,2492,31928
150.370,55,2488,31878
150.403,54,2485,31842
150.432,52,2482,31795
150.464,53,2480,31774
150.493,50,2476,31720
150.526,50,2472,31670
150.555,54,2471,31653
150.587,52,2471,31663
150.616,48,2472,31671
150.648,51,2471,31662
150.677,53,2469,31640
150.710,61,2465,31582
150.739,63,2463,31552
150.771,59,2461,31533
150.801,57,2460,31520
150.833,52,2458,31494
150.862,51,2455,31455
150.894,51,2451,31409
150.923,50,2446,31334
150.955,54,2438,31238
150.985,54,2436,31208
151.013,58,2435,31198
151.046,58,2433,31176
151.075,59,2431,31149
151.108,61,2431,31142
151.136,68,2429,31116
151.169,67,2429,31119
151.198,65,2421,31017
151.231,66,2413,30919
151.260,64,2401,30759
151.292,64,2393,30663
151.321,63,2381,30500
151.353,63,2376,30444
151.382,63,2370,30361
151.415,62,2364,30293
151.443,60,2361,30248
151.476,63,2361,30253
151.505,58,2360,30242
151.537,58,2360,30243
151.566,52,2360,30238
151.598,51,2355,30176
151.627,54,2351,30121
151.660,52,2350,30104
151.689,52,2348,30081
151.721,52,2352,30135
151.750,52,2360,30235
151.783,53,2365,30297
151.812,53,2368,30335
151.845,57,2369,30346
151.874,59,2371,30373
151.906,58,2375,30434
151.935,58,2379,30483
151.968,56,2376,30437
151.997,57,2371,30372
152.029,56,2364,30283
152.058,55,2360,30236
152.090,54,2353,30145
152.119,51,2345,30043
152.152,54,2351,30123
152.180,55,2360,30234
152.213,53,2361,30246
152.242,54,2363,30272
152.274,54,2365,30303
152.304,54,2363,30279
152.336,54,2360,30242
152.366,51,2360,30232
152.397,50,2354,30157
152.427,51,2344,30032
152.459,51,2327,29815
152.488,51,2316,29668
152.517,54,2315,29655
152.549,51,2312,29619
152.578,49,2311,29603
152.611,49,2310,29596
152.639,47,2312,29623
152.672,49,2317,29686
152.701,49,2330,29847
152.734,47,2336,29930
152.762,44,2340,29986
152.795,45,2344,30034
152.824,44,2341,29999
152.856,42,2339,29968
152.885,43,2343,30022
152.918,42,2345,30046
152.947,38,2354,30162
152.979,39,2361,30252
153.008,39,2359,30218
153.040,38,2315,29665
153.070,38,2303,29512
153.102,37,2303,29502
153.131,39,2301,29477
153.164,38,2300,29467
153.192,39,2300,29473
153.225,40,2304,29518
153.254,42,2309,29581
153.286,41,2305,29539
153.316,40,2302,29491
153.348,37,2299,29453
153.378,37,2294,29393
153.409,39,2306,29548
153.439,49,2307,29562
153.467,49,2310,29598
153.500,50,2305,29537
153.529,48,2275,29142
153.561,47,2277,29171
153.590,51,2304,29524
153.622,54,2314,29645
153.651,53,2299,29459
153.684,49,2282,29233
153.713,52,2340,29982
153.745,56,2403,30787
153.774,50,2397,30716
153.806,52,2394,30678
153.835,50,2395,30689
153.868,45,2400,30752
153.897,43,2399,30740
153.929,51,2409,30862
153.958,51,2436,31205
153.991,48,2436,31207
154.020,50,2424,31053
154.052,50,2452,31416
154.081,50,2462,31539
154.114,50,2460,31517
154.143,51,2428,31110
154.175,50,2413,30921
154.204,49,2400,30747
154.237,49,2399,30738
154.266,52,2391,30635
154.298,54,2379,30482
154.327,54,2371,30382
154.359,53,2375,30428
154.388,51,2367,30324
154.421,49,2361,30245
154.450,48,2334,29906
154.482,51,2300,29470
154.512,47,2285,29278
154.544,51,2316,29677
154.573,49,2356,30189
154.605,49,2376,30439
154.634,48,2366,30314
154.667,48,2360,30243
154.696,49,2360,30238
154.728,48,2314,29648
154.757,48,2275,29149
154.789,48,2314,29648
154.819,49,2359,30229
154.847,47,2351,30128
154.880,47,2289,29321
154.909,49,2261,28967
154.942,46,2208,28289
154.970,49,2206,28267
155.003,45,2202,28216
155.031,48,2195,28124
155.065,47,2197,28151
155.093,46,2177,27887
155.126,47,2151,27563
155.154,46,2149,27539
155.187,44,2120,27165
155.216,43,2097,26865
155.248,40,2071,26531
155.278,36,2075,26585
155.310,36,2075,26588
155.339,34,2090,26774
155.371,34,2087,26736
155.400,37,2086,26722
155.433,38,2084,26702
155.462,35,2076,26600
155.494,37,2075,26587
155.523,35,2075,26590
155.555,35,2082,26675
155.585,34,2089,26763
155.617,37,2096,26849
155.646,32,2106,26979
155.678,37,2111,27053
155.707,38,2103,26945
155.736,37,2084,26705
155.769,37,2043,26182
155.797,36,2013,25785
155.831,35,1995,25561
155.859,40,2013,25787
155.892,44,2040,26139
155.921,41,2045,26201
155.953,42,2049,26247
155.982,39,2040,26137
156.014,42,2015,25815
156.043,42,1991,25508
156.075,41,1989,25481
156.104,39,1980,25374
156.137,42,1963,25152
156.166,42,1962,25139
156.199,41,1980,25365
156.227,42,1925,24667
156.260,43,1927,24683
156.289,45,1920,24600
156.322,44,1905,24408
156.350,45,1917,24565
156.383,43,1920,24598
156.412,46,1917,24560
156.444,43,1912,24499
156.473,46,1917,24567
156.506,45,1920,24595
156.535,45,1921,24618
156.567,46,1942,24884
156.596,45,1972,25267
156.628,44,1994,25552
156.657,45,2017,25846
156.686,43,2024,25933
156.719,43,2021,25888
156.748,45,2020,25883
156.780,44,2022,25903
156.809,44,2017,25838
156.842,44,2016,25823
156.871,44,2026,25959
156.903,42,2036,26088
156.932,43,2031,26026
156.965,43,1969,25227
156.994,43,1892,24240
157.026,44,1845,23640
157.055,42,1879,24075
157.087,44,1937,24820
157.116,44,1991,25509
157.149,42,2016,25824
157.178,42,2032,26033
157.211,44,2038,26106
157.239,43,2040,26137
157.272,41,2041,26153
157.301,43,2051,26273
157.333,42,2057,26359
157.363,39,2056,26341
157.395,40,2040,26138
157.424,39,2016,25832
157.456,39,2015,25815
157.485,39,2015,25814
157.517,41,2040,26141
157.547,39,2059,26379
157.579,37,2072,26550
157.608,37,2085,26707
157.636,37,2093,26815
157.669,36,2095,26847
157.698,37,2096,26852
157.731,39,2075,26588
157.759,39,2047,26224
157.792,38,2041,26148
157.821,40,2041,26144
157.854,42,2017,25848
157.882,41,1990,25491
157.915,44,1990,25497
157.944,48,2020,25886
157.976,45,2075,26588
158.005,48,2125,27221
158.038,48,2165,27742
158.067,45,2175,27872
158.100,45,2190,28062
158.128,46,2191,28074
158.160,46,2191,28070
158.189,48,2193,28098
158.222,47,2220,28442
158.250,46,2220,28440
158.283,46,2220,28442
158.312,49,2219,28436
158.344,52,2219,28437
158.373,49,2220,28442
158.406,49,2222,28467
158.435,43,2238,28674
158.464,45,2219,28428
158.496,48,2200,28190
158.525,47,2215,28377
158.558,47,2226,28525
158.587,50,2215,28380
158.619,49,2204,28240
158.648,44,2179,27922
158.682,48,2166,27751
158.710,55,2181,27949
158.743,48,2201,28202
158.771,49,2216,28396
158.804,47,2216,28386
158.833,48,2220,28445
158.866,51,2220,28438
158.894,50,2215,28381
158.926,52,2221,28455
158.955,53,2231,28583
158.988,55,2246,28783
159.017,56,2269,29068
159.049,56,2276,29162
159.079,55,2291,29356
159.111,56,2301,29483
159.140,55,2320,29723
159.172,57,2339,29974
159.201,60,2357,30205
159.234,60,2366,30309
159.263,58,2376,30442
159.295,59,2380,30488
159.324,61,2379,30487
159.356,60,2377,30458
159.386,57,2377,30459
159.418,62,2380,30497
159.447,59,2385,30561
159.479,61,2392,30645
159.508,60,2400,30747
159.541,59,2401,30769
159.570,61,2403,30782
159.602,59,2404,30800
159.631,60,2403,30792
159.664,61,2405,30812
159.693,60,2406,30831
159.725,58,2409,30871
159.754,62,2415,30936
159.786,62,2416,30951
159.816,64,2421,31021
159.844,65,2429,31120
159.877,62,2433,31169
159.905,63,2434,31183
159.938,62,2434,31185
159.967,61,2434,31187
160.000,62,2433,31173
160.028,61,2433,31167
160.061,61,2429,31123
160.090,61,2421,31015
160.122,57,2416,30951
160.151,61,2414,30926
160.184,56,2406,30826
160.213,59,2404,30799
160.246,60,2401,30766
160.275,59,2401,30761
160.307,60,2401,30767
160.336,60,2402,30772
160.369,59,2404,30807
160.397,59,2406,30820
160.430,61,2405,30818
160.458,62,2406,30825
160.491,62,2406,30825
160.519,63,2406,30829
160.552,64,2407,30838
160.581,62,2408,30848
160.614,61,2408,30852
160.642,61,2409,30864
160.675,64,2410,30877
160.704,59,2411,30886
160.737,61,2413,30911
160.766,62,2414,30929
160.798,63,2415,30942
160.828,64,2415,30948
160.860,61,2417,30965
160.888,66,2421,31019
160.921,65,2427,31090
160.950,66,2431,31142
160.982,65,2434,31191
161.011,66,2435,31197
161.044,68,2435,31204
161.073,66,2438,31232
161.105,70,2441,31279
161.134,71,2443,31301
161.166,65,2443,31295
161.196,71,2441,31281
161.228,63,2441,31270
161.257,64,2441,31269
161.289,62,2442,31290
161.319,64,2444,31316
161.351,65,2445,31322
161.380,67,2445,31320
161.409,66,2443,31302
161.441,64,2442,31293
161.470,65,2440,31259
161.503,64,2437,31221
161.531,63,2438,31231
161.564,65,2440,31257
161.593,64,2441,31279
161.626,67,2442,31289
161.654,68,2441,31270
161.687,70,2439,31247
161.716,66,2437,31218
161.748,70,2435,31199
161.777,67,2435,31192
161.810,65,2434,31188
161.839,67,2433,31178
161.871,67,2434,31181
161.900,65,2434,31179
161.933,68,2432,31160
161.961,63,2431,31142
161.994,67,2429,31121
162.023,67,2423,31045
162.056,66,2420,31006
162.084,65,2416,30954
162.117,62,2415,30942
162.146,65,2408,30855
162.178,63,2403,30787
162.207,61,2400,30744
162.240,62,2394,30667
162.269,63,2388,30592
162.301,62,2380,30498
162.330,60,2376,30441
162.363,60,2366,30309
162.391,57,2360,30241
162.424,60,2353,30141
162.453,59,2339,29974
162.486,60,2331,29863
162.514,59,2316,29673
162.547,59,2311,29607
162.576,58,2302,29491
162.608,58,2299,29461
162.637,57,2295,29403
162.670,56,2287,29296
162.699,57,2281,29228
162.731,54,2276,29156
162.760,55,2276,29156
162.792,57,2277,29167
162.821,56,2284,29268
162.854,54,2296,29415
162.883,54,2300,29471
162.912,56,2301,29482
162.945,56,2302,29498
162.973,55,2302,29495
163.006,55,2311,29604
163.034,58,2315,29663
163.067,54,2315,29662
163.096,59,2314,29652
163.129,57,2306,29543
163.157,56,2300,29474
163.190,55,2298,29445
163.219,58,2296,29416
163.252,55,2289,29332
163.280,56,2286,29291
163.313,56,2275,29146
163.342,54,2255,28890
163.374,53,2222,28465
163.403,53,2179,27916
163.436,50,2132,27314
163.465,51,2083,26690
163.497,51,2040,26137
163.526,49,1995,25565
163.559,47,1960,25107
163.587,46,1953,25020
163.620,50,1953,25020
163.649,45,1956,25055
163.681,47,1955,25050
163.710,47,1956,25056
163.743,50,1949,24973
163.772,48,1921,24607
163.804,46,1900,24348
163.833,45,1901,24350
163.866,47,1897,24299
163.895,49,1888,24190
163.927,47,1886,24160
163.956,47,1878,24055
163.989,49,1866,23906
164.017,50,1857,23789
164.050,48,1879,24080
164.079,50,1906,24416
164.111,47,1936,24806
164.140,46,1977,25333
164.173,49,1993,25529
164.202,47,1987,25454
164.234,48,1974,25287
164.263,47,1952,25015
164.296,50,1950,24978
164.325,46,1955,25050
164.353,48,1966,25193
164.386,47,1974,25295
164.415,48,1975,25310
164.448,46,1976,25312
164.476,46,1980,25367
164.509,47,1981,25385
164.538,46,1973,25282
164.570,45,1955,25048
164.599,48,1965,25179
164.632,49,1980,25369
164.660,48,1978,25349
164.693,47,1967,25196
164.722,47,1959,25105
164.755,48,1967,25205
164.783,47,1962,25139
164.816,50,1956,25060
164.845,48,1956,25055
164.877,47,1965,25177
164.906,47,1963,25155
164.939,49,1961,25130
164.968,48,1955,25051
165.000,50,1936,24806
165.029,49,1910,24474
165.062,48,1871,23972
165.091,48,1860,23827
165.123,50,1873,23994
165.152,48,1890,24221
165.185,48,1901,24353
165.214,48,1904,24396
165.242,46,1920,24596
165.275,48,1921,24617
165.304,46,1921,24607
165.336,51,1918,24569
165.365,47,1906,24425
165.398,47,1896,24287
165.426,49,1893,24251
165.459,49,1891,24232
165.488,47,1887,24181
165.521,47,1894,24271
165.549,44,1894,24271
165.582,49,1885,24151
165.611,48,1881,24100
165.643,49,1881,24100
165.672,49,1880,24091
165.705,47,1869,23950
165.734,47,1865,23899
165.766,50,1857,23794
165.795,49,1855,23765
165.828,50,1852,23726
165.857,48,1843,23607
165.889,48,1847,23660
165.918,49,1843,23615
165.951,46,1832,23467
165.980,47,1831,23453
166.012,47,1831,23464
166.042,48,1844,23623
166.074,48,1791,22947
166.103,47,1715,21977
166.135,49,1655,21199
166.164,46,1664,21325
166.196,45,1684,21570
166.226,48,1656,21220
166.254,45,1615,20696
166.287,45,1567,20071
166.316,46,1527,19564
166.349,48,1512,19370
166.377,44,1497,19186
166.410,47,1476,18909
166.438,46,1495,19158
166.471,45,1523,19509
166.500,44,1551,19867
166.533,45,1560,19991
166.561,45,1567,20071
166.594,48,1560,19991
166.623,47,1547,19819
166.656,46,1555,19928
166.684,46,1582,20268
166.717,47,1622,20783
166.746,45,1653,21182
166.779,47,1670,21401
166.807,45,1669,21380
166.840,47,1677,21486
166.869,46,1693,21698
166.901,46,1710,21910
166.930,44,1741,22301
166.963,46,1762,22579
166.992,45,1776,22750
167.024,48,1785,22864
167.053,45,1802,23092
167.085,45,1806,23142
167.115,46,1795,22998
167.147,47,1791,22941
167.176,47,1781,22822
167.208,46,1791,22945
167.237,45,1802,23085
167.269,45,1836,23521
167.298,45,1856,23779
167.331,46,1881,24094
167.360,46,1901,24354
167.392,48,1920,24600
167.421,46,1920,24601
167.450,48,1900,24345
167.483,47,1871,23968
167.512,47,1858,23805
167.545,47,1869,23943
167.573,47,1861,23842
167.606,48,1870,23960
167.634,46,1856,23784
167.667,47,1870,23960
167.696,47,1871,23967
167.729,47,1858,23806
167.757,48,1869,23947
167.791,47,1859,23820
167.819,46,1840,23577
167.852,48,1797,23025
167.881,48,1776,22750
167.913,48,1765,22619
167.942,48,1773,22715
167.975,48,1758,22526
168.003,47,1739,22282
168.036,48,1740,22296
168.064,47,1741,22311
168.097,47,1742,22322
168.126,48,1741,22309
168.159,48,1740,22292
168.187,48,1735,22229
168.220,46,1710,21915
168.249,49,1703,21819
168.281,47,1716,21981
168.311,50,1740,22296
168.343,48,1764,22599
168.372,49,1755,22484
168.404,47,1760,22552
168.433,48,1760,22549
168.466,47,1764,22606
168.495,47,1775,22744
168.527,48,1790,22933
168.556,48,1806,23133
168.589,48,1811,23204
168.618,46,1816,23261
168.650,50,1796,23012
168.679,47,1794,22984
168.711,47,1794,22987
168.740,46,1791,22944
168.769,45,1806,23139
168.802,48,1824,23376
168.831,46,1829,23431
168.864,45,1838,23546
168.892,46,1830,23452
168.925,46,1841,23584
168.954,45,1852,23733
168.986,48,1835,23509
169.015,47,1820,23318
169.048,48,1801,23081
169.076,46,1819,23303
169.109,47,1831,23462
169.138,47,1824,23372
169.171,48,1841,23587
169.200,45,1856,23778
169.231,47,1861,23841
169.261,48,1846,23649
169.293,48,1836,23524
169.322,46,1881,24097
169.355,46,1897,24304
169.383,47,1888,24189
169.416,45,1859,23820
169.444,46,1868,23929
169.477,47,1880,24090
169.506,50,1880,24088
169.539,46,1882,24110
169.567,46,1891,24224
169.600,49,1899,24337
169.629,46,1910,24466
169.661,47,1912,24494
169.690,47,1915,24539
169.723,48,1920,24596
169.752,47,1907,24438
169.784,47,1920,24605
169.814,47,1920,24595
169.846,46,1917,24565
169.875,44,1913,24515
169.907,46,1921,24613
169.937,45,1914,24520
169.965,47,1900,24342
169.998,49,1920,24600
170.027,47,1916,24548
170.060,48,1920,24599
170.088,48,1927,24684
170.121,45,1955,25048
170.149,47,1955,25049
170.182,47,1926,24673
170.211,47,1921,24617
170.244,46,1923,24639
170.272,49,1924,24646
170.305,47,1911,24482
170.334,47,1903,24379
170.366,48,1898,24316
170.396,47,1882,24113
170.428,48,1879,24078
170.456,48,1882,24109
170.489,45,1897,24310
170.518,47,1920,24604
170.551,47,1927,24693
170.579,47,1955,25042
170.613,46,1957,25077
170.641,46,1980,25369
170.674,47,1995,25560
170.703,46,2001,25632
170.735,47,2015,25818
170.764,46,2020,25886
170.797,45,2021,25896
170.825,46,2019,25870
170.858,44,2016,25833
170.887,46,2016,25823
170.919,48,2015,25817
170.949,48,2032,26036
170.981,47,2041,26152
171.010,47,2036,26090
171.042,47,2030,26006
171.072,50,2044,26184
171.104,47,2049,26257
171.133,49,2040,26136
171.165,47,2025,25949
171.194,47,2014,25810
171.227,48,1994,25553
171.255,48,1981,25383
171.284,48,1958,25090
171.317,49,1907,24430
171.346,50,1855,23771
171.379,50,1844,23620
171.407,49,1854,23753
171.440,50,1880,24085
171.468,48,1921,24609
171.501,47,1972,25266
171.530,49,1995,25560
171.562,48,1986,25439
171.591,47,1976,25314
171.624,48,1974,25295
171.653,48,1974,25297
171.685,46,1965,25174
171.714,47,1955,25046
171.746,45,1919,24589
171.775,49,1871,23967
171.808,49,1839,23562
171.837,49,1822,23346
171.869,49,1822,23340
171.898,47,1841,23583
171.931,46,1879,24069
171.960,47,1905,24407
171.992,47,1930,24733
172.021,49,1938,24834
172.054,48,1929,24719
172.084,48,1936,24804
172.115,49,1964,25161
172.145,48,1998,25603
172.177,49,2005,25695
172.206,47,2004,25672
172.238,48,2000,25622
172.267,46,1995,25556
172.299,48,1980,25364
172.328,48,1976,25318
172.361,48,1979,25351
172.390,48,1966,25189
172.422,48,1965,25173
172.451,52,1976,25313
172.483,48,1976,25311
172.513,47,1951,25003
172.541,49,1884,24144
172.575,50,1793,22972
172.603,49,1687,21612
172.636,51,1721,22052
172.665,49,1808,23171
172.697,50,1876,24042
172.726,48,1913,24509
172.759,47,1931,24746
172.787,47,1939,24846
172.820,49,1943,24889
172.849,46,1934,24779
172.882,45,1955,25052
172.910,48,1985,25434
172.943,49,2003,25665
172.971,46,2015,25823
173.004,45,2052,26290
173.033,47,2079,26637
173.066,45,2104,26952
173.094,46,2115,27099
173.127,48,2131,27299
173.156,46,2140,27413
173.188,48,2149,27534
173.217,46,2152,27577
173.249,50,2162,27699
173.279,46,2185,27999
173.312,48,2199,28177
173.340,48,2202,28212
173.372,50,2210,28311
173.402,50,2220,28443
173.434,49,2229,28558
173.463,50,2237,28656
173.495,51,2240,28705
173.524,51,2244,28755
173.557,49,2245,28758
173.586,52,2239,28689
173.618,51,2225,28503
173.647,53,2204,28244
173.680,50,2179,27914
173.709,50,2157,27640
173.741,48,2132,27320
173.770,48,2116,27106
173.799,49,2111,27045
173.832,50,2101,26914
173.860,48,2093,26821
173.893,47,2076,26600
173.921,48,2064,26442
173.954,48,2040,26141
173.983,46,2016,25826
174.015,47,1990,25496
174.044,43,1961,25127
174.077,46,1926,24681
174.106,44,1887,24173
174.138,45,1871,23969
174.167,46,1869,23948
174.200,48,1860,23833
174.229,45,1854,23760
174.261,46,1841,23586
174.290,46,1844,23628
174.323,48,1862,23861
174.352,48,1900,24337
174.384,48,1920,24605
174.413,49,1919,24588
174.446,46,1914,24526
174.475,48,1919,24589
174.507,50,1919,24581
174.536,47,1913,24511
174.569,49,1897,24304
174.597,49,1881,24101
174.630,50,1871,23972
174.659,48,1860,23837
174.691,50,1874,24015
174.721,47,1887,24171
174.753,46,1890,24217
174.782,49,1881,24103
174.811,49,1861,23850
174.843,47,1842,23599
174.872,50,1821,23326
174.905,50,1795,23002
174.934,50,1774,22724
174.967,51,1749,22407
174.995,49,1707,21875
175.027,49,1678,21505
175.057,49,1659,21257
175.090,50,1633,20928
175.118,50,1622,20784
175.151,50,1614,20683
175.179,50,1635,20943
175.212,50,1675,21465
175.241,49,1737,22258
175.274,50,1755,22482
175.302,50,1759,22538
175.334,52,1746,22373
175.364,50,1732,22194
175.396,49,1721,22046
175.425,51,1715,21978
175.457,50,1716,21985
175.486,50,1718,22012
175.519,52,1720,22037
175.548,50,1720,22037
175.580,47,1720,22037
175.609,50,1715,21975
175.642,50,1720,22037
175.671,50,1741,22305
175.703,49,1759,22532
175.732,49,1764,22604
175.765,50,1775,22744
175.794,50,1786,22888
175.826,51,1794,22990
175.855,51,1795,22999
175.887,51,1807,23150
175.916,50,1840,23581
175.948,49,1856,23775
175.978,52,1820,23318
176.006,49,1759,22531
176.040,49,1666,21344
176.068,51,1584,20295
176.101,48,1569,20096
176.129,49,1572,20141
176.162,47,1636,20967
176.191,48,1695,21718
176.223,48,1776,22761
176.252,46,1802,23084
176.285,47,1796,23007
176.313,45,1795,22997
176.346,46,1808,23168
176.375,44,1812,23218
176.408,45,1832,23472
176.436,47,1854,23751
176.469,46,1835,23512
176.499,45,1807,23146
176.531,45,1757,22515
176.559,45,1715,21969
176.592,44,1721,22054
176.621,45,1767,22636
176.653,45,1821,23334
176.683,46,1859,23819
176.715,47,1880,24084
176.744,48,1898,24321
176.777,44,1919,24584
176.805,45,1919,24587
176.838,45,1940,24862
176.867,46,1966,25184
176.899,47,1991,25509
176.928,43,1999,25608
176.961,47,2006,25704
176.990,45,2004,25673
177.022,46,2005,25695
177.051,46,2002,25653
177.083,46,2005,25682
177.113,45,2016,25828
177.145,47,2016,25825
177.174,47,2012,25773
177.203,48,2006,25696
177.236,46,2000,25622
177.265,45,1997,25580
177.297,46,2000,25625
177.326,46,2016,25826
177.358,45,2031,26019
177.387,46,2029,25994
177.420,49,2026,25955
177.448,45,2018,25853
177.481,47,2016,25834
177.510,46,2015,25815
177.543,46,2017,25838
177.571,47,2025,25940
177.604,47,2024,25932
177.633,44,2019,25862
177.665,48,2021,25892
177.694,46,2036,26087
177.727,48,2042,26163
177.755,47,2060,26397
177.788,48,2073,26560
177.817,47,2086,26720
177.850,45,2096,26857
177.879,47,2098,26883
177.911,47,2096,26851
177.940,46,2094,26832
177.973,46,2085,26717
178.001,46,2086,26730
178.034,45,2078,26627
178.063,45,2073,26562
178.095,44,2043,26177
178.124,44,2018,25856
178.156,44,1996,25569
178.186,44,1987,25456
178.218,45,1994,25554
178.248,46,2027,25975
178.280,47,2063,26436
178.309,46,2102,26930
178.341,43,2118,27142
178.370,46,2127,27250
178.398,44,2116,27112
178.431,47,2110,27036
178.460,48,2114,27090
178.492,48,2115,27099
178.521,46,2095,26843
178.554,47,2060,26389
178.582,45,2037,26099
178.615,44,2016,25833
178.644,45,2012,25781
178.677,44,2014,25807
178.706,43,2033,26052
178.739,44,2044,26187
178.767,44,2066,26472
178.800,44,2080,26652
178.829,46,2103,26940
178.861,43,2100,26906
178.890,42,2096,26861
178.923,46,2089,26766
178.952,44,2076,26604
178.984,44,2070,26527
179.013,44,2040,26140
179.045,45,2007,25719
179.074,45,2000,25624
179.107,46,1979,25358
179.136,44,1950,24990
179.168,44,1945,24918
179.197,46,1950,24986
179.230,45,1953,25024
179.258,45,1949,24974
179.291,45,1936,24806
179.320,47,1935,24788
179.352,46,1951,24999
179.381,44,1967,25204
179.414,48,1970,25235
179.443,47,1988,25467
179.475,49,2015,25820
179.504,47,2044,26186
179.537,49,2066,26476
179.566,48,2076,26601
179.594,47,2081,26665
179.627,47,2082,26672
179.656,47,2088,26755
179.688,46,2095,26840
179.717,45,2095,26846
179.750,45,2102,26935
179.779,45,2105,26964
179.811,45,2108,27006
179.840,47,2102,26927
179.873,47,2095,26842
179.901,44,2091,26796
179.934,45,2094,26830
179.963,46,2102,26935
179.996,45,2102,26936
180.024,47,2099,26894
180.057,44,2097,26869
180.086,45,2097,26866
180.118,46,2091,26794
180.147,44,2091,26792
180.180,45,2095,26841
180.209,45,2115,27096
180.241,43,2138,27392
180.270,47,2136,27363
180.303,44,2136,27362
180.331,44,2135,27357
180.364,44,2133,27325
180.393,44,2118,27134
180.425,45,2124,27214
180.454,44,2134,27341
180.483,45,2135,27351
180.516,42,2129,27283
180.544,44,2127,27256
180.577,44,2135,27352
180.606,41,2139,27402
180.638,44,2126,27236
180.667,44,2115,27095
180.700,45,2110,27037
180.729,46,2109,27024
180.761,46,2112,27057
180.790,46,2115,27097
180.823,46,2110,27030
180.852,45,2103,26939
180.884,46,2090,26776
180.913,44,2069,26513
180.946,46,2072,26552
180.975,46,2084,26697
181.007,46,2092,26798
181.036,50,2101,26917
181.069,49,2112,27064
181.098,48,2111,27050
181.130,46,2096,26861
181.159,47,2082,26670
181.191,48,2075,26591
181.220,46,2076,26602
181.253,47,2086,26724
181.282,47,2095,26837
181.314,48,2094,26829
181.343,47,2095,26836
181.376,47,2097,26863
181.405,47,2113,27074
181.437,47,2129,27277
181.466,47,2143,27460
181.495,47,2158,27647
181.527,47,2168,27771
181.556,46,2181,27943
181.589,45,2200,28188
181.617,46,2204,28235
181.650,48,2218,28413
181.679,47,2240,28701
181.712,47,2255,28898
181.741,45,2260,28959
181.773,48,2262,28983
181.802,47,2275,29146
181.835,49,2286,29283
181.864,49,2300,29466
181.896,50,2311,29612
181.925,49,2316,29671
181.958,50,2321,29733
181.987,50,2319,29707
182.019,52,2315,29665
182.048,52,2315,29658
182.081,54,2315,29658
182.109,54,2311,29610
182.142,54,2311,29608
182.171,54,2312,29624
182.204,53,2315,29664
182.232,57,2322,29751
182.265,55,2330,29850
182.294,54,2334,29909
182.326,57,2337,29937
182.355,58,2341,29991
182.388,57,2344,30029
182.417,59,2350,30106
182.449,60,2353,30146
182.478,59,2360,30234
182.510,59,2366,30319
182.540,61,2380,30493
182.572,59,2390,30623
182.601,61,2398,30723
182.633,60,2400,30755
182.663,61,2403,30792
182.691,59,2406,30825
182.724,57,2410,30883
182.753,60,2415,30943
182.785,59,2420,31006
182.814,58,2425,31075
182.847,62,2430,31133
182.875,58,2431,31144
182.908,61,2431,31145
182.936,61,2433,31170
182.969,62,2434,31183
182.998,60,2435,31196
183.031,65,2435,31196
183.059,63,2435,31199
183.092,61,2435,31203
183.121,67,2437,31229
183.154,65,2442,31287
183.183,65,2446,31334
183.216,63,2448,31362
183.245,64,2453,31433
183.277,64,2455,31455
183.306,67,2456,31461
183.338,64,2454,31445
183.367,69,2451,31399
183.399,68,2447,31358
183.429,70,2445,31332
183.461,69,2445,31324
183.490,71,2443,31299
183.523,71,2442,31292
183.551,69,2442,31294
183.584,69,2443,31299
183.613,70,2444,31307
183.645,70,2444,31316
183.674,68,2445,31326
183.707,72,2445,31327
183.735,70,2445,31328
183.768,70,2445,31327
183.797,73,2446,31338
183.829,68,2446,31336
183.859,70,2446,31340
183.891,70,2445,31328
183.920,73,2446,31334
183.952,71,2445,31322
183.981,70,2446,31337
184.014,67,2446,31341
184.043,71,2446,31341
184.075,72,2446,31337
184.104,72,2446,31341
184.136,67,2446,31333
184.166,65,2445,31328
184.198,68,2445,31332
184.227,69,2446,31343
184.256,68,2446,31343
184.289,70,2447,31348
184.318,72,2448,31362
184.350,68,2447,31356
184.378,67,2447,31354
184.412,65,2448,31359
184.440,68,2447,31351
184.473,69,2446,31335
184.501,66,2446,31340
184.534,65,2446,31340
184.563,68,2446,31337
184.596,68,2446,31338
184.624,68,2446,31341
184.657,68,2447,31353
184.686,66,2449,31371
184.719,69,2449,31383
184.748,67,2449,31384
184.780,68,2450,31387
184.809,71,2449,31374
184.841,67,2448,31359
184.870,69,2446,31335
184.902,70,2445,31323
184.932,69,2444,31309
184.964,69,2444,31308
184.993,70,2444,31312
185.026,70,2445,31321
185.054,68,2445,31322
185.087,66,2444,31317
185.116,68,2443,31298
185.148,69,2442,31294
185.177,71,2443,31301
185.210,70,2443,31307
185.238,69,2444,31317
185.271,70,2445,31321
185.300,70,2444,31319
185.332,69,2444,31311
185.361,70,2443,31301
185.394,69,2443,31295
185.423,71,2443,31307
185.455,70,2444,31319
185.484,70,2446,31334
185.517,69,2446,31336
185.546,70,2447,31351
185.578,68,2450,31385
185.607,66,2451,31398
185.640,66,2450,31392
185.669,66,2448,31361
185.701,67,2446,31338
185.730,66,2446,31333
185.763,66,2445,31326
185.792,68,2445,31330
185.824,67,2446,31335
185.853,67,2446,31338
185.882,69,2447,31346
185.915,67,2445,31331
185.943,68,2445,31320
185.976,69,2442,31287
186.005,67,2440,31266
186.038,68,2439,31244
186.067,67,2439,31247
186.099,67,2442,31283
186.128,66,2445,31327
186.161,64,2445,31328
186.189,62,2444,31318
186.222,66,2443,31303
186.251,65,2443,31295
186.283,63,2443,31297
186.312,61,2441,31275
186.345,63,2440,31266
186.374,65,2441,31277
186.406,64,2442,31284
186.435,63,2443,31297
186.467,63,2444,31317
186.496,62,2445,31321
186.529,65,2445,31328
186.558,65,2447,31349
186.591,69,2451,31403
186.619,62,2454,31444
186.652,62,2456,31464
186.680,63,2456,31472
186.713,55,2458,31496
186.742,60,2459,31501
186.775,60,2460,31516
186.803,59,2460,31514
186.836,61,2459,31508
186.865,62,2459,31508
186.898,60,2459,31504
186.927,61,2459,31502
186.959,60,2459,31509
186.988,60,2459,31508
187.020,59,2460,31517
187.049,65,2460,31518
187.082,64,2460,31520
187.111,64,2460,31514
187.143,64,2459,31509
187.172,62,2460,31516
187.204,64,2460,31521
187.233,69,2460,31518
187.266,66,2460,31520
187.295,66,2460,31520
187.327,65,2460,31524
187.356,64,2461,31525
187.388,60,2460,31524
187.417,65,2461,31531
187.450,65,2461,31525
187.479,63,2460,31520
187.511,66,2460,31517
187.540,67,2460,31517
187.573,68,2460,31512
187.602,59,2460,31516
187.631,61,2460,31522
187.663,61,2460,31523
187.692,61,2460,31522
187.725,60,2460,31523
187.753,58,2461,31527
187.787,60,2461,31530
187.815,60,2461,31527
187.848,56,2461,31528
187.877,59,2460,31517
187.910,61,2459,31508
187.938,60,2456,31465
187.971,60,2451,31407
188.000,62,2446,31338
188.032,63,2443,31295
188.061,62,2438,31239
188.094,64,2436,31214
188.122,64,2436,31205
188.155,65,2435,31203
188.184,67,2435,31197
188.216,65,2435,31198
188.246,63,2435,31196
188.278,66,2435,31197
188.306,66,2435,31199
188.339,66,2435,31199
188.368,66,2435,31194
188.400,66,2434,31189
188.429,69,2433,31167
188.462,67,2432,31155
188.491,67,2431,31144
188.523,70,2431,31145
188.552,65,2432,31165
188.585,68,2434,31190
188.614,66,2435,31196
188.646,67,2435,31202
188.676,67,2435,31202
188.708,69,2435,31194
188.737,64,2435,31192
188.769,66,2430,31139
188.798,66,2426,31089
188.830,65,2423,31043
188.860,65,2421,31019
188.892,68,2419,30993
188.921,67,2416,30959
188.954,67,2417,30971
188.982,68,2418,30980
189.014,62,2419,30992
189.044,63,2420,31004
189.076,65,2421,31021
189.105,64,2419,30999
189.134,65,2418,30981
189.167,64,2415,30945
189.196,65,2415,30939
189.228,65,2411,30893
189.257,65,2408,30848
189.290,64,2405,30820
189.318,65,2401,30763
189.351,62,2400,30748
189.380,62,2398,30728
189.412,62,2397,30705
189.441,61,2396,30698
189.474,61,2397,30710
189.503,64,2396,30694
189.535,63,2391,30630
189.564,63,2386,30568
189.596,61,2381,30501
189.625,60,2380,30493
189.658,60,2379,30479
189.687,61,2378,30469
189.719,60,2377,30449
189.748,59,2372,30392
189.781,61,2368,30334
189.809,59,2366,30314
189.842,60,2366,30309
189.872,58,2362,30269
189.904,58,2360,30237
189.933,57,2352,30132
189.965,59,2342,30001
189.994,60,2335,29921
190.027,57,2331,29871
190.056,59,2331,29868
190.088,59,2328,29821
190.117,59,2333,29886
190.150,58,2331,29862
190.179,58,2335,29921
190.211,56,2336,29927
190.240,54,2334,29904
190.272,56,2330,29855
190.302,55,2331,29870
190.333,56,2329,29845
190.363,54,2325,29792
190.395,55,2319,29716
190.424,57,2315,29665
190.453,56,2315,29659
190.485,55,2310,29599
190.514,55,2306,29546
190.547,54,2300,29472
190.576,55,2297,29434
190.609,52,2287,29300
190.637,54,2281,29226
190.670,52,2279,29195
190.699,51,2277,29173
190.731,53,2275,29154
190.760,52,2275,29148
190.793,53,2275,29147
190.821,53,2274,29141
190.854,53,2275,29146
190.883,51,2275,29153
190.916,52,2275,29148
190.944,53,2275,29149
190.977,52,2275,29147
191.006,51,2275,29147
191.038,53,2274,29134
191.068,51,2265,29019
191.100,51,2260,28951
191.129,52,2256,28900
191.161,51,2249,28821
191.190,51,2246,28779
191.223,52,2244,28748
191.251,50,2241,28707
191.284,50,2241,28707
191.313,51,2244,28745
191.346,51,2246,28774
191.375,51,2245,28769
191.407,50,2241,28715
191.436,51,2240,28696
191.468,49,2230,28570
191.497,52,2220,28446
191.530,50,2209,28305
191.559,52,2200,28182
191.591,49,2193,28098
191.621,45,2185,27996
191.652,50,2176,27878
191.682,50,2170,27803
191.714,50,2163,27712
191.743,49,2160,27676
191.775,49,2158,27654
191.804,51,2157,27637
191.833,45,2160,27670
191.866,48,2161,27689
191.894,48,2160,27676
191.927,48,2150,27552
191.956,48,2147,27506
191.988,48,2144,27473
192.017,45,2148,27522
192.050,48,2153,27580
192.079,49,2155,27614
192.112,49,2159,27660
192.140,49,2165,27737
192.173,48,2185,27998
192.202,50,2202,28211
192.235,50,2220,28449
192.263,49,2239,28682
192.297,54,2251,28839
192.325,52,2258,28931
192.358,54,2270,29079
192.386,53,2275,29143
192.419,55,2265,29021
192.447,52,2251,28835
192.480,50,2240,28696
192.509,47,2235,28639
192.542,46,2240,28698
192.570,45,2240,28701
192.603,44,2235,28633
192.632,46,2232,28599
192.664,52,2235,28631
192.693,49,2240,28702
192.726,49,2240,28705
192.755,45,2241,28707
192.787,50,2248,28801
192.817,45,2259,28949
192.849,44,2272,29115
192.878,48,2273,29127
192.911,46,2275,29148
192.939,45,2276,29162
192.971,47,2279,29195
193.000,47,2276,29161
193.033,44,2275,29146
193.062,45,2275,29147
193.095,43,2273,29124
193.123,45,2269,29075
193.156,46,2270,29088
193.185,50,2274,29130
193.217,52,2270,29087
193.247,51,2259,28937
193.275,49,2254,28883
193.308,51,2244,28751
193.336,52,2255,28896
193.369,53,2258,28926
193.398,53,2257,28922
193.431,52,2260,28952
193.459,53,2260,28957
193.492,51,2270,29086
193.520,52,2271,29094
193.553,53,2271,29100
193.582,52,2271,29093
193.615,50,2270,29078
193.644,50,2258,28934
193.677,49,2249,28813
193.705,49,2238,28677
193.738,50,2217,28409
193.766,51,2200,28183
193.799,51,2191,28071
193.828,50,2183,27965
193.861,48,2181,27940
193.889,52,2176,27874
193.922,51,2176,27874
193.951,52,2177,27898
193.983,50,2180,27925
194.012,48,2192,28082
194.045,50,2201,28202
194.074,50,2214,28366
194.106,47,2217,28399
194.135,50,2222,28475
194.167,51,2221,28453
194.196,49,2212,28347
194.229,48,2207,28273
194.258,49,2208,28284
194.290,50,2210,28317
194.319,50,2207,28273
194.352,47,2205,28253
194.381,49,2210,28319
194.413,52,2221,28450
194.442,51,2231,28585
194.474,50,2245,28767
194.504,51,2268,29063
194.533,54,2281,29219
194.565,54,2294,29392
194.594,52,2300,29474
194.627,56,2310,29602
194.655,54,2315,29665
194.688,57,2325,29783
194.717,58,2336,29929
194.750,57,2350,30112
194.778,58,2360,30237
194.811,61,2373,30406
194.840,61,2384,30547
194.873,63,2397,30705
194.901,63,2405,30810
194.934,64,2415,30947
194.962,64,2427,31096
194.995,64,2435,31196
195.023,69,2438,31230
195.056,64,2445,31325
195.085,70,2449,31380
195.118,68,2454,31442
195.146,65,2456,31465
195.179,63,2458,31489
195.208,61,2460,31522
195.240,61,2462,31546
195.269,66,2468,31617
195.302,63,2471,31653
195.331,65,2472,31674
195.363,65,2474,31698
195.392,68,2474,31694
195.425,65,2472,31672
195.453,67,2471,31657
195.486,65,2470,31648
195.515,61,2469,31640
195.547,59,2467,31609
195.576,58,2465,31585
195.605,58,2462,31548
195.638,56,2461,31527
195.667,52,2460,31524
195.699,50,2460,31518
195.728,54,2459,31509
195.761,55,2459,31504
195.789,57,2459,31508
195.822,61,2458,31487
195.851,63,2457,31482
195.883,62,2456,31471
195.912,62,2456,31462
195.945,63,2456,31469
195.974,63,2456,31462
196.006,62,2455,31448
196.035,61,2451,31397
196.068,60,2447,31354
196.097,60,2445,31328
196.129,57,2438,31231
196.158,54,2437,31222
196.191,55,2438,31237
196.219,53,2435,31204
196.252,55,2435,31192
196.281,57,2430,31129
196.314,52,2416,30952
196.342,52,2401,30768
196.375,53,2394,30676
196.404,57,2383,30530
196.436,53,2381,30503
196.465,55,2377,30455
196.498,55,2371,30375
196.527,51,2363,30280
196.559,50,2360,30241
196.588,48,2354,30161
196.621,50,2347,30066
196.650,50,2339,29974
196.682,53,2340,29981
196.711,55,2345,30041
196.743,56,2359,30230
196.772,56,2365,30302
196.805,59,2379,30487
196.834,59,2386,30565
196.862,60,2384,30547
196.895,58,2382,30513
196.924,58,2384,30545
196.957,57,2384,30549
196.985,58,2386,30571
197.018,59,2391,30638
197.047,58,2392,30653
197.080,59,2397,30712
197.108,59,2398,30720
197.141,59,2400,30750
197.170,57,2397,30714
197.203,57,2392,30645
197.232,59,2387,30582
197.264,59,2381,30511
197.293,59,2381,30501
197.326,59,2380,30495
197.355,60,2380,30493
197.387,62,2377,30451
197.416,62,2375,30432
197.448,60,2373,30398
197.477,60,2374,30422
197.510,62,2379,30481
197.539,59,2381,30501
197.571,63,2385,30556
197.600,61,2385,30554
197.633,63,2381,30505
197.661,61,2376,30443
197.694,58,2365,30298
197.723,60,2359,30219
197.756,56,2348,30087
197.784,57,2340,29983
197.817,54,2342,30004
197.846,54,2352,30133
197.878,59,2360,30233
197.907,58,2360,30242
197.939,59,2361,30250
197.968,57,2364,30294
198.001,57,2365,30304
198.030,60,2365,30303
198.062,61,2362,30262
198.091,62,2360,30242
198.124,62,2360,30236
198.153,60,2355,30175
198.181,57,2349,30091
198.214,57,2340,29984
198.243,55,2335,29921
198.276,54,2334,29905
198.304,58,2337,29937
198.337,59,2350,30109
198.366,61,2358,30218
198.399,60,2361,30251
198.427,59,2367,30331
198.460,58,2373,30400
198.489,59,2374,30411
198.522,60,2374,30420
198.550,60,2375,30431
198.583,57,2380,30490
198.611,59,2380,30489
198.644,60,2374,30418
198.673,58,2365,30297
198.706,60,2358,30211
198.734,59,2349,30098
198.767,59,2335,29923
198.796,58,2334,29910
198.829,58,2339,29970
198.858,58,2344,30036
198.890,56,2352,30131
198.919,58,2360,30234
198.952,56,2366,30311
198.981,57,2378,30467
199.013,55,2381,30502
199.042,55,2387,30586
199.075,53,2390,30623
199.104,54,2395,30686
199.136,53,2401,30758
199.165,55,2401,30763
199.197,53,2401,30765
199.227,56,2401,30757
199.259,55,2400,30744
199.288,55,2391,30635
199.320,57,2383,30538
199.349,53,2380,30493
199.381,51,2376,30438
199.410,53,2367,30322
199.443,55,2365,30296
199.472,54,2365,30304
199.504,57,2366,30320
199.533,54,2369,30351
199.562,58,2378,30462
199.595,57,2379,30487
199.624,60,2378,30473
199.656,60,2380,30494
199.685,59,2377,30459
199.718,60,2369,30346
199.747,61,2361,30255
199.780,60,2359,30223
199.808,56,2353,30150
199.841,58,2346,30060
199.869,60,2341,29992
199.902,58,2340,29979
199.931,56,2336,29924
199.964,55,2335,29921
199.992,56,2335,29919
200.025,55,2342,30008
200.054,57,2354,30163
200.086,57,2356,30180
200.115,59,2354,30162
200.148,58,2355,30169
200.177,59,2351,30124
200.209,59,2355,30178
200.238,62,2357,30194
200.271,60,2359,30230
200.299,62,2360,30231
200.332,60,2360,30243
200.361,62,2373,30405
200.393,59,2365,30303
200.423,60,2365,30298
200.455,61,2375,30430
200.484,60,2376,30439
200.516,58,2367,30321
200.545,56,2360,30239
200.578,60,2360,30234
200.607,66,2351,30123
200.639,82,2344,30032
200.668,107,2350,30105
200.700,137,2359,30223
200.730,153,2363,30275
200.762,160,2367,30326
200.791,135,2379,30485
200.823,106,2399,30740
200.852,86,2415,30947
200.884,76,2433,31170
200.913,72,2439,31255
200.946,72,2453,31427
200.975,71,2460,31523
201.007,78,2469,31638
201.036,79,2475,31713
201.069,88,2479,31760
201.098,89,2480,31775
201.131,99,2481,31785
201.160,97,2484,31821
201.192,84,2486,31852
201.221,80,2488,31871
201.253,79,2490,31906
201.282,78,2493,31940
201.315,77,2495,31966
201.344,78,2495,31967
201.373,79,2495,31967
201.406,77,2495,31973
201.434,81,2496,31980
201.466,78,2496,31982
201.495,78,2496,31982
201.528,79,2497,31989
201.557,81,2498,32000
201.590,81,2499,32016
201.618,84,2500,32027
201.651,87,2501,32045
201.680,90,2502,32053
201.712,88,2501,32043
201.741,89,2501,32047
201.774,89,2501,32043
201.802,84,2500,32033
201.835,78,2501,32037
201.864,77,2501,32039
201.897,78,2499,32024
201.926,77,2500,32032
201.958,73,2500,32033
201.987,75,2500,32037
202.019,77,2501,32044
202.049,73,2502,32050
202.080,75,2503,32070
202.110,93,2506,32107
202.142,92,2505,32099
202.171,91,2505,32094
202.203,87,2514,32208
202.233,87,2512,32181
202.265,86,2511,32167
202.294,87,2508,32139
202.326,82,2506,32108
202.356,80,2506,32107
202.384,87,2506,32102
202.417,88,2507,32116
202.446,87,2514,32209
202.478,88,2516,32231
202.507,93,2501,32047
202.540,93,2501,32048
202.568,88,2502,32054
202.602,83,2503,32066
202.630,90,2502,32060
202.663,96,2502,32057
202.692,96,2501,32050
202.725,96,2502,32053
202.753,95,2502,32056
202.786,92,2501,32049
202.815,92,2501,32050
202.847,88,2501,32043
202.876,87,2502,32055
202.909,87,2502,32051
202.937,86,2501,32049
202.970,87,2502,32051
202.998,85,2501,32047
203.031,86,2502,32053
203.060,84,2501,32045
203.092,84,2501,32047
203.121,86,2501,32044
203.154,84,2501,32050
203.183,87,2501,32046
203.215,85,2502,32052
203.244,84,2501,32047
203.276,83,2501,32044
203.306,84,2501,32050
203.338,85,2501,32049
203.367,83,2502,32050
203.400,85,2501,32047
203.429,85,2501,32050
203.461,85,2501,32047
203.490,87,2502,32058
203.523,86,2501,32048
203.551,84,2502,32053
203.584,89,2502,32059
203.613,92,2502,32057
203.646,93,2501,32049
203.675,93,2502,32050
203.707,98,2502,32050
203.736,95,2501,32046
203.769,94,2501,32046
203.798,97,2501,32046
203.830,95,2502,32053
203.859,97,2501,32049
203.891,98,2501,32044
203.920,99,2501,32049
203.953,97,2501,32048
203.981,97,2501,32045
204.014,95,2501,32039
204.043,95,2500,32033
204.076,92,2500,32035
204.104,86,2500,32032
204.137,108,2500,32031
204.166,106,2500,32028
204.198,101,2499,32024
204.228,105,2500,32028
204.259,102,2499,32022
204.289,89,2500,32028
204.317,85,2500,32036
204.351,77,2500,32035
204.379,83,2501,32039
204.413,87,2500,32036
204.440,86,2501,32041
204.473,82,2502,32062
204.502,82,2502,32059
204.535,82,2501,32050
204.564,85,2501,32049
204.596,83,2502,32053
204.625,81,2502,32057
204.657,81,2502,32054
204.686,83,2502,32050
204.719,83,2502,32050
204.747,83,2502,32050
204.780,81,2501,32047
204.809,81,2501,32048
204.841,81,2501,32044
204.871,84,2501,32045
204.904,83,2501,32044
204.932,83,2500,32034
204.964,84,2501,32042
204.994,87,2501,32041
205.026,85,2500,32036
205.055,88,2501,32041
205.088,90,2501,32037
205.116,92,2500,32037
205.149,95,2501,32040
205.178,97,2501,32040
205.211,100,2500,32036
205.239,102,2501,32045
205.272,104,2501,32042
205.300,107,2501,32042
205.333,105,2501,32045
205.361,106,2501,32038
205.394,108,2501,32047
205.423,106,2502,32053
205.456,102,2506,32102
205.484,102,2508,32133
205.517,105,2511,32169
205.546,105,2511,32176
205.579,101,2512,32180
205.612,100,2511,32170
205.641,96,2511,32168
205.673,98,2509,32151
205.702,96,2508,32138
205.734,98,2508,32128
205.764,101,2508,32139
205.796,101,2507,32115
205.825,98,2508,32127
205.857,100,2507,32127
205.886,95,2507,32121
205.915,95,2508,32130
205.947,98,2507,32123
205.980,100,2508,32129
206.009,100,2508,32132
206.041,100,2508,32131
206.071,98,2508,32135
206.100,97,2508,32134
206.132,96,2508,32132
206.160,96,2509,32144
206.194,96,2509,32145
206.222,99,2509,32146
206.255,102,2510,32153
206.284,105,2509,32141
206.317,106,2510,32157
206.345,109,2510,32157
206.378,107,2510,32164
206.410,110,2510,32159
206.439,109,2510,32156
206.471,111,2510,32155
206.500,114,2509,32151
206.533,115,2509,32151
206.563,118,2510,32154
206.594,121,2510,32162
206.624,120,2510,32159
206.656,122,2510,32161
206.685,123,2510,32160
206.717,121,2510,32158
206.747,116,2510,32157
206.779,114,2510,32158
206.808,114,2510,32164
206.840,112,2510,32158
206.869,112,2510,32164
206.902,114,2510,32159
206.931,110,2510,32155
206.963,108,2509,32151
206.993,107,2510,32157
207.025,106,2510,32160
207.053,106,2510,32159
207.086,110,2510,32162
207.115,108,2510,32163
207.148,110,2510,32160
207.177,110,2510,32160
207.209,111,2509,32152
207.238,113,2510,32156
207.270,106,2509,32150
207.300,105,2509,32143
207.332,100,2508,32139
207.361,98,2509,32143
207.393,96,2508,32136
207.422,95,2509,32141
207.454,96,2508,32135
207.484,98,2509,32148
207.516,98,2510,32153
207.545,101,2509,32151
207.577,99,2510,32154
207.606,98,2509,32146
207.638,97,2509,32141
207.667,98,2508,32136
207.700,96,2508,32128
207.729,95,2508,32135
207.762,94,2508,32130
207.791,93,2507,32122
207.823,95,2508,32128
207.852,94,2507,32124
207.885,93,2506,32114
207.914,93,2506,32107
207.947,94,2506,32108
207.975,93,2507,32114
208.007,94,2507,32119
208.036,95,2506,32113
208.069,92,2507,32117
208.098,97,2507,32124
208.130,95,2507,32118
208.160,97,2507,32118
208.192,97,2506,32109
208.221,95,2506,32110
208.253,95,2506,32107
208.283,97,2505,32096
208.314,93,2505,32092
208.344,92,2504,32080
208.376,89,2503,32075
208.405,91,2503,32072
208.437,88,2503,32067
208.467,91,2504,32081
208.499,89,2504,32087
208.528,92,2504,32087
208.560,92,2506,32104
208.589,94,2506,32105
208.622,94,2505,32099
208.651,92,2505,32101
208.683,96,2505,32097
208.712,95,2505,32091
208.745,95,2505,32092
208.773,94,2504,32085
208.806,92,2504,32084
208.835,92,2504,32082
208.867,89,2504,32079
208.896,88,2503,32072
208.929,93,2502,32061
208.958,89,2502,32056
208.990,85,2502,32061
209.020,85,2502,32052
209.052,86,2502,32051
209.081,85,2501,32049
209.110,86,2501,32049
209.143,84,2501,32047
209.171,83,2501,32045
209.204,85,2501,32038
209.232,86,2500,32034
209.266,88,2500,32034
209.294,89,2501,32038
209.327,88,2500,32031
209.356,88,2500,32036
209.388,88,2499,32024
209.417,89,2499,32021
209.449,87,2499,32015
209.478,86,2498,32005
209.511,84,2497,31992
209.540,84,2496,31983
209.573,84,2496,31982
209.601,81,2496,31978
209.634,79,2496,31976
209.663,79,2496,31976
209.696,82,2496,31974
209.724,80,2496,31973
209.757,83,2496,31974
209.786,83,2495,31970
209.818,84,2495,31971
209.847,81,2495,31972
209.879,85,2496,31977
209.908,85,2495,31971
209.940,86,2496,31976
209.969,85,2496,31973
210.002,86,2496,31982
210.031,88,2496,31978
210.063,85,2496,31976
210.092,85,2495,31973
210.125,84,2495,31972
210.154,83,2495,31965
210.186,81,2495,31969
210.215,81,2495,31967
210.244,78,2495,31961
210.278,77,2495,31973
210.306,79,2496,31976
210.338,77,2496,31982
210.367,78,2496,31982
210.400,79,2496,31977
210.429,78,2496,31982
210.461,78,2496,31978
210.490,81,2496,31979
210.523,80,2496,31984
210.551,78,2497,31989
210.584,79,2497,31987
210.613,77,2496,31980
210.645,78,2496,31981
210.675,77,2496,31979
210.707,81,2496,31977
210.736,79,2496,31976
210.768,80,2495,31971
210.797,84,2496,31976
210.830,83,2496,31976
210.859,82,2496,31978
210.891,83,2496,31976
210.920,85,2496,31978
210.953,85,2496,31974
210.981,84,2495,31965
211.014,84,2495,31970
211.043,82,2495,31969
211.075,82,2495,31968
211.104,83,2495,31968
211.136,83,2495,31964
211.165,79,2495,31964
211.198,79,2494,31951
211.227,76,2491,31914
211.259,76,2489,31884
211.288,73,2486,31857
211.317,73,2486,31855
211.350,73,2486,31846
211.378,72,2486,31845
211.411,73,2486,31854
211.440,73,2486,31849
211.473,77,2486,31853
211.501,75,2487,31862
211.534,77,2487,31859
211.563,78,2487,31860
211.595,75,2486,31855
211.624,75,2486,31849
211.657,77,2486,31851
211.686,76,2485,31845
211.718,78,2485,31837
211.747,75,2485,31835
211.780,74,2483,31815
211.808,73,2482,31797
211.841,71,2480,31781
211.870,71,2480,31776
211.903,67,2479,31765
211.931,69,2477,31736
211.964,62,2476,31717
211.993,61,2475,31705
212.025,65,2472,31677
212.054,61,2471,31656
212.087,64,2470,31641
212.116,61,2468,31615
212.148,62,2465,31585
212.177,60,2462,31544
212.206,58,2461,31528
212.239,58,2460,31518
212.267,58,2457,31476
212.300,57,2454,31443
212.329,62,2448,31366
212.361,61,2446,31334
212.390,59,2445,31324
212.423,65,2444,31308
212.451,62,2442,31291
212.484,66,2443,31296
212.513,65,2441,31269
212.546,64,2437,31229
212.574,65,2436,31204
212.607,64,2435,31199
212.636,64,2435,31198
212.669,61,2434,31190
212.697,60,2434,31190
212.730,63,2430,31135
212.759,63,2423,31038
212.791,63,2417,30966
212.820,61,2414,30925
212.853,62,2409,30868
212.882,59,2405,30814
212.914,60,2400,30754
212.943,60,2395,30689
212.976,59,2391,30637
213.004,58,2388,30589
213.037,57,2383,30530
213.066,60,2381,30510
213.098,55,2380,30491
213.128,57,2374,30421
213.160,58,2364,30284
213.189,57,2359,30218
213.221,56,2349,30097
213.250,54,2339,29966
213.283,56,2332,29879
213.312,53,2321,29743
213.344,51,2315,29661
213.373,53,2312,29621
213.406,53,2314,29643
213.435,51,2304,29522
213.467,52,2300,29470
213.496,51,2298,29440
213.528,51,2291,29350
213.557,50,2284,29265
213.590,51,2276,29159
213.619,51,2278,29189
213.647,55,2286,29288
213.680,52,2299,29457
213.709,52,2304,29525
213.742,52,2310,29599
213.770,56,2314,29644
213.803,55,2319,29706
213.832,55,2327,29811
213.865,55,2332,29883
213.894,55,2335,29914
213.926,56,2335,29916
213.955,56,2334,29910
213.988,57,2333,29888
214.017,56,2326,29800
214.050,57,2323,29768
214.079,58,2316,29678
214.111,53,2313,29635
214.139,56,2310,29592
214.172,55,2301,29479
214.201,54,2296,29413
214.233,52,2299,29455
214.262,53,2315,29662
214.294,50,2321,29738
214.323,50,2326,29805
214.356,50,2320,29727
214.385,52,2298,29438
214.417,49,2274,29130
214.446,47,2250,28832
214.479,47,2244,28747
214.508,48,2239,28689
214.540,47,2224,28492
214.569,44,2210,28311
214.602,44,2228,28549
214.631,44,2222,28468
214.664,43,2223,28483
214.692,43,2175,27870
214.725,43,2146,27491
214.754,44,2135,27356
214.782,47,2127,27250
214.815,46,2125,27226
214.844,45,2128,27268
214.877,48,2129,27273
214.905,46,2132,27311
214.938,44,2137,27377
214.966,44,2135,27353
215.000,46,2135,27357
215.029,46,2127,27257
215.061,46,2119,27155
215.090,46,2116,27117
215.123,46,2118,27135
215.152,45,2127,27247
215.184,44,2138,27399
215.212,42,2140,27419
215.245,45,2141,27425
215.274,46,2140,27419
215.307,44,2134,27337
215.335,47,2129,27273
215.368,45,2133,27334
215.397,46,2136,27363
215.430,44,2137,27376
215.458,45,2140,27423
215.491,45,2150,27542
215.520,44,2152,27567
215.552,45,2154,27599
215.581,45,2158,27650
215.614,44,2161,27688
215.643,43,2162,27694
215.675,46,2166,27753
215.704,46,2172,27828
215.736,45,2172,27834
215.765,46,2171,27810
215.798,43,2168,27780
215.827,44,2172,27826
215.859,45,2172,27829
215.888,44,2175,27866
215.921,47,2159,27667
215.950,44,2139,27411
215.982,45,2143,27462
216.011,46,2159,27656
216.040,46,2215,28378
216.073,46,2220,28440
216.102,45,2206,28264
216.134,46,2220,28439
216.163,47,2229,28560
216.196,47,2234,28627
216.224,46,2239,28693
216.257,48,2245,28759
216.286,47,2253,28869
216.318,49,2256,28907
216.347,47,2265,29018
216.380,48,2270,29086
216.409,50,2275,29145
216.441,52,2275,29153
216.470,50,2280,29211
216.502,53,2289,29323
216.531,51,2296,29420
216.564,52,2306,29547
216.593,52,2315,29666
216.625,52,2325,29788
216.654,52,2334,29902
216.686,53,2336,29925
216.715,56,2343,30022
216.748,55,2353,30151
216.777,55,2360,30242
216.810,55,2366,30310
216.839,57,2376,30440
216.871,58,2380,30499
216.900,58,2391,30631
216.933,59,2400,30748
216.962,59,2405,30815
216.994,61,2413,30922
217.023,59,2416,30960
217.055,60,2424,31053
217.085,62,2430,31132
217.117,60,2435,31196
217.146,62,2436,31207
217.178,62,2440,31256
217.207,64,2445,31330
217.239,61,2450,31394
217.269,64,2455,31458
217.301,63,2458,31494
217.330,61,2460,31522
217.359,57,2461,31529
217.392,62,2465,31580
217.420,62,2468,31627
217.453,64,2471,31657
217.482,64,2472,31670
217.514,65,2474,31698
217.543,66,2476,31724
217.576,64,2476,31723
217.605,66,2477,31736
217.637,66,2478,31749
217.666,67,2478,31749
217.698,64,2477,31741
217.728,65,2478,31748
217.760,68,2477,31735
217.789,66,2476,31725
217.821,67,2476,31722
217.850,66,2475,31716
217.883,63,2476,31718
217.912,64,2475,31716
217.944,69,2475,31714
217.973,64,2475,31715
218.005,67,2475,31715
218.035,67,2475,31713
218.064,68,2475,31710
218.097,65,2475,31710
218.125,66,2474,31704
218.158,65,2474,31696
218.187,64,2474,31693
218.219,66,2474,31701
218.247,64,2474,31700
218.280,66,2474,31699
218.309,64,2473,31684
218.341,66,2472,31671
218.371,64,2471,31663
218.403,63,2471,31660
218.432,66,2470,31652
218.464,64,2470,31650
218.493,63,2470,31649
218.526,64,2470,31648
218.555,64,2469,31631
218.587,62,2469,31628
218.616,62,2468,31619
218.649,64,2466,31595
218.678,61,2463,31558
218.710,61,2461,31526
218.739,62,2459,31508
218.767,58,2456,31463
218.800,60,2453,31429
218.829,61,2450,31385
218.862,60,2446,31340
218.890,64,2444,31311
218.923,63,2439,31244
218.952,62,2436,31206
218.985,61,2435,31198
219.013,61,2435,31197
219.046,59,2434,31186
219.075,61,2431,31149
219.108,61,2429,31125
219.137,63,2424,31052
219.169,63,2420,31000
219.198,64,2416,30954
219.232,61,2415,30937
219.260,60,2411,30886
219.292,60,2405,30816
219.321,60,2401,30756
219.354,59,2396,30702
219.382,57,2390,30621
219.415,60,2380,30497
219.444,59,2376,30442
219.476,56,2367,30325
219.505,57,2360,30233
219.538,56,2352,30137
219.566,55,2339,29970
219.599,54,2336,29924
219.628,55,2337,29937
219.660,55,2341,29988
219.690,57,2342,30002
219.722,55,2341,29988
219.751,56,2340,29987
219.783,55,2340,29987
219.813,55,2340,29985
219.845,58,2339,29965
219.874,55,2337,29943
219.906,56,2335,29916
219.935,55,2329,29845
219.968,55,2327,29819
219.996,53,2332,29878
220.029,54,2335,29923
220.058,54,2336,29928
220.090,57,2335,29920
220.119,51,2335,29921
220.151,53,2335,29918
220.181,54,2334,29900
220.210,52,2325,29791
220.243,53,2318,29700
220.271,53,2316,29675
220.304,53,2314,29653
220.332,52,2309,29583
220.365,52,2309,29580
220.394,54,2307,29552
220.427,52,2304,29521
220.455,52,2310,29594
220.488,52,2310,29601
220.517,54,2311,29607
220.549,52,2308,29568
220.578,50,2304,29522
220.611,53,2301,29476
220.639,53,2296,29416
220.673,54,2292,29369
220.701,51,2284,29263
220.734,49,2275,29152
220.763,48,2273,29120
220.795,46,2264,29007
220.824,47,2255,28894
220.856,49,2248,28808
220.885,48,2245,28764
220.918,48,2239,28688
220.947,47,2240,28705
220.979,48,2246,28776
221.008,50,2249,28811
221.040,48,2245,28769
221.069,49,2252,28858
221.102,49,2255,28891
221.131,48,2247,28790
221.163,49,2240,28704
221.192,49,2237,28655
221.225,47,2236,28646
221.254,47,2228,28544
221.286,47,2219,28437
221.315,48,2221,28457
221.344,45,2220,28446
221.377,47,2220,28445
221.406,47,2221,28452
221.438,45,2220,28447
221.467,46,2218,28417
221.500,49,2213,28352
221.528,44,2200,28188
221.561,47,2193,28095
221.590,44,2191,28067
221.623,46,2188,28030
221.651,46,2196,28141
221.684,44,2200,28184
221.713,44,2200,28191
221.745,44,2201,28198
221.774,45,2210,28309
221.807,47,2219,28433
221.836,48,2221,28459
221.869,48,2228,28541
221.897,47,2229,28558
221.930,50,2212,28338
221.958,46,2169,27789
221.991,45,2161,27685
222.020,46,2165,27734
222.052,47,2166,27754
222.082,47,2167,27763
222.114,47,2166,27755
222.143,47,2162,27699
222.176,47,2160,27675
222.204,46,2158,27653
222.236,50,2159,27668
222.266,46,2160,27678
222.298,47,2161,27686
222.327,46,2166,27751
222.360,44,2161,27682
222.389,45,2161,27684
222.421,46,2160,27673
222.450,46,2216,28394
222.482,48,2274,29138
222.512,47,2243,28742
222.540,49,2235,28630
222.573,49,2233,28615
222.601,48,2239,28693
222.634,50,2240,28701
222.663,49,2227,28539
222.696,47,2220,28445
222.724,46,2218,28424
222.757,48,2214,28367
222.786,46,2211,28330
222.818,47,2211,28331
222.847,47,2206,28264
222.880,46,2218,28421
222.909,49,2256,28906
222.942,47,2274,29133
222.970,49,2268,29064
223.003,52,2274,29130
223.031,49,2280,29213
223.064,50,2289,29332
223.093,51,2300,29473
223.126,52,2309,29588
223.154,54,2310,29603
223.187,53,2310,29602
223.216,54,2311,29604
223.248,52,2311,29608
223.277,52,2313,29637
223.309,53,2314,29649
223.338,54,2311,29604
223.371,55,2315,29661
223.400,55,2330,29850
223.432,56,2334,29906
223.461,54,2326,29805
223.494,54,2341,29988
223.523,55,2353,30143
223.555,52,2338,29955
223.584,54,2326,29797
223.613,54,2323,29760
223.646,54,2323,29766
223.675,55,2325,29794
223.707,57,2335,29923
223.736,55,2336,29926
223.769,57,2338,29959
223.798,57,2342,30007
223.830,57,2340,29976
223.859,58,2335,29911
223.891,55,2330,29859
223.920,57,2333,29888
223.953,56,2332,29880
223.981,54,2335,29920
224.014,57,2340,29983
224.043,55,2350,30106
224.076,60,2350,30114
224.104,57,2352,30128
224.137,57,2357,30196
224.166,58,2360,30236
224.198,57,2360,30235
224.227,56,2361,30244
224.260,55,2361,30245
224.289,55,2361,30253
224.321,58,2361,30246
224.350,55,2361,30251
224.383,54,2365,30302
224.412,54,2367,30320
224.444,54,2368,30342
224.473,54,2372,30391
224.506,57,2372,30396
224.535,54,2373,30406
224.567,55,2367,30332
224.596,55,2367,30330
224.629,52,2364,30294
224.658,54,2362,30268
224.690,52,2361,30255
224.719,53,2360,30242
224.751,52,2360,30233
224.780,51,2353,30152
224.813,52,2350,30111
224.842,52,2351,30117
224.871,53,2351,30118
224.903,55,2347,30077
224.932,52,2351,30127
224.965,54,2352,30131
224.993,53,2347,30066
225.026,54,2344,30026
225.055,52,2350,30104
225.088,54,2351,30117
225.116,50,2348,30089
225.149,56,2336,29935
225.178,55,2335,29916
225.210,54,2335,29918
225.239,56,2335,29914
225.272,54,2335,29920
225.300,55,2339,29970
225.333,55,2341,29995
225.362,54,2336,29925
225.395,55,2335,29913
225.423,56,2331,29864
225.456,53,2330,29848
225.485,54,2325,29784
225.517,52,2323,29760
225.546,51,2319,29706
225.579,50,2311,29606
225.607,50,2301,29477
225.640,50,2297,29427
225.669,52,2292,29361
225.702,51,2295,29402
225.731,52,2295,29399
225.763,48,2281,29230
225.792,51,2276,29165
225.825,49,2276,29159
225.854,47,2277,29170
225.886,48,2273,29126
225.915,51,2266,29029
225.948,49,2265,29017
225.977,48,2259,28949
226.009,45,2255,28888
226.038,47,2244,28754
226.070,46,2242,28729
226.099,45,2241,28713
226.132,45,2234,28621
226.161,46,2231,28584
226.190,45,2231,28578
226.222,46,2223,28484
226.251,47,2216,28395
226.284,48,2207,28281
226.313,46,2213,28352
226.346,46,2216,28388
226.374,46,2213,28359
226.407,48,2208,28291
226.435,45,2209,28302
226.468,46,2208,28295
226.497,48,2207,28283
226.529,45,2205,28251
226.558,44,2201,28196
226.591,43,2200,28189
226.620,48,2199,28170
226.652,45,2199,28168
226.681,45,2199,28180
226.714,45,2200,28188
226.743,45,2212,28337
226.775,46,2219,28431
226.804,46,2224,28496
226.836,46,2218,28412
226.866,47,2220,28444
226.898,47,2225,28508
226.927,46,2228,28540
226.960,48,2240,28697
226.988,47,2240,28696
227.020,46,2241,28713
227.049,45,2238,28680
227.082,50,2290,29343
227.111,49,2297,29424
227.143,51,2307,29558
227.172,52,2315,29658
227.205,52,2319,29717
227.234,55,2323,29766
227.266,54,2328,29832
227.295,54,2333,29888
227.327,57,2336,29926
227.357,58,2340,29976
227.385,55,2350,30113
227.418,54,2356,30188
227.447,58,2360,30234
227.479,55,2364,30287
227.508,58,2367,30324
227.541,59,2376,30439
227.569,61,2380,30497
227.602,61,2386,30572
227.631,59,2394,30675
227.664,61,2399,30743
227.692,60,2400,30754
227.725,60,2401,30764
227.754,61,2403,30789
227.787,60,2405,30817
227.815,63,2406,30831
227.848,63,2409,30867
227.877,62,2413,30919
227.909,63,2415,30942
227.938,65,2420,31001
227.971,63,2429,31121
227.999,67,2435,31192
228.032,62,2435,31200
228.061,65,2437,31221
228.094,67,2441,31280
228.122,65,2445,31324
228.155,67,2446,31339
228.184,64,2447,31349
228.216,66,2454,31439
228.245,66,2455,31458
228.278,69,2456,31467
228.307,68,2457,31485
228.339,70,2460,31517
228.368,66,2460,31519
228.401,71,2461,31527
228.430,70,2462,31545
228.462,66,2465,31582
228.491,66,2469,31638
228.523,64,2468,31624
228.553,65,2470,31644
228.585,66,2470,31650
228.614,65,2470,31643
228.646,65,2466,31601
228.675,63,2465,31586
228.704,64,2465,31579
228.737,64,2463,31563
228.765,65,2462,31539
228.798,65,2461,31526
228.827,68,2460,31515
228.860,65,2459,31504
228.888,66,2458,31493
228.921,66,2456,31471
228.950,65,2455,31454
228.982,65,2452,31420
229.011,67,2447,31356
229.044,64,2446,31333
229.073,64,2443,31296
229.106,64,2440,31257
229.134,65,2436,31214
229.167,65,2435,31199
229.195,62,2434,31190
229.228,62,2434,31180
229.257,61,2435,31192
229.290,62,2434,31190
229.318,60,2432,31158
229.351,60,2430,31133
229.380,67,2426,31077
229.412,65,2422,31035
229.441,64,2420,31008
229.474,65,2418,30983
229.503,65,2416,30959
229.535,65,2415,30941
229.564,61,2415,30937
229.597,62,2414,30931
229.625,66,2413,30913
229.658,64,2412,30906
229.687,60,2409,30860
229.720,62,2405,30820
229.749,62,2401,30768
229.781,61,2400,30753
229.810,64,2400,30744
229.843,59,2395,30689
229.872,62,2392,30641
229.904,57,2393,30656
229.933,57,2395,30691
229.965,57,2397,30710
229.994,56,2400,30752
230.027,59,2400,30747
230.056,55,2400,30752
230.088,60,2400,30755
230.117,59,2400,30749
230.146,60,2400,30748
230.179,59,2400,30747
230.208,60,2400,30748
230.240,62,2396,30700
230.269,60,2393,30664
230.302,59,2392,30644
230.330,60,2390,30621
230.364,60,2381,30508
230.392,61,2378,30470
230.424,59,2375,30430
230.453,61,2376,30437
230.486,59,2378,30473
230.515,60,2380,30489
230.547,60,2380,30493
230.576,60,2380,30499
230.609,58,2381,30510
230.638,59,2386,30564
230.671,57,2389,30614
230.699,56,2391,30637
230.732,58,2388,30598
230.761,61,2383,30529
230.793,58,2380,30496
230.823,57,2379,30485
230.855,57,2379,30474
230.884,56,2376,30442
230.916,56,2373,30400
230.945,58,2369,30347
230.977,57,2366,30309
231.007,58,2367,30320
231.038,57,2369,30354
231.068,57,2370,30363
231.100,58,2373,30399
231.129,55,2375,30425
231.162,55,2375,30433
231.191,57,2379,30478
231.223,58,2378,30464
231.252,56,2378,30474
231.284,55,2380,30494
231.314,57,2382,30516
231.343,58,2383,30528
231.375,59,2381,30509
231.404,59,2382,30513
231.436,58,2386,30566
231.465,56,2388,30602
231.498,56,2385,30556
231.526,58,2386,30575
231.560,57,2391,30632
231.588,56,2386,30572
231.621,56,2390,30618
231.649,57,2390,30622
231.683,57,2388,30600
231.711,59,2378,30467
231.744,59,2363,30273
231.772,55,2360,30242
231.805,56,2361,30247
231.834,57,2361,30248
231.866,54,2366,30318
231.895,56,2379,30479
231.928,58,2386,30573
231.957,55,2390,30617
231.989,56,2389,30607
232.018,55,2387,30578
232.051,52,2380,30498
232.080,57,2375,30431
232.112,56,2365,30304
232.141,56,2366,30309
232.173,57,2365,30295
232.202,55,2360,30238
232.234,54,2352,30128
232.263,55,2350,30112
232.296,54,2346,30060
232.325,55,2344,30030
232.357,54,2350,30105
232.386,56,2356,30190
232.419,57,2361,30247
232.448,59,2367,30331
232.480,59,2369,30355
232.510,60,2366,30319
232.538,60,2372,30392
232.571,62,2377,30450
232.600,60,2380,30489
232.633,58,2384,30544
232.661,61,2397,30706
232.694,59,2404,30798
232.723,63,2416,30958
232.755,65,2432,31157
232.784,64,2438,31231
232.817,69,2450,31396
232.845,67,2460,31513
232.878,71,2464,31572
232.907,71,2470,31648
232.940,67,2474,31697
232.968,69,2476,31720
233.001,72,2477,31738
233.030,71,2479,31764
233.062,72,2480,31773
233.091,73,2480,31779
233.124,75,2481,31786
233.152,74,2482,31798
233.185,76,2484,31821
233.214,78,2486,31850
233.246,79,2487,31862
233.276,78,2489,31886
233.308,80,2490,31905
233.337,80,2491,31915
233.369,84,2492,31925
233.398,83,2492,31926
233.431,81,2491,31920
233.460,84,2494,31950
233.492,82,2493,31947
233.521,78,2494,31949
233.550,81,2494,31953
233.583,82,2495,31963
233.612,83,2495,31963
233.644,83,2495,31966
233.673,86,2494,31960
233.706,86,2495,31965
233.734,85,2495,31969
233.767,86,2495,31973
233.796,87,2495,31972
233.828,85,2495,31972
233.857,86,2496,31973
233.890,85,2496,31977
233.918,83,2496,31978
233.951,84,2496,31983
233.980,82,2496,31981
234.013,85,2497,31989
234.042,83,2497,31993
234.075,84,2497,31994
234.103,85,2497,31995
234.135,83,2498,32000
234.164,81,2497,31995
234.197,83,2498,32005
234.226,88,2498,32010
234.258,85,2499,32016
234.287,88,2500,32029
234.319,90,2500,32031
234.348,92,2501,32040
234.381,91,2501,32042
234.410,95,2501,32042
234.442,93,2501,32045
234.471,94,2501,32048
234.500,95,2502,32054
234.532,96,2502,32053
234.561,98,2503,32063
234.594,96,2503,32063
234.623,95,2503,32072
234.655,97,2503,32074
234.684,99,2504,32086
234.717,101,2505,32091
234.746,99,2506,32102
234.779,103,2506,32103
234.807,101,2506,32110
234.840,103,2506,32104
234.869,104,2506,32108
234.901,104,2506,32104
234.931,104,2506,32105
234.963,105,2506,32111
234.992,103,2506,32102
235.024,103,2505,32097
235.053,104,2505,32093
235.086,103,2505,32091
235.114,105,2505,32093
235.147,101,2504,32077
235.177,104,2504,32080
235.209,101,2504,32085
235.237,103,2504,32079
235.270,99,2504,32078
235.299,97,2503,32067
235.331,96,2502,32053
235.361,98,2501,32046
235.393,96,2501,32045
235.422,96,2500,32035
235.454,95,2500,32028
235.483,92,2499,32023
235.515,87,2499,32021
235.545,90,2498,32010
235.577,90,2498,32002
235.606,89,2498,32000
235.638,91,2497,31993
235.667,89,2497,31988
235.697,89,2497,31988
235.729,88,2496,31983
235.758,88,2495,31972
235.791,87,2496,31976
235.819,85,2496,31974
235.852,87,2496,31974
235.881,88,2496,31974
235.914,89,2495,31970
235.942,88,2495,31972
235.975,87,2495,31971
236.003,85,2495,31966
236.036,84,2495,31969
236.065,87,2495,31968
236.097,83,2495,31966
236.126,86,2495,31968
236.159,85,2495,31965
236.188,82,2495,31968
236.220,85,2495,31964
236.249,82,2495,31966
236.282,81,2495,31962
236.311,82,2495,31963
236.343,82,2495,31967
236.372,84,2495,31965
236.405,88,2495,31971
236.433,88,2496,31974
236.466,89,2495,31972
236.495,88,2496,31974
236.527,89,2496,31974
236.556,88,2495,31972
236.588,88,2496,31980
236.618,91,2497,31987
236.650,90,2497,31996
236.679,93,2498,32011
236.707,93,2500,32032
236.740,95,2501,32038
236.769,96,2501,32043
236.802,99,2502,32057
236.830,99,2502,32061
236.863,102,2503,32074
236.892,103,2504,32081
236.925,103,2504,32084
236.953,105,2504,32086
236.986,103,2504,32085
237.015,103,2504,32080
237.048,102,2504,32081
237.077,101,2504,32078
237.109,100,2503,32069
237.138,99,2504,32076
237.171,101,2503,32065
237.200,102,2502,32061
237.232,101,2502,32056
237.261,100,2502,32055
237.294,96,2501,32048
237.322,98,2501,32042
237.355,96,2501,32041
237.384,95,2501,32045
237.416,95,2500,32037
237.445,92,2501,32039
237.478,96,2501,32038
237.506,96,2501,32039
237.539,92,2500,32028
237.568,98,2501,32041
237.600,97,2500,32033
237.629,93,2501,32040
237.662,97,2500,32035
237.691,95,2500,32036
237.724,98,2500,32031
237.752,94,2500,32035
237.784,92,2500,32035
237.814,95,2500,32031
237.842,95,2500,32033
237.875,95,2499,32021
237.904,94,2499,32018
237.937,93,2499,32021
237.966,93,2499,32021
237.998,91,2499,32016
238.027,96,2499,32015
238.060,94,2499,32012
238.088,91,2499,32013
238.121,92,2498,32009
238.150,92,2498,32005
238.183,90,2498,32006
238.211,91,2498,32003
238.244,91,2497,31993
238.273,93,2497,31993
238.305,91,2497,31993
238.334,89,2497,31990
238.367,88,2497,31987
238.395,89,2496,31985
238.428,87,2496,31981
238.457,87,2496,31984
238.489,89,2496,31982
238.518,88,2496,31980
238.551,88,2496,31978
238.580,90,2496,31984
238.613,91,2496,31981
238.642,91,2496,31982
238.673,90,2496,31980
238.703,87,2496,31975
238.735,87,2496,31977
238.764,85,2496,31975
238.796,87,2496,31976
238.825,88,2496,31974
238.858,85,2495,31970
238.887,85,2495,31972
238.915,89,2496,31977
238.948,87,2496,31974
238.977,88,2495,31968
239.009,88,2496,31975
239.038,88,2495,31968
239.071,84,2495,31967
239.099,81,2495,31964
239.132,80,2495,31962
239.161,84,2494,31958
239.194,81,2493,31943
239.223,79,2494,31949
239.256,83,2493,31945
239.284,80,2493,31941
239.317,82,2493,31937
239.346,81,2493,31941
239.378,82,2493,31937
239.407,82,2493,31941
239.439,82,2493,31940
239.468,81,2492,31927
239.501,80,2492,31928
239.530,80,2491,31919
239.563,81,2491,31913
239.591,80,2489,31896
239.624,79,2488,31883
239.653,79,2487,31868
239.685,77,2487,31863
239.714,78,2487,31864
239.746,78,2486,31851
239.775,78,2486,31856
239.808,78,2487,31861
239.837,79,2486,31855
239.869,80,2486,31852
239.898,78,2486,31846
239.927,72,2485,31844
239.960,76,2486,31848
239.988,78,2485,31844
240.021,77,2485,31840
240.050,79,2484,31832
240.083,75,2485,31833
240.112,79,2484,31829
240.144,77,2484,31822
240.173,76,2484,31823
240.206,76,2485,31834
240.235,76,2485,31838
240.268,75,2485,31833
240.296,72,2483,31812
240.328,70,2481,31789
240.358,72,2481,31783
240.390,71,2480,31771
240.419,73,2479,31756
240.451,74,2477,31738
240.480,70,2476,31722
240.513,70,2476,31723
240.542,72,2475,31710
240.574,66,2475,31704
240.603,71,2473,31691
240.635,68,2472,31675
240.664,66,2473,31680
240.697,70,2471,31663
240.726,67,2471,31655
240.755,67,2471,31655
240.788,65,2469,31639
240.816,63,2466,31596
240.849,61,2461,31535
240.877,61,2460,31515
240.911,64,2457,31477
240.939,64,2453,31428
240.972,62,2447,31355
241.000,64,2445,31329
241.034,62,2442,31282
241.062,62,2440,31265
241.094,61,2440,31256
241.123,62,2437,31224
241.156,61,2436,31205
241.184,65,2435,31200
241.217,63,2435,31195
241.246,61,2433,31175
241.278,61,2430,31133
241.307,64,2424,31060
241.340,62,2421,31013
241.368,62,2418,30976
241.401,60,2416,30949
241.430,61,2415,30945
241.463,59,2415,30939
241.492,61,2413,30921
241.524,61,2412,30902
241.553,61,2410,30877
241.586,60,2406,30830
241.615,60,2405,30808
241.647,62,2402,30770
241.677,63,2400,30755
241.709,60,2400,30749
241.737,60,2400,30749
241.770,60,2394,30675
241.800,59,2393,30654
241.831,62,2391,30631
241.860,60,2393,30666
241.893,61,2391,30633
241.922,61,2389,30613
241.954,60,2381,30501
241.983,63,2380,30494
242.016,62,2376,30446
242.045,61,2379,30480
242.077,61,2380,30488
242.107,59,2375,30433
242.135,60,2369,30357
242.167,57,2366,30313
242.197,59,2369,30347
242.230,59,2378,30464
242.258,62,2377,30453
242.291,59,2375,30429
242.319,57,2372,30388
242.352,60,2368,30338
242.381,60,2366,30317
242.414,59,2363,30281
242.442,57,2360,30241
242.475,58,2360,30234
242.504,59,2359,30224
242.536,58,2359,30229
242.565,57,2353,30145
242.598,56,2350,30115
242.627,58,2351,30121
242.659,57,2350,30104
242.688,58,2342,30004
242.721,55,2340,29987
242.750,54,2335,29919
242.782,55,2329,29844
242.811,53,2326,29795
242.843,54,2325,29787
242.873,54,2324,29778
242.905,54,2325,29794
242.934,55,2329,29835
242.966,53,2335,29917
242.995,54,2335,29921
243.027,55,2336,29924
243.056,57,2340,29986
243.089,53,2350,30114
243.118,56,2354,30160
243.150,55,2356,30189
243.179,55,2360,30237
243.211,59,2363,30271
243.240,59,2366,30318
243.273,59,2369,30359
243.302,58,2377,30459
243.330,58,2380,30499
243.363,60,2383,30527
243.392,60,2387,30577
243.425,60,2391,30628
243.453,62,2397,30708
243.486,62,2401,30758
243.515,63,2406,30824
243.548,62,2414,30929
243.576,63,2418,30979
243.609,62,2426,31082
243.638,63,2431,31148
243.671,64,2435,31197
243.699,62,2435,31200
243.732,63,2435,31203
243.761,64,2436,31206
243.793,64,2438,31234
243.822,63,2442,31290
243.855,61,2444,31316
243.884,63,2445,31326
243.916,64,2446,31341
243.945,67,2450,31384
243.978,66,2453,31430
244.006,65,2455,31454
244.039,67,2455,31460
244.068,68,2455,31460
244.100,66,2457,31481
244.129,66,2458,31491
244.162,65,2458,31489
244.191,66,2459,31511
244.223,69,2460,31518
244.252,67,2460,31522
244.285,68,2461,31537
244.314,69,2462,31538
244.346,64,2461,31527
244.375,68,2460,31524
244.408,64,2460,31513
244.436,66,2459,31503
244.469,65,2458,31494
244.498,69,2459,31501
244.530,61,2460,31515
244.559,68,2459,31505
244.592,66,2458,31491
244.621,66,2456,31464
244.653,63,2452,31419
244.682,62,2447,31356
244.715,65,2445,31322
244.744,62,2436,31212
244.776,64,2435,31196
244.805,64,2431,31143
244.838,60,2427,31097
244.867,62,2424,31052
244.895,62,2426,31087
244.928,62,2419,30999
244.957,64,2424,31059
244.989,63,2420,31005
245.018,60,2419,30998
245.051,62,2418,30979
245.080,59,2416,30953
245.112,65,2416,30949
245.141,59,2415,30937
245.175,60,2410,30876
245.203,60,2405,30816
245.235,60,2404,30802
245.264,59,2407,30835
245.297,60,2412,30908
245.325,60,2415,30945
245.358,60,2415,30943
245.387,60,2413,30918
245.420,59,2408,30856
245.448,61,2405,30814
245.481,59,2400,30751
245.510,57,2391,30639
245.543,61,2381,30510
245.571,58,2375,30435
245.604,56,2365,30304
245.633,55,2360,30238
245.665,54,2358,30216
245.694,55,2354,30156
245.726,57,2351,30120
245.755,56,2351,30119
245.788,57,2350,30108
245.817,55,2345,30039
245.849,55,2342,30004
245.878,56,2341,29995
245.911,55,2336,29925
245.940,54,2334,29901
245.972,53,2328,29823
246.001,55,2326,29799
246.034,52,2317,29685
246.062,54,2315,29657
246.095,53,2311,29603
246.124,53,2315,29658
246.153,53,2315,29659
246.185,51,2325,29793
246.214,54,2326,29801
246.247,55,2333,29893
246.275,53,2341,29989
246.308,55,2355,30176
246.337,55,2360,30233
246.370,54,2360,30242
246.398,57,2362,30268
246.431,58,2370,30364
246.460,56,2379,30485
246.493,59,2387,30577
246.522,59,2400,30753
246.554,62,2412,30897
246.583,59,2420,31001
246.616,61,2430,31140
246.644,62,2435,31197
246.678,64,2441,31272
246.707,66,2454,31447
246.739,66,2461,31526
246.768,67,2468,31615
246.800,66,2472,31675
246.829,70,2476,31728
246.862,72,2480,31769
246.891,71,2480,31781
246.923,73,2481,31789
246.952,74,2484,31825
246.984,76,2486,31845
247.013,77,2486,31849
247.046,79,2487,31859
247.074,79,2489,31889
247.107,81,2491,31914
247.136,86,2493,31945
247.168,84,2495,31961
247.197,85,2495,31966
247.230,84,2495,31967
247.259,85,2495,31967
247.291,86,2495,31968
247.320,87,2495,31970
247.352,88,2496,31978
247.382,88,2496,31978
247.411,92,2497,31992
247.443,90,2498,32002
247.471,88,2499,32014
247.504,93,2499,32019
247.533,92,2500,32027
247.566,91,2500,32031
247.595,95,2500,32036
247.627,95,2500,32033
247.656,95,2501,32043
247.689,95,2501,32042
247.718,94,2501,32046
247.750,98,2501,32046
247.779,95,2501,32048
247.812,93,2501,32045
247.841,96,2501,32046
247.873,95,2502,32051
247.901,95,2501,32050
247.934,95,2502,32052
247.963,98,2502,32062
247.996,98,2502,32055
248.024,97,2502,32057
248.057,96,2502,32055
248.086,94,2502,32055
248.119,94,2502,32054
248.148,94,2502,32054
248.180,97,2502,32051
248.209,97,2502,32054
248.242,98,2501,32046
248.270,98,2501,32049
248.303,96,2501,32043
248.332,97,2501,32047
248.364,95,2501,32038
248.394,98,2501,32044
248.426,95,2500,32036
248.455,95,2500,32035
248.487,92,2499,32017
248.516,90,2498,32000
248.545,93,2497,31989
248.578,91,2496,31983
248.606,88,2496,31978
248.639,88,2496,31973
248.668,90,2495,31972
248.701,88,2496,31974
248.729,88,2495,31972
248.762,87,2495,31971
248.791,86,2495,31965
248.824,87,2495,31963
248.852,85,2495,31964
248.885,83,2494,31959
248.913,84,2494,31948
248.946,82,2492,31923
248.975,81,2491,31910
249.008,80,2489,31884
249.036,79,2487,31866
249.069,76,2486,31848
249.098,77,2485,31845
249.131,75,2485,31835
249.160,77,2483,31807
249.192,76,2481,31785
249.221,74,2481,31782
249.253,73,2480,31776
249.283,74,2480,31777
249.315,72,2480,31774
249.344,69,2480,31769
249.373,70,2478,31751
249.406,67,2477,31734
249.434,67,2475,31716
249.466,65,2472,31670
249.495,65,2470,31651
249.528,63,2468,31625
249.557,65,2464,31568
249.590,68,2461,31526
249.618,62,2458,31493
249.651,62,2453,31435
249.680,62,2446,31339
249.712,62,2440,31265
249.742,60,2435,31203
249.774,63,2435,31194
249.803,62,2432,31159
249.835,60,2430,31128
249.864,59,2428,31105
249.897,58,2422,31026
249.925,59,2418,30984
249.958,60,2416,30960
249.987,58,2415,30945
250.019,58,2415,30944
250.048,58,2413,30920
250.081,56,2410,30884
250.109,56,2407,30845
250.142,57,2405,30818
250.171,56,2405,30818
250.203,58,2406,30825
250.232,60,2408,30855
250.265,57,2407,30845
250.294,59,2412,30903
250.326,57,2408,30855
250.355,59,2407,30837
250.388,57,2406,30828
250.417,57,2405,30808
250.449,56,2401,30757
250.478,58,2392,30651
250.511,57,2383,30537
250.539,58,2376,30436
250.572,57,2361,30245
250.601,57,2352,30139
250.634,57,2355,30178
250.663,56,2353,30146
250.695,56,2354,30158
250.725,55,2352,30136
250.753,54,2360,30237
250.786,55,2361,30246
250.814,55,2362,30265
250.847,56,2364,30285
250.876,55,2361,30246
250.909,55,2357,30202
250.937,55,2349,30098
250.970,52,2346,30053
250.998,53,2343,30020
251.031,53,2339,29974
251.060,50,2334,29907
251.093,52,2332,29877
251.121,50,2333,29889
251.154,51,2335,29914
251.183,51,2326,29800
251.215,52,2326,29804
251.245,52,2331,29862
251.277,52,2333,29885
251.306,49,2335,29912
251.338,52,2337,29943
251.367,47,2367,30321
251.400,48,2364,30286
251.429,49,2364,30290
251.461,49,2360,30235
251.490,49,2331,29863
251.522,46,2325,29794
251.551,47,2325,29789
251.584,47,2326,29802
251.613,47,2328,29825
251.645,49,2329,29838
251.675,46,2328,29830
251.707,49,2328,29831
251.735,46,2326,29802
251.764,48,2326,29808
251.797,46,2329,29837
251.825,49,2330,29850
251.859,49,2334,29905
251.887,51,2329,29842
251.920,47,2335,29923
251.949,48,2344,30029
251.981,48,2353,30148
252.010,47,2340,29985
252.043,50,2350,30112
252.072,47,2352,30129
252.104,49,2353,30150
252.134,49,2341,29998
252.165,47,2335,29920
252.195,50,2334,29899
252.227,48,2334,29904
252.256,49,2330,29857
252.289,48,2322,29746
252.317,51,2315,29666
252.350,49,2319,29714
252.378,50,2319,29717
252.411,51,2328,29827
252.440,53,2337,29940
252.472,52,2342,30012
252.501,54,2347,30070
252.534,53,2343,30015
252.563,53,2335,29920
252.595,53,2331,29862
252.625,54,2335,29912
252.657,52,2327,29815
252.686,54,2320,29726
252.714,51,2320,29719
252.747,52,2316,29674
252.776,51,2305,29528
252.809,53,2307,29553
252.837,52,2301,29475
252.870,50,2301,29478
252.899,51,2299,29458
252.932,52,2300,29469
252.960,50,2300,29464
252.993,51,2285,29276
253.022,52,2277,29171
253.055,50,2270,29081
253.083,48,2252,28853
253.116,48,2246,28777
253.144,48,2240,28701
253.177,48,2240,28703
253.206,47,2240,28702
253.239,48,2240,28704
253.267,48,2241,28707
253.300,47,2241,28709
253.329,47,2241,28707
253.361,48,2241,28713
253.390,48,2241,28714
253.423,48,2242,28722
253.452,49,2242,28727
253.484,47,2240,28704
253.513,47,2241,28708
253.546,48,2242,28719
253.575,47,2242,28722
253.607,47,2246,28775
253.636,46,2249,28811
253.668,46,2246,28782
253.698,45,2246,28777
253.730,46,2246,28777
253.759,46,2246,28780
253.788,45,2247,28790
253.820,45,2249,28810
253.849,48,2251,28837
253.882,47,2248,28804
253.910,48,2249,28810
253.943,48,2252,28856
253.972,47,2251,28836
254.005,47,2252,28856
254.033,46,2255,28892
254.066,44,2249,28813
254.095,47,2247,28783
254.127,50,2255,28894
254.156,49,2256,28903
254.189,48,2269,29066
254.218,47,2261,28972
254.250,47,2255,28890
254.279,48,2248,28802
254.312,46,2250,28824
254.341,48,2254,28882
254.373,48,2251,28847
254.402,47,2246,28772
254.435,47,2240,28702
254.463,46,2240,28704
254.496,46,2240,28704
254.525,47,2239,28693
254.557,49,2239,28682
254.586,48,2238,28676
254.618,49,2240,28696
254.647,47,2230,28569
254.680,47,2231,28583
254.709,47,2236,28646
254.738,47,2234,28626
254.770,47,2238,28673
254.799,45,2235,28638
254.832,47,2231,28580
254.861,46,2237,28665
254.894,47,2239,28692
254.922,48,2221,28454
254.955,47,2229,28554
254.984,47,2228,28552
255.017,47,2224,28490
255.046,47,2220,28439
255.078,48,2210,28311
255.107,46,2179,27914
255.139,47,2179,27918
255.168,47,2175,27873
255.201,47,2162,27699
255.229,45,2173,27836
255.262,47,2179,27916
255.291,48,2180,27936
255.323,46,2182,27950
255.352,46,2181,27938
255.385,47,2188,28034
255.414,45,2181,27946
255.446,47,2183,27964
255.475,45,2179,27912
255.508,46,2177,27887
255.537,49,2178,27900
255.569,47,2184,27979
255.598,46,2195,28120
255.630,49,2203,28220
255.659,46,2215,28375
255.692,48,2220,28447
255.721,47,2223,28482
255.750,47,2227,28536
255.782,50,2223,28487
255.811,48,2229,28561
255.844,46,2237,28667
255.872,46,2240,28701
255.906,48,2242,28723
255.934,46,2247,28787
255.967,48,2253,28868
255.995,48,2254,28882
256.028,46,2255,28897
256.057,50,2257,28918
256.090,45,2259,28945
256.119,47,2277,29178
256.151,49,2275,29153
256.180,46,2283,29245
256.213,43,2283,29257
256.242,46,2285,29276
256.274,46,2286,29283
256.303,46,2286,29292
256.335,49,2285,29279
256.364,46,2275,29153
256.397,45,2275,29145
256.426,44,2275,29148
256.458,45,2275,29147
256.487,47,2275,29148
256.519,45,2275,29146
256.548,48,2275,29147
256.580,46,2275,29146
256.609,45,2275,29148
256.642,45,2275,29146
256.671,45,2275,29146
256.703,44,2275,29147
256.733,46,2275,29146
256.761,44,2276,29157
256.794,49,2280,29216
256.822,48,2286,29294
256.855,48,2294,29390
256.884,48,2295,29399
256.917,47,2299,29457
256.945,48,2310,29602
256.978,44,2328,29831
257.007,48,2316,29668
257.040,47,2314,29644
257.068,48,2310,29599
257.101,46,2310,29590
257.130,47,2303,29506
257.163,49,2301,29479
257.191,48,2300,29467
257.224,50,2295,29401
257.253,50,2296,29421
257.285,49,2295,29408
257.315,51,2295,29400
257.347,49,2299,29459
257.376,51,2300,29468
257.408,51,2305,29535
257.437,50,2311,29612
257.469,50,2315,29657
257.499,54,2316,29676
257.531,53,2328,29827
257.560,55,2335,29912
257.592,58,2338,29955
257.622,54,2343,30014
257.654,58,2344,30027
257.683,57,2340,29986
257.712,58,2337,29947
257.744,57,2340,29978
257.774,55,2338,29961
257.806,52,2343,30016
257.834,55,2342,30008
257.867,57,2347,30068
257.896,56,2350,30104
257.929,58,2343,30015
257.957,54,2339,29971
257.990,55,2336,29932
258.019,52,2335,29912
258.052,52,2328,29833
258.080,54,2324,29778
258.113,54,2323,29768
258.142,55,2326,29795
258.175,56,2329,29844
258.203,55,2334,29908
258.236,54,2335,29915
258.264,55,2338,29958
258.297,54,2342,30009
258.326,55,2342,30008
258.359,57,2342,30012
258.387,55,2346,30064
258.420,54,2349,30101
258.449,54,2346,30055
258.481,54,2350,30103
258.510,53,2351,30115
258.543,53,2349,30095
258.572,55,2350,30115
258.604,57,2348,30080
258.633,56,2342,30011
258.665,55,2342,30000
258.695,55,2340,29986
258.727,57,2339,29974
258.756,56,2341,29997
258.789,53,2347,30073
258.817,54,2351,30121
258.850,56,2351,30128
258.879,54,2349,30093
258.911,55,2351,30124
258.940,53,2356,30182
258.969,53,2356,30185
259.002,54,2357,30195
259.030,52,2356,30189
259.063,52,2358,30212
259.091,55,2359,30228
259.124,55,2360,30239
259.153,56,2361,30248
259.186,56,2362,30260
259.214,57,2362,30261
259.247,55,2361,30246
259.276,54,2360,30242
259.309,55,2361,30244
259.337,54,2360,30238
259.370,57,2360,30241
259.399,54,2360,30239
259.431,54,2365,30303
259.460,56,2365,30297
259.493,57,2361,30248
259.522,55,2360,30237
259.554,58,2360,30241
259.583,57,2361,30245
259.616,56,2363,30276
259.645,55,2364,30285
259.677,56,2365,30306
259.706,59,2366,30308
259.738,55,2366,30309
259.767,57,2365,30300
259.800,57,2362,30261
259.829,57,2361,30247
259.861,57,2361,30246
259.890,56,2360,30235
259.923,56,2360,30237
259.952,58,2360,30235
259.984,57,2360,30240
260.013,57,2360,30237
260.046,55,2357,30202
260.075,54,2356,30191
260.107,57,2354,30161
260.136,55,2347,30072
260.165,57,2347,30075
260.197,54,2345,30043
260.226,55,2350,30113
260.259,54,2351,30121
260.288,57,2351,30122
260.320,53,2352,30131
260.349,55,2351,30121
260.382,54,2349,30098
260.410,55,2344,30035
260.443,54,2342,30004
260.472,55,2337,29943
260.505,54,2337,29943
260.533,54,2337,29945
260.566,53,2340,29975
260.595,55,2341,29997
260.627,55,2340,29986
260.656,55,2341,29988
260.689,55,2341,29991
260.718,56,2339,29967
260.750,54,2338,29959
260.779,56,2341,29993
260.812,56,2338,29956
260.841,54,2340,29976
260.873,52,2342,30003
260.902,57,2342,30005
260.934,55,2336,29932
260.963,54,2336,29933
260.996,54,2339,29965
261.025,55,2340,29982
261.057,55,2338,29954
261.086,54,2337,29946
261.119,55,2341,29996
261.148,55,2343,30020
261.180,56,2342,30004
261.209,58,2342,30003
261.242,54,2344,30027
261.271,53,2340,29981
261.303,52,2337,29941
261.332,54,2338,29959
261.361,55,2343,30017
261.393,56,2350,30114
261.422,54,2350,30115
261.455,56,2351,30123
261.483,56,2355,30175
261.516,55,2359,30220
261.545,54,2355,30179
261.578,55,2354,30154
261.606,53,2351,30120
261.639,57,2346,30057
261.668,52,2343,30019
261.701,56,2341,29988
261.729,54,2342,30007
261.762,54,2340,29986
261.791,55,2333,29885
261.823,54,2329,29834
261.852,56,2328,29829
261.885,53,2330,29851
261.914,53,2334,29902
261.947,55,2336,29924
261.975,54,2339,29968
262.008,53,2341,29998
262.037,55,2341,29993
262.070,55,2343,30018
262.098,54,2350,30112
262.131,54,2350,30115
262.160,53,2351,30118
262.193,53,2351,30118
262.221,57,2349,30101
262.254,55,2349,30092
262.283,55,2349,30097
262.315,52,2350,30103
262.344,55,2349,30098
262.376,55,2350,30112
262.406,56,2350,30108
262.438,54,2348,30083
262.467,54,2342,30004
262.499,56,2342,30011
262.528,57,2341,29991
262.561,55,2338,29953
262.590,58,2337,29946
262.622,56,2337,29937
262.651,57,2336,29932
262.680,56,2335,29916
262.713,55,2335,29914
262.741,56,2335,29911
262.774,55,2335,29912
262.803,53,2335,29918
262.836,57,2335,29921
262.864,55,2335,29920
262.897,54,2335,29916
262.925,57,2335,29919
262.959,53,2336,29933
262.987,56,2336,29929
263.020,55,2340,29984
263.049,55,2344,30026
263.081,56,2350,30108
263.110,56,2349,30094
263.143,55,2348,30086
263.171,55,2349,30090
263.204,55,2341,29989
263.233,53,2339,29964
263.266,55,2338,29956
263.295,55,2337,29944
263.327,58,2338,29950
263.356,54,2343,30018
263.388,53,2350,30112
263.417,55,2350,30115
263.450,52,2349,30097
263.479,55,2350,30109
263.511,54,2350,30110
263.540,53,2350,30106
263.572,55,2346,30056
263.601,55,2348,30085
263.634,54,2350,30106
263.663,54,2348,30088
263.695,55,2347,30064
263.724,54,2345,30049
263.757,56,2345,30040
263.786,53,2343,30013
263.818,53,2341,29989
263.847,55,2340,29985
263.879,54,2340,29984
263.909,55,2341,29992
263.937,52,2340,29985
263.970,52,2341,29993
263.999,55,2341,29991
264.032,54,2340,29976
264.060,55,2340,29981
264.093,53,2339,29972
264.122,55,2340,29982
264.155,54,2338,29950
264.183,54,2339,29962
264.216,52,2338,29959
264.245,55,2338,29950
264.278,55,2341,29989
264.306,53,2341,29988
264.339,54,2338,29953
264.367,51,2340,29978
264.400,53,2342,30002
264.429,53,2342,30001
264.461,54,2346,30059
264.490,56,2346,30057
264.523,55,2351,30118
264.552,53,2355,30176
264.584,57,2357,30203
264.614,55,2354,30161
264.646,56,2352,30133
264.675,55,2352,30138
264.707,56,2352,30132
264.736,55,2352,30135
264.768,56,2350,30115
264.798,55,2349,30100
264.830,55,2344,30035
264.859,54,2342,30012
264.891,53,2348,30077
264.920,55,2350,30108
264.953,56,2349,30090
264.982,55,2343,30017
265.014,53,2337,29936
265.043,53,2336,29932
265.076,54,2336,29928
265.105,58,2335,29922
265.137,56,2335,29915
265.166,55,2335,29916
265.195,55,2333,29897
265.228,56,2337,29942
265.257,56,2337,29949
265.289,55,2336,29934
265.318,56,2334,29902
265.350,54,2334,29906
265.379,54,2335,29914
265.413,55,2335,29918
265.440,52,2335,29917
265.473,54,2335,29915
265.502,53,2335,29921
265.535,51,2335,29921
265.564,53,2335,29918
265.597,53,2335,29917
265.625,53,2335,29916
265.658,52,2335,29918
265.686,54,2331,29868
265.719,52,2335,29915
265.747,54,2332,29880
265.780,55,2329,29845
265.809,55,2331,29861
265.841,55,2336,29925
265.870,53,2335,29916
265.903,54,2341,29995
265.932,56,2341,29997
265.964,53,2344,30026
265.993,55,2340,29983
266.026,57,2345,30048
266.055,54,2341,29989
266.088,56,2344,30031
266.116,58,2350,30112
266.149,56,2357,30199
266.178,56,2376,30438
266.211,55,2380,30496
266.239,55,2380,30499
266.271,53,2381,30505
266.301,54,2383,30530
266.333,52,2385,30558
266.362,54,2389,30610
266.395,57,2391,30632
266.423,58,2393,30665
266.456,58,2395,30692
266.485,57,2400,30747
266.517,59,2401,30760
266.547,59,2407,30842
266.579,58,2415,30944
266.608,60,2416,30955
266.637,61,2417,30967
266.669,59,2418,30983
266.698,59,2418,30976
266.731,61,2420,31008
266.760,61,2423,31049
266.792,61,2431,31145
266.821,60,2435,31200
266.854,61,2445,31323
266.882,60,2455,31449
266.916,67,2460,31525
266.944,63,2471,31654
266.976,65,2477,31742
267.006,71,2481,31782
267.038,78,2486,31852
267.067,81,2491,31914
267.099,83,2495,31962
267.128,86,2495,31968
267.161,85,2495,31971
267.190,87,2496,31974
267.222,89,2496,31977
267.251,92,2496,31979
267.283,90,2496,31980
267.312,94,2497,31991
267.345,92,2497,31997
267.374,91,2498,32007
267.406,92,2499,32017
267.435,92,2500,32033
267.467,95,2500,32034
267.497,94,2501,32041
267.529,94,2501,32047
267.558,95,2501,32042
267.591,94,2501,32044
267.620,97,2502,32054
267.652,98,2502,32063
267.681,100,2503,32067
267.713,100,2503,32073
267.743,102,2504,32088
267.771,106,2505,32094
267.804,102,2505,32093
267.832,103,2506,32102
267.865,104,2506,32105
267.894,109,2506,32112
267.927,107,2506,32109
267.955,107,2507,32116
267.988,109,2507,32120
268.017,106,2507,32119
268.049,108,2507,32124
268.078,107,2507,32116
268.111,109,2507,32127
268.139,112,2508,32127
268.172,108,2508,32135
268.201,110,2509,32141
268.234,110,2508,32136
268.263,108,2509,32143
268.296,112,2509,32145
268.324,110,2509,32145
268.357,110,2509,32148
268.385,111,2509,32148
268.418,109,2508,32133
268.447,109,2509,32151
268.479,110,2509,32145
268.509,110,2509,32148
268.541,110,2509,32143
268.570,112,2508,32140
268.603,110,2510,32153
268.632,108,2509,32151
268.664,108,2508,32139
268.693,110,2509,32148
268.725,112,2509,32145
268.754,108,2509,32148
268.788,112,2509,32148
268.816,110,2510,32156
268.848,111,2510,32156
268.877,111,2509,32148
268.910,111,2510,32154
268.938,112,2510,32154
268.971,114,2510,32160
269.000,112,2510,32158
269.033,114,2510,32161
269.062,113,2510,32158
269.094,111,2510,32153
269.123,112,2509,32152
269.155,116,2510,32153
269.184,112,2510,32156
269.217,111,2509,32147
269.246,109,2510,32154
269.278,109,2510,32153
269.308,110,2509,32151
269.340,107,2509,32151
269.369,108,2509,32147
269.401,108,2509,32142
269.430,107,2508,32137
269.462,107,2507,32126
269.491,106,2507,32120
269.524,104,2507,32123
269.553,104,2506,32107
269.586,102,2506,32103
269.614,100,2505,32099
269.647,101,2504,32082
269.676,99,2504,32077
269.708,95,2503,32071
269.737,95,2502,32059
269.770,93,2502,32050
269.799,94,2501,32049
269.831,90,2501,32041
269.860,94,2501,32040
269.892,91,2500,32036
269.922,89,2500,32030
269.950,88,2500,32027
269.983,92,2499,32014
270.012,88,2499,32015
270.045,88,2498,32000
270.074,87,2497,31986
270.106,85,2497,31986
270.134,88,2496,31982
270.167,86,2496,31975
270.196,89,2496,31981
270.228,87,2496,31978
270.257,86,2496,31974
270.290,84,2496,31974
270.318,88,2496,31979
270.351,86,2496,31977
270.380,85,2495,31968
270.412,84,2496,31977
270.441,88,2495,31969
270.474,86,2496,31976
270.503,83,2496,31977
270.536,86,2496,31973
270.564,85,2495,31973
270.597,86,2496,31976
270.626,82,2495,31971
270.658,84,2495,31969
270.688,81,2495,31965
270.720,80,2495,31964
270.749,80,2495,31965
270.781,81,2494,31955
270.811,81,2494,31951
270.843,81,2492,31934
270.872,83,2491,31918
270.901,82,2490,31907
270.933,83,2489,31893
270.962,82,2490,31899
270.995,80,2490,31897
271.024,83,2490,31897
271.056,82,2490,31905
271.085,81,2491,31917
271.118,80,2492,31925
271.146,80,2492,31927
271.179,77,2493,31943
271.207,78,2493,31946
271.241,74,2494,31951
271.269,77,2494,31953
271.302,75,2494,31950
271.330,81,2492,31927
271.363,83,2491,31919
271.393,83,2492,31931
271.425,79,2491,31920
271.453,77,2491,31913
271.486,67,2492,31922
271.515,63,2493,31943
271.547,68,2493,31936
271.577,73,2493,31944
271.609,72,2493,31946
271.638,67,2493,31940
271.670,66,2493,31940
271.699,67,2492,31926
271.731,73,2491,31914
271.760,78,2490,31904
271.789,84,2489,31889
271.822,85,2488,31877
271.851,85,2488,31878
271.884,84,2487,31867
271.912,81,2487,31858
271.945,81,2486,31855
271.973,83,2486,31847
272.006,79,2485,31841
272.035,79,2485,31841
272.068,75,2484,31831
272.097,76,2482,31806
272.130,75,2482,31798
272.158,73,2481,31784
272.190,73,2481,31782
272.220,70,2480,31776
272.252,70,2479,31766
272.280,70,2477,31731
272.313,70,2475,31712
272.342,66,2472,31668
272.375,64,2470,31651
272.403,64,2467,31604
272.436,62,2464,31564
272.465,64,2461,31535
272.497,60,2460,31522
272.526,60,2460,31514
272.558,57,2459,31510
272.588,59,2458,31494
272.616,56,2457,31476
272.649,60,2456,31470
272.678,60,2456,31461
272.711,63,2454,31448
272.739,62,2453,31431
272.773,60,2454,31436
272.801,66,2455,31448
272.834,63,2456,31461
272.863,65,2456,31472
272.895,64,2459,31507
272.924,68,2460,31519
272.956,63,2461,31531
272.985,63,2463,31559
273.018,66,2466,31595
273.047,65,2470,31649
273.079,66,2471,31663
273.109,63,2473,31683
273.141,66,2473,31686
273.170,71,2475,31708
273.202,67,2475,31715
273.231,70,2477,31731
273.264,75,2478,31753
273.292,74,2479,31762
273.325,71,2479,31760
273.354,70,2478,31744
273.386,69,2477,31735
273.415,69,2476,31722
273.447,71,2475,31716
273.477,73,2476,31722
273.509,69,2476,31717
273.538,69,2476,31717
273.567,67,2476,31723
273.599,72,2475,31716
273.628,71,2475,31717
273.661,70,2476,31718
273.690,69,2476,31717
273.723,68,2476,31722
273.751,69,2476,31719
273.784,71,2476,31718
273.813,69,2476,31717
273.845,67,2475,31708
273.874,67,2473,31691
273.907,63,2471,31663
273.936,66,2470,31648
273.968,67,2469,31634
273.997,68,2468,31615
274.029,65,2467,31607
274.059,66,2467,31603
274.091,64,2467,31608
274.120,62,2467,31607
274.152,64,2467,31608
274.181,65,2466,31600
274.214,63,2465,31585
274.243,67,2465,31578
274.275,61,2464,31564
274.304,61,2463,31560
274.336,61,2462,31538
274.366,70,2461,31533
274.398,61,2461,31532
274.427,63,2461,31533
274.456,65,2461,31525
274.488,61,2460,31524
274.517,62,2460,31521
274.550,61,2460,31514
274.578,63,2460,31520
274.611,62,2460,31520
274.641,62,2460,31522
274.673,61,2460,31522
274.702,63,2460,31523
274.734,62,2461,31530
274.763,62,2461,31533
274.795,61,2461,31536
274.824,62,2462,31544
274.857,64,2462,31550
274.885,65,2464,31572
274.918,59,2465,31588
274.947,64,2467,31610
274.980,65,2469,31637
275.008,65,2469,31640
275.041,65,2471,31655
275.070,67,2471,31658
275.102,66,2472,31673
275.131,68,2473,31682
275.164,66,2473,31684
275.192,67,2473,31683
275.225,68,2474,31698
275.254,69,2475,31714
275.286,68,2477,31733
275.315,69,2478,31749
275.348,72,2479,31764
275.377,72,2480,31773
275.409,73,2480,31771
275.438,73,2480,31774
275.467,69,2480,31775
275.500,74,2480,31771
275.528,71,2480,31778
275.561,73,2480,31779
275.590,73,2481,31785
275.623,73,2481,31790
275.651,74,2482,31803
275.684,77,2484,31823
275.713,73,2485,31836
275.745,74,2485,31842
275.774,79,2485,31843
275.807,76,2486,31847
275.836,76,2486,31851
275.868,78,2486,31850
275.897,80,2486,31857
275.930,79,2487,31861
275.959,79,2487,31866
275.991,76,2488,31878
276.020,77,2487,31870
276.052,77,2487,31868
276.081,78,2487,31862
276.114,80,2487,31862
276.143,81,2487,31859
276.175,77,2486,31852
276.204,77,2486,31846
276.237,77,2485,31844
276.266,79,2486,31850
276.298,77,2486,31848
276.327,72,2485,31843
276.356,75,2485,31840
276.388,74,2485,31836
276.417,78,2484,31827
276.450,72,2484,31823
276.479,74,2483,31808
276.511,75,2482,31799
276.540,76,2481,31792
276.573,74,2481,31791
276.601,74,2482,31796
276.634,74,2481,31793
276.663,76,2482,31795
276.696,77,2483,31807
276.724,72,2483,31807
276.757,72,2482,31806
276.786,76,2482,31804
276.818,75,2482,31799
276.847,80,2482,31806
276.880,80,2482,31802
276.909,73,2482,31798
276.941,78,2482,31798
276.970,74,2482,31803
277.003,76,2483,31809
277.032,75,2483,31812
277.064,76,2483,31816
277.093,75,2484,31825
277.125,77,2484,31830
277.154,74,2485,31834
277.187,77,2485,31837
277.216,76,2485,31840
277.249,76,2485,31839
277.278,80,2485,31842
277.310,76,2485,31837
277.339,76,2485,31843
277.368,77,2485,31845
277.401,77,2486,31849
277.429,81,2486,31848
277.462,78,2486,31852
277.491,79,2486,31853
277.523,78,2486,31852
277.552,75,2487,31863
277.585,79,2487,31861
277.614,81,2486,31850
277.646,76,2486,31854
277.675,78,2486,31852
277.708,75,2486,31854
277.736,78,2486,31851
277.769,77,2486,31850
277.798,75,2486,31855
277.830,75,2486,31854
277.859,76,2487,31859
277.892,73,2487,31863
277.920,75,2487,31864
277.953,76,2488,31871
277.982,76,2488,31877
278.014,77,2488,31882
278.043,77,2489,31888
278.076,79,2489,31893
278.105,75,2490,31900
278.137,74,2490,31900
278.166,73,2489,31894
278.199,78,2490,31903
278.227,78,2490,31897
278.260,77,2489,31894
278.289,76,2489,31889
278.321,78,2488,31881
278.350,78,2489,31894
278.379,81,2490,31896
278.412,76,2490,31906
278.441,78,2490,31904
278.474,82,2489,31892
278.502,77,2490,31897
278.535,78,2489,31894
278.564,81,2490,31899
278.597,77,2489,31895
278.626,79,2489,31890
278.658,82,2490,31897
278.687,81,2489,31888
278.719,80,2488,31881
278.748,79,2488,31874
278.781,81,2487,31859
278.810,81,2486,31854
278.842,81,2486,31850
278.872,76,2486,31847
278.904,79,2485,31843
278.933,79,2485,31842
278.965,81,2485,31841
278.994,78,2485,31835
279.027,78,2485,31841
279.055,78,2485,31838
279.088,80,2485,31837
279.116,79,2485,31837
279.149,73,2485,31837
279.179,77,2485,31841
279.210,77,2485,31841
279.239,78,2485,31842
279.272,79,2485,31839
279.301,78,2485,31843
279.333,80,2485,31842
279.362,77,2486,31846
279.391,78,2485,31845
279.424,80,2485,31841
279.453,76,2485,31840
279.485,80,2485,31834
279.514,80,2486,31846
279.547,79,2485,31836
279.575,80,2484,31823
279.608,74,2484,31827
279.637,75,2485,31836
279.670,78,2486,31845
279.698,77,2486,31852
279.731,77,2486,31852
279.760,80,2487,31870
279.793,79,2489,31884
279.822,80,2489,31888
279.854,83,2488,31881
279.883,83,2488,31874
279.915,83,2488,31872
279.945,84,2487,31867
279.976,85,2488,31879
280.006,86,2488,31881
280.038,84,2488,31883
280.067,86,2487,31870
280.099,83,2486,31849
280.128,80,2485,31842
280.161,78,2482,31798
280.190,74,2479,31763
280.223,75,2475,31708
280.251,73,2468,31626
280.280,68,2462,31540
280.313,68,2460,31517
280.341,66,2459,31507
280.374,65,2458,31492
280.403,69,2457,31484
280.436,65,2458,31496
280.464,66,2460,31522
280.497,64,2464,31572
280.525,67,2467,31609
280.558,68,2469,31634
280.588,70,2466,31599
280.620,68,2464,31565
280.649,66,2462,31543
280.681,70,2460,31525
280.710,70,2459,31508
280.743,69,2459,31509
280.772,65,2460,31520
280.804,65,2460,31521
280.833,65,2461,31529
280.866,63,2463,31560
280.894,64,2468,31625
280.927,64,2466,31594
280.956,64,2466,31600
280.988,65,2466,31590
281.017,66,2466,31599
281.050,66,2470,31651
281.079,71,2479,31760
281.111,70,2471,31664
281.141,70,2475,31716
281.172,73,2472,31671
281.202,68,2470,31650
281.234,69,2469,31634
281.263,66,2468,31625
281.292,65,2465,31588
281.324,66,2464,31566
281.353,64,2462,31546
281.386,63,2460,31523
281.414,63,2460,31512
281.447,61,2458,31487
281.476,63,2457,31484
281.508,61,2455,31453
281.537,63,2450,31388
281.570,66,2446,31342
281.599,64,2445,31331
281.631,62,2445,31324
281.660,66,2442,31291
281.693,65,2442,31289
281.722,66,2444,31317
281.754,66,2446,31337
281.783,67,2448,31370
281.816,69,2447,31347
281.845,70,2446,31333
281.878,68,2441,31273
281.906,64,2436,31205
281.938,62,2435,31196
281.968,58,2429,31126
282.000,62,2420,31008
282.029,61,2416,30954
282.061,62,2417,30964
282.090,63,2421,31015
282.123,60,2423,31040
282.152,65,2422,31028
282.184,62,2423,31050
282.213,59,2425,31068
282.246,62,2425,31072
282.275,62,2426,31089
282.308,59,2430,31135
282.336,62,2431,31148
282.368,60,2432,31155
282.398,63,2435,31193
282.430,61,2435,31197
282.459,64,2435,31195
282.491,62,2435,31202
282.521,64,2436,31205
282.549,63,2436,31211
282.581,67,2438,31238
282.611,64,2441,31271
282.643,64,2440,31264
282.672,62,2438,31236
282.705,62,2436,31212
282.734,62,2436,31208
282.766,64,2436,31207
282.795,63,2436,31215
282.827,63,2437,31219
282.857,64,2435,31201
282.889,66,2435,31199
282.918,64,2435,31196
282.951,66,2435,31197
282.979,63,2435,31197
283.012,66,2435,31197
283.041,64,2435,31197
283.074,65,2435,31197
283.102,66,2435,31198
283.135,65,2435,31199
283.164,67,2435,31202
283.196,67,2437,31223
283.225,62,2440,31264
283.258,62,2443,31294
283.287,65,2445,31328
283.319,64,2446,31340
283.348,67,2446,31344
283.380,66,2448,31362
283.409,65,2450,31391
283.442,67,2451,31403
283.471,70,2449,31384
283.503,67,2450,31386
283.532,67,2450,31390
283.564,69,2448,31369
283.593,66,2447,31349
283.626,72,2447,31355
283.655,67,2446,31343
283.687,67,2446,31333
283.716,68,2446,31336
283.745,65,2446,31338
283.777,69,2444,31313
283.806,67,2444,31308
283.839,64,2441,31281
283.868,64,2441,31273
283.901,63,2439,31255
283.929,64,2439,31244
283.963,64,2440,31260
283.991,63,2442,31283
284.024,63,2444,31319
284.052,62,2445,31332
284.085,65,2448,31365
284.114,66,2451,31399
284.147,69,2452,31419
284.176,68,2455,31456
284.208,67,2456,31462
284.237,67,2459,31506
284.270,71,2460,31515
284.298,69,2460,31519
284.331,66,2460,31520
284.360,68,2461,31526
284.393,67,2463,31557
284.421,66,2465,31588
284.453,70,2468,31624
284.482,67,2470,31647
284.515,71,2471,31655
284.544,70,2471,31665
284.577,70,2474,31699
284.606,71,2475,31714
284.638,73,2476,31721
284.667,76,2478,31755
284.700,76,2480,31773
284.728,77,2480,31777
284.760,79,2480,31778
284.790,82,2481,31787
284.818,77,2481,31792
284.851,77,2482,31797
284.880,80,2482,31799
284.912,78,2482,31796
284.942,77,2482,31801
284.975,73,2482,31806
285.003,78,2483,31817
285.035,76,2484,31829
285.064,79,2485,31832
285.097,78,2485,31838
285.126,77,2486,31847
285.158,81,2485,31841
285.187,79,2486,31855
285.220,82,2487,31864
285.249,79,2487,31869
285.281,81,2489,31884
285.310,84,2490,31899
285.342,81,2491,31917
285.371,81,2492,31924
285.404,83,2493,31937
285.432,85,2493,31944
285.465,84,2493,31946
285.494,83,2494,31948
285.526,85,2494,31956
285.555,85,2495,31961
285.588,85,2495,31965
285.617,85,2495,31961
285.649,84,2495,31962
285.678,87,2495,31964
285.711,88,2495,31963
285.740,84,2495,31966
285.768,85,2495,31965
285.801,86,2495,31963
285.830,84,2495,31966
285.863,85,2495,31966
285.891,89,2495,31964
285.924,87,2495,31966
285.953,89,2495,31963
285.985,87,2495,31963
286.014,88,2495,31962
286.047,87,2495,31962
286.075,89,2495,31964
286.108,88,2494,31959
286.137,86,2495,31961
286.169,87,2495,31961
286.198,84,2494,31952
286.231,84,2494,31960
286.260,86,2494,31955
286.292,84,2494,31955
286.321,86,2494,31950
286.354,87,2493,31935
286.383,86,2493,31942
286.415,82,2493,31935
286.444,83,2493,31935
286.477,83,2492,31927
286.506,82,2492,31927
286.538,82,2491,31913
286.567,84,2490,31907
286.599,82,2490,31903
286.628,81,2490,31903
286.661,81,2490,31906
286.690,84,2490,31898
286.722,83,2489,31896
286.751,81,2489,31894
286.780,81,2489,31890
286.813,81,2489,31884
286.841,80,2488,31881
286.874,84,2488,31876
286.903,80,2487,31869
286.936,82,2487,31870
286.964,80,2487,31864
286.997,82,2487,31860
287.026,79,2487,31859
287.058,78,2485,31844
287.087,81,2486,31847
287.120,79,2485,31841
287.149,80,2485,31836
287.181,80,2484,31832
287.210,81,2484,31830
287.243,79,2484,31822
287.271,77,2482,31802
287.304,77,2481,31787
287.333,75,2480,31779
287.365,74,2480,31777
287.394,73,2479,31764
287.427,73,2477,31733
287.456,73,2476,31718
287.488,71,2474,31702
287.517,69,2473,31680
287.550,70,2472,31674
287.579,69,2471,31663
287.607,71,2471,31658
287.640,69,2470,31651
287.669,72,2471,31654
287.701,70,2470,31652
287.730,68,2469,31639
287.763,67,2469,31640
287.792,69,2468,31619
287.824,70,2467,31605
287.853,68,2465,31586
287.886,66,2464,31566
287.914,65,2461,31537
287.947,66,2461,31525
287.976,66,2460,31522
288.009,65,2460,31519
288.037,66,2461,31526
288.070,66,2460,31525
288.099,66,2460,31519
288.131,67,2460,31516
288.160,64,2459,31509
288.193,69,2457,31478
288.222,68,2456,31465
288.254,68,2456,31466
288.283,63,2457,31480
288.315,64,2457,31484
288.344,64,2456,31467
288.377,63,2456,31465
288.406,70,2455,31453
288.439,67,2455,31460
288.468,63,2456,31462
288.500,63,2455,31458
288.529,66,2455,31457
288.561,67,2455,31448
288.590,68,2455,31455
288.623,66,2456,31463
288.652,66,2457,31476
288.684,67,2459,31501
288.713,66,2458,31495
288.746,70,2458,31498
288.775,67,2459,31510
288.807,66,2459,31510
288.836,68,2460,31513
288.869,62,2458,31498
288.898,66,2457,31482
288.930,64,2455,31455
288.959,67,2456,31465
288.988,65,2455,31456
289.021,66,2452,31415
289.049,66,2449,31379
289.082,66,2449,31376
289.111,68,2449,31375
289.144,68,2448,31368
289.172,66,2446,31344
289.205,64,2446,31333
289.234,67,2444,31308
289.267,66,2440,31266
289.295,64,2437,31230
289.328,66,2437,31218
289.357,68,2436,31206
289.389,66,2436,31213
289.418,64,2436,31209
289.451,67,2436,31205
289.479,65,2435,31201
289.512,63,2435,31199
289.541,66,2436,31209
289.573,65,2440,31257
289.603,65,2443,31299
289.635,65,2441,31276
289.664,66,2438,31232
289.696,67,2436,31206
289.725,65,2435,31201
289.758,65,2435,31198
289.787,64,2435,31197
289.819,65,2434,31189
289.848,66,2435,31198
289.880,66,2435,31196
289.910,68,2435,31199
289.942,65,2436,31210
289.971,65,2439,31247
290.003,65,2442,31290
290.032,66,2445,31324
290.065,65,2445,31330
290.094,70,2446,31333
290.126,67,2446,31342
290.155,69,2446,31345
290.187,66,2451,31403
290.217,69,2454,31447
290.249,70,2456,31471
290.279,70,2456,31471
290.307,67,2458,31495
290.340,69,2457,31478
290.368,70,2457,31476
290.401,70,2457,31486
290.430,68,2458,31493
290.462,70,2458,31498
290.491,71,2458,31496
290.523,70,2459,31501
290.552,70,2459,31509
290.585,67,2460,31514
290.614,69,2460,31514
290.646,69,2459,31510
290.675,70,2459,31510
290.708,69,2458,31496
290.737,70,2457,31484
290.770,70,2456,31473
290.798,67,2456,31464
290.831,68,2454,31444
290.860,69,2454,31442
290.893,74,2454,31439
290.921,69,2455,31460
290.955,72,2457,31479
290.983,73,2460,31515
291.015,73,2460,31518
291.044,72,2460,31522
291.076,70,2462,31540
291.105,68,2464,31576
291.138,69,2469,31636
291.167,74,2472,31669
291.199,76,2475,31716
291.228,77,2479,31762
291.260,76,2480,31774
291.289,80,2481,31786
291.322,81,2483,31819
291.351,83,2485,31845
291.383,83,2487,31860
291.412,85,2490,31898
291.445,87,2491,31919
291.474,86,2493,31944
291.506,89,2495,31961
291.535,88,2495,31970
291.564,93,2495,31966
291.597,93,2496,31974
291.625,93,2496,31982
291.658,92,2497,31992
291.687,95,2498,32007
291.720,96,2499,32024
291.748,98,2500,32032
291.781,97,2501,32037
291.810,98,2500,32036
291.842,97,2500,32037
291.871,99,2501,32047
291.904,102,2501,32048
291.932,101,2502,32056
291.965,100,2503,32065
291.994,101,2503,32066
292.027,102,2503,32071
292.055,103,2504,32076
292.088,103,2504,32087
292.117,104,2505,32097
292.149,104,2506,32105
292.178,106,2506,32110
292.211,109,2507,32121
292.240,110,2507,32126
292.272,109,2507,32123
292.301,111,2507,32124
292.334,112,2508,32139
292.363,111,2508,32128
292.395,110,2508,32137
292.424,110,2509,32141
292.457,112,2509,32144
292.485,112,2509,32142
292.518,114,2509,32147
292.547,113,2509,32150
292.579,110,2509,32147
292.608,112,2509,32150
292.641,114,2509,32151
292.670,113,2510,32153
292.702,112,2510,32158
292.731,115,2509,32151
292.763,113,2510,32153
292.793,114,2510,32159
292.822,116,2509,32148
292.854,118,2510,32160
292.883,116,2510,32161
292.915,118,2510,32160
292.944,118,2510,32163
292.977,119,2510,32162
293.006,121,2510,32159
293.038,120,2510,32161
293.067,118,2510,32154
293.100,118,2510,32163
293.129,118,2510,32159
293.161,117,2510,32164
293.190,118,2510,32157
293.223,118,2510,32160
293.251,120,2510,32165
293.284,119,2511,32166
293.313,118,2510,32162
293.346,121,2509,32151
293.374,119,2510,32156
293.407,117,2511,32167
293.436,118,2510,32158
293.468,118,2510,32162
293.497,120,2510,32162
293.530,118,2510,32157
293.558,119,2510,32165
293.591,119,2510,32154
293.620,118,2510,32163
293.653,119,2510,32153
293.681,120,2509,32152
293.714,118,2510,32158
293.743,116,2510,32163
293.776,117,2510,32157
293.804,115,2510,32156
293.837,116,2510,32155
293.866,116,2510,32160
293.898,118,2510,32163
293.927,119,2510,32162
293.961,118,2510,32160
293.989,118,2510,32159
294.021,115,2510,32157
294.050,117,2510,32160
294.083,119,2510,32159
294.112,121,2510,32158
294.144,118,2510,32156
294.173,117,2510,32157
294.206,117,2510,32156
294.235,117,2510,32159
294.267,119,2509,32152
294.296,117,2510,32158
294.329,118,2510,32161
294.358,119,2510,32163
294.390,119,2510,32157
294.419,117,2510,32159
294.451,118,2510,32162
294.480,116,2510,32156
294.513,116,2509,32152
294.542,120,2510,32161
294.574,118,2510,32161
294.603,118,2510,32158
294.636,117,2510,32153
294.665,120,2510,32157
294.697,117,2510,32156
294.727,121,2510,32160
294.759,119,2510,32159
294.788,118,2510,32157
294.820,119,2510,32153
294.849,119,2510,32156
294.882,119,2510,32159
294.911,117,2510,32155
294.943,118,2510,32157
294.972,115,2510,32160
295.004,117,2510,32160
295.033,118,2509,32148
295.066,115,2509,32146
295.094,114,2509,32152
295.127,110,2509,32143
295.156,112,2508,32135
295.189,112,2509,32141
295.218,107,2508,32132
295.250,110,2508,32129
295.279,108,2507,32114
295.312,109,2507,32121
295.341,107,2507,32119
295.373,107,2506,32101
295.402,105,2506,32105
295.435,103,2505,32096
295.463,105,2505,32090
295.492,104,2504,32087
295.525,104,2503,32071
295.554,98,2504,32076
295.586,102,2503,32067
295.615,102,2503,32064
295.648,101,2502,32056
295.676,98,2501,32048
295.709,99,2501,32045
295.738,95,2500,32036
295.771,97,2500,32029
295.799,96,2500,32027
295.832,94,2499,32017
295.861,95,2498,32011
295.893,96,2497,31998
295.923,93,2497,31997
295.955,94,2497,31997
295.984,94,2498,32008
296.016,94,2499,32021
296.046,97,2500,32033
296.077,98,2500,32037
296.107,98,2502,32055
296.139,99,2503,32071
296.168,105,2506,32102
296.200,103,2506,32111
296.230,106,2508,32135
296.262,109,2509,32145
296.291,110,2510,32153
296.323,112,2510,32159
296.352,118,2510,32159
296.385,118,2510,32165
296.414,120,2511,32169
296.446,122,2511,32167
296.475,126,2511,32168
296.507,128,2511,32172
296.537,132,2511,32171
296.569,134,2512,32181
296.598,137,2512,32179
296.630,138,2512,32185
296.660,141,2512,32186
296.692,145,2512,32189
296.721,150,2513,32193
296.753,152,2513,32192
296.783,157,2513,32196
296.815,159,2513,32197
296.844,158,2513,32195
296.876,165,2513,32199
296.906,168,2513,32194
296.938,170,2513,32194
296.967,174,2513,32203
296.999,174,2513,32203
297.028,175,2514,32207
297.060,176,2514,32205
297.089,179,2514,32206
297.122,179,2514,32210
297.151,183,2513,32201
297.183,182,2514,32210
297.212,186,2514,32211
297.245,185,2514,32207
297.274,186,2514,32204
297.306,184,2514,32208
297.335,188,2514,32212
297.368,184,2514,32205
297.397,186,2514,32208
297.430,183,2514,32213
297.458,188,2514,32209
297.491,188,2514,32208
297.523,188,2514,32215
297.552,190,2514,32210
297.585,194,2514,32211
297.614,194,2513,32200
297.646,195,2514,32212
297.675,198,2514,32213
297.708,200,2514,32207
299.309,199,2514,32208
299.338,194,2514,32210
299.371,196,2513,32199
299.399,193,2514,32208
299.432,190,2514,32204
299.461,190,2514,32206
299.493,187,2514,32206
299.526,185,2513,32196
299.555,186,2514,32205
299.587,182,2514,32205
299.617,181,2513,32194
299.649,176,2513,32203
299.678,172,2513,32199
299.711,168,2513,32197
299.740,162,2513,32195
299.772,162,2513,32199
299.801,156,2512,32184
299.834,151,2512,32181
299.863,148,2511,32178
299.895,142,2512,32179
299.924,140,2511,32178
299.957,134,2511,32175
299.985,134,2511,32169
300.018,129,2511,32171
300.047,128,2511,32169
300.080,123,2510,32164
300.109,123,2511,32166
300.141,122,2510,32165
300.170,120,2510,32160
300.202,118,2510,32154
300.231,116,2510,32159
300.264,114,2510,32155
300.293,113,2509,32147
300.325,114,2510,32155
300.354,113,2510,32153
300.387,114,2509,32151
300.415,112,2509,32143
300.448,110,2509,32144
300.477,108,2509,32141
300.510,112,2508,32131
300.539,113,2508,32135
300.571,112,2508,32134
300.600,112,2507,32124
300.633,111,2508,32131
300.661,111,2508,32135
300.694,111,2508,32130
300.723,111,2508,32130
300.755,109,2508,32129
300.784,109,2508,32129
300.816,109,2507,32126
300.846,108,2507,32117
300.878,110,2507,32120
300.907,104,2507,32117
300.939,107,2507,32119
300.968,106,2506,32108
301.001,106,2506,32106
301.030,106,2505,32099
301.062,106,2505,32101
301.092,107,2505,32094
301.124,107,2505,32093
301.153,108,2505,32092
301.185,108,2505,32097
301.214,108,2504,32084
301.247,107,2504,32085
301.276,106,2505,32092
301.308,105,2505,32101
301.337,104,2505,32097
301.369,105,2505,32095
301.398,105,2504,32088
301.427,103,2505,32090
301.460,102,2503,32069
301.488,102,2502,32061
301.521,102,2502,32054
301.550,103,2502,32052
301.583,102,2502,32051
301.611,98,2501,32043
301.644,98,2500,32033
301.673,101,2499,32021
301.705,97,2499,32017
301.734,93,2499,32013
301.766,93,2498,32005
301.795,92,2498,32003
301.828,96,2497,31997
301.857,93,2498,32000
301.890,91,2497,31998
301.919,94,2497,31997
301.951,92,2497,31994
301.980,94,2497,31992
302.012,95,2496,31985
302.042,92,2496,31982
302.074,93,2496,31985
302.104,94,2496,31979
302.136,92,2496,31985
302.164,96,2496,31981
302.197,94,2496,31982
302.226,92,2496,31978
302.258,95,2496,31977
302.288,92,2496,31979
302.317,92,2495,31970
302.349,96,2495,31968
302.377,93,2495,31972
302.410,89,2495,31969
302.439,92,2495,31971
302.471,92,2495,31967
302.500,92,2494,31960
302.533,90,2495,31970
302.562,91,2495,31970
302.595,92,2495,31966
302.623,92,2495,31966
302.656,89,2495,31966
302.685,88,2495,31968
302.717,90,2495,31966
302.747,90,2495,31965
302.779,86,2495,31964
302.808,91,2494,31958
302.840,88,2495,31963
302.869,85,2495,31962
302.901,84,2494,31958
302.931,86,2494,31954
302.963,85,2494,31955
302.992,87,2494,31953
303.024,87,2494,31953
303.053,86,2494,31949
303.086,87,2493,31945
303.115,84,2493,31940
303.147,86,2493,31941
303.176,88,2493,31939
303.209,84,2492,31934
303.237,85,2492,31927
303.270,83,2491,31916
303.299,85,2490,31903
303.328,82,2488,31882
303.361,82,2488,31873
303.389,80,2487,31865
303.422,82,2486,31853
303.450,81,2486,31846
303.483,79,2485,31839
303.512,76,2484,31821
303.545,79,2482,31804
303.573,78,2481,31788
303.606,77,2481,31784
303.635,76,2480,31779
303.668,75,2481,31782
303.696,77,2480,31780
303.729,75,2481,31782
303.758,75,2481,31784
303.790,75,2481,31784
303.819,77,2480,31780
303.852,73,2481,31785
303.880,76,2480,31779
303.913,73,2480,31777
303.942,76,2480,31781
303.974,72,2481,31782
304.003,77,2481,31787
304.036,74,2481,31785
304.064,81,2481,31781
304.097,78,2480,31778
304.126,78,2480,31780
304.158,76,2480,31772
304.188,75,2480,31775
304.216,77,2480,31773
304.249,75,2479,31764
304.278,74,2479,31759
304.311,77,2479,31764
304.340,75,2479,31764
304.373,77,2479,31756
304.401,73,2477,31737
304.434,75,2476,31721
304.462,71,2476,31717
304.495,75,2475,31716
304.524,72,2476,31717
304.556,74,2475,31715
304.586,75,2475,31710
304.618,70,2475,31711
304.646,71,2475,31713
304.679,72,2475,31714
304.708,73,2475,31708
304.741,70,2474,31692
304.770,71,2472,31666
304.802,70,2472,31675
304.831,70,2473,31685
304.860,69,2473,31684
304.892,68,2471,31665
304.921,68,2470,31648
304.954,67,2471,31657
304.983,69,2471,31653
305.015,66,2471,31658
305.045,70,2472,31667
305.077,69,2471,31663
305.105,68,2471,31659
305.138,69,2471,31655
305.167,69,2470,31648
305.199,68,2470,31651
305.228,71,2470,31645
305.261,69,2470,31644
305.290,68,2470,31649
305.322,71,2470,31649
305.352,70,2470,31647
305.383,68,2470,31644
305.413,67,2470,31646
305.445,66,2469,31636
305.474,65,2470,31643
305.506,68,2469,31629
305.535,67,2468,31616
305.567,69,2467,31607
305.597,68,2467,31608
305.629,70,2467,31606
305.658,70,2467,31609
305.687,71,2468,31617
305.720,70,2468,31622
305.749,71,2469,31639
305.782,72,2470,31643
305.810,72,2470,31650
305.843,70,2471,31655
305.871,70,2472,31666
305.904,72,2472,31666
305.933,70,2471,31660
305.965,73,2471,31659
305.994,72,2470,31648
306.027,72,2471,31657
306.056,74,2470,31649
306.088,69,2470,31641
306.117,71,2470,31650
306.149,71,2470,31647
306.178,73,2470,31645
306.211,70,2470,31651
306.239,69,2470,31652
306.272,69,2470,31647
306.301,72,2470,31648
306.333,72,2470,31644
306.363,72,2470,31643
306.395,72,2470,31641
306.424,72,2469,31635
306.456,69,2469,31632
306.486,71,2467,31614
306.518,69,2466,31592
306.547,70,2465,31583
306.579,73,2466,31599
306.608,71,2466,31590
306.638,70,2466,31593
306.670,70,2466,31596
306.699,77,2466,31598
306.731,71,2468,31616
306.761,73,2469,31631
306.793,73,2470,31647
306.821,71,2470,31648
306.854,73,2470,31649
306.883,71,2470,31652
306.916,71,2469,31638
306.944,69,2467,31612
306.977,70,2464,31572
307.006,71,2463,31561
307.038,71,2467,31605
307.067,71,2470,31640
307.100,70,2471,31660
307.128,70,2473,31688
307.161,71,2474,31701
307.190,72,2474,31696
307.222,71,2471,31664
307.251,73,2470,31649
307.284,70,2470,31651
307.312,69,2470,31647
307.345,69,2470,31649
307.374,70,2470,31648
307.407,71,2471,31658
307.435,72,2471,31658
307.468,73,2472,31666
307.497,74,2471,31657
307.526,75,2470,31649
307.558,72,2470,31647
307.587,71,2468,31619
307.620,71,2465,31580
307.648,70,2461,31526
307.681,67,2459,31509
307.710,67,2460,31516
307.743,70,2460,31513
307.771,67,2460,31518
307.804,69,2460,31520
307.833,70,2460,31521
307.866,68,2461,31527
307.894,63,2460,31521
307.927,65,2460,31517
307.956,67,2460,31518
307.988,66,2459,31511
308.017,68,2457,31480
308.050,67,2456,31462
308.079,70,2456,31463
308.111,66,2455,31454
308.140,66,2455,31459
308.173,66,2454,31447
308.201,66,2454,31446
308.234,66,2452,31422
308.263,64,2452,31412
308.295,66,2450,31392
308.324,65,2446,31342
308.357,62,2443,31306
308.386,66,2440,31257
308.418,62,2436,31208
308.447,60,2435,31199
308.480,63,2435,31197
308.509,61,2434,31191
308.541,62,2434,31190
308.570,58,2431,31152
308.602,61,2430,31130
308.631,59,2431,31144
308.664,60,2431,31146
308.693,61,2431,31151
308.725,59,2431,31144
308.754,61,2428,31106
308.783,59,2423,31048
308.816,58,2419,30993
308.844,60,2416,30957
308.877,58,2415,30947
308.906,59,2416,30957
308.939,58,2418,30974
308.967,61,2419,30996
309.000,60,2416,30950
309.029,60,2415,30940
309.061,59,2414,30935
309.090,58,2414,30935
309.123,58,2414,30929
309.152,60,2411,30896
309.184,58,2410,30877
309.213,55,2409,30860
309.246,57,2406,30832
309.275,59,2405,30818
309.307,61,2406,30823
309.336,57,2405,30819
309.369,58,2403,30791
309.397,58,2403,30789
309.430,58,2403,30784
309.459,61,2400,30754
309.491,59,2400,30749
309.520,59,2399,30731
309.553,61,2399,30733
309.582,61,2398,30719
309.614,57,2395,30692
309.643,58,2396,30694
309.676,60,2393,30656
309.704,58,2389,30607
309.737,58,2382,30513
309.766,58,2380,30500
309.798,57,2380,30490
309.828,57,2380,30490
309.860,56,2380,30488
309.889,58,2378,30464
309.922,55,2379,30481
309.951,58,2379,30477
309.983,57,2380,30488
310.013,56,2381,30500
310.044,58,2380,30500
310.074,60,2380,30496
310.106,56,2380,30488
310.136,58,2380,30488
310.163,57,2380,30493
310.197,56,2380,30495
310.225,57,2379,30481
310.258,59,2378,30474
310.287,57,2377,30453
310.319,57,2372,30390
310.348,57,2365,30305
310.381,57,2366,30320
310.410,56,2369,30351
310.442,59,2367,30321
310.471,54,2365,30302
310.504,56,2364,30282
310.533,56,2360,30236
310.565,53,2358,30210
310.593,54,2351,30122
310.626,56,2341,29999
310.655,56,2340,29983
310.688,56,2336,29929
310.716,53,2335,29919
310.749,56,2339,29973
310.778,54,2343,30016
310.811,55,2349,30099
310.840,53,2349,30093
310.872,56,2349,30092
310.901,53,2349,30094
310.933,53,2346,30063
310.963,54,2350,30110
310.995,54,2352,30131
311.024,53,2344,30029
311.056,53,2337,29945
311.085,53,2340,29980
311.118,53,2338,29958
311.147,51,2336,29926
311.179,54,2336,29932
311.208,54,2335,29918
311.240,52,2335,29923
311.270,53,2335,29917
311.302,52,2334,29905
311.331,55,2335,29919
311.360,54,2341,29987
311.392,54,2345,30051
311.422,51,2350,30114
311.454,53,2355,30168
311.483,53,2358,30208
311.515,55,2360,30235
311.544,55,2359,30224
311.577,54,2353,30144
311.606,56,2349,30098
311.638,54,2340,29977
311.667,52,2335,29922
311.699,52,2336,29927
311.729,52,2336,29924
311.762,54,2340,29978
311.791,53,2350,30112
311.823,54,2350,30114
311.852,55,2354,30158
311.885,54,2355,30172
311.913,56,2355,30173
311.946,53,2359,30219
311.974,53,2360,30240
312.007,54,2363,30277
312.036,55,2368,30334
312.068,56,2374,30416
312.097,57,2380,30490
312.130,57,2387,30589
312.158,55,2396,30694
312.191,58,2399,30732
312.220,57,2400,30750
312.252,56,2405,30811
312.282,57,2410,30881
312.314,59,2415,30942
312.343,57,2416,30951
312.375,57,2417,30970
312.404,61,2420,31000
312.436,60,2422,31029
312.465,60,2424,31059
312.498,59,2427,31094
312.527,57,2429,31120
312.556,60,2430,31133
312.588,60,2430,31136
312.617,62,2431,31141
312.650,60,2431,31144
312.679,61,2430,31140
312.711,62,2427,31098
312.741,60,2426,31082
312.773,60,2426,31085
312.802,60,2428,31113
312.834,60,2427,31092
312.863,62,2426,31085
312.895,60,2427,31089
312.924,62,2426,31079
312.957,61,2426,31084
312.985,61,2428,31114
313.018,61,2430,31132
313.047,59,2430,31138
313.080,61,2433,31171
313.109,60,2434,31188
313.142,60,2435,31196
313.170,59,2435,31197
313.203,62,2435,31196
313.231,61,2435,31196
313.264,60,2435,31193
313.294,60,2433,31176
313.325,63,2431,31141
313.355,60,2430,31139
313.387,61,2429,31127
313.416,62,2430,31136
313.448,61,2429,31124
313.477,62,2430,31138
313.509,62,2431,31152
313.539,61,2434,31191
313.571,64,2435,31196
313.600,64,2438,31230
313.633,64,2442,31293
313.662,65,2446,31341
313.694,65,2452,31420
313.723,68,2455,31455
313.755,65,2456,31465
313.785,67,2456,31468
313.813,66,2455,31459
313.846,65,2455,31458
313.875,65,2454,31447
313.908,66,2455,31448
313.937,67,2455,31460
313.969,66,2456,31462
313.998,70,2455,31458
314.031,65,2454,31448
314.060,63,2452,31418
314.092,69,2448,31369
314.121,70,2446,31345
314.153,69,2446,31335
314.182,65,2445,31324
314.215,66,2443,31296
314.244,66,2440,31258
314.276,64,2436,31206
314.305,66,2435,31198
314.337,65,2434,31185
314.366,63,2428,31107
314.399,63,2415,30940
314.428,64,2405,30814
314.460,63,2399,30738
314.489,59,2390,30618
314.522,61,2380,30494
314.550,62,2375,30431
314.583,59,2364,30284
314.612,58,2358,30210
314.645,59,2351,30116
314.673,58,2350,30111
314.706,55,2348,30080
314.735,59,2348,30087
314.767,58,2347,30076
314.797,56,2350,30107
314.829,53,2353,30152
314.858,55,2352,30128
314.890,51,2357,30199
314.919,52,2355,30177
314.951,53,2347,30067
314.981,52,2341,29999
315.013,54,2342,30008
315.043,53,2341,29995
315.070,53,2340,29979
315.103,53,2343,30016
315.132,53,2345,30047
315.164,53,2342,30004
315.193,51,2341,29997
315.226,52,2335,29916
315.254,52,2326,29802
315.288,53,2321,29736
315.316,53,2317,29687
315.349,52,2316,29667
315.378,53,2315,29660
315.411,51,2314,29652
315.439,52,2315,29658
315.472,52,2316,29672
315.500,51,2319,29710
315.533,54,2320,29721
315.562,52,2330,29851
315.595,53,2336,29928
315.624,54,2348,30088
315.656,57,2359,30229
315.685,55,2363,30274
315.718,53,2371,30375
315.747,55,2365,30301
315.779,55,2361,30246
315.808,54,2364,30284
315.840,54,2366,30313
315.869,52,2364,30292
315.902,52,2363,30269
315.931,54,2365,30306
315.963,52,2365,30306
315.992,55,2363,30280
316.025,54,2365,30306
316.054,54,2365,30304
316.087,53,2361,30256
316.115,54,2361,30251
316.148,55,2360,30238
316.177,53,2363,30281
316.209,53,2365,30297
316.238,55,2361,30247
316.270,55,2364,30293
316.299,55,2361,30256
316.331,56,2357,30202
316.361,55,2351,30117
316.390,57,2340,29987
316.423,53,2335,29913
316.451,57,2333,29887
316.483,52,2331,29872
316.512,54,2325,29794
316.545,53,2327,29810
316.574,53,2326,29799
316.607,55,2323,29769
316.636,52,2323,29758
316.668,54,2320,29727
316.697,54,2316,29675
316.729,53,2319,29709
316.759,55,2317,29686
316.791,53,2321,29731
316.820,51,2316,29672
316.853,53,2315,29654
316.882,54,2314,29648
316.914,51,2311,29611
316.943,52,2301,29483
316.976,52,2301,29482
317.004,51,2307,29556
317.037,52,2309,29588
317.065,51,2310,29594
317.098,50,2311,29607
317.127,50,2311,29608
317.159,50,2312,29616
317.188,52,2310,29600
317.221,52,2310,29602
317.250,49,2312,29628
317.282,52,2312,29626
317.311,51,2310,29601
317.343,51,2310,29600
317.372,52,2315,29658
317.405,51,2315,29664
317.433,52,2322,29752
317.466,53,2325,29791
317.495,51,2326,29802
317.527,54,2325,29794
317.557,54,2325,29790
317.589,53,2326,29805
317.619,54,2350,30105
317.650,53,2340,29987
317.680,53,2336,29925
317.709,52,2335,29916
317.742,53,2341,29992
317.770,54,2350,30111
317.803,55,2352,30138
317.831,53,2360,30232
317.864,57,2366,30317
317.893,57,2376,30445
317.926,56,2376,30437
317.954,56,2376,30446
317.987,58,2378,30472
318.016,56,2376,30442
318.048,57,2372,30391
318.077,57,2369,30357
318.110,58,2370,30361
318.138,56,2372,30391
318.172,58,2376,30443
318.200,62,2380,30490
318.232,57,2382,30513
318.262,58,2385,30552
318.294,55,2381,30511
318.323,58,2382,30516
318.356,58,2384,30550
318.384,59,2391,30631
318.417,58,2400,30749
318.445,57,2405,30820
318.478,59,2414,30933
318.507,60,2416,30958
318.539,61,2421,31014
318.568,60,2424,31055
318.601,61,2426,31086
318.630,60,2427,31101
318.662,61,2429,31123
318.691,61,2431,31140
318.724,61,2431,31147
318.753,62,2433,31171
318.785,61,2433,31178
318.814,59,2434,31184
318.846,62,2435,31196
318.877,63,2435,31198
318.905,62,2435,31200
318.937,60,2435,31200
318.966,64,2435,31198
318.999,63,2435,31197
319.027,62,2435,31203
319.060,62,2436,31217
319.089,61,2440,31264
319.122,62,2444,31307
319.151,62,2445,31332
319.183,66,2447,31355
319.212,65,2452,31422
319.244,67,2455,31458
319.273,63,2456,31461
319.306,64,2456,31468
319.335,65,2457,31484
319.367,65,2457,31482
319.396,63,2457,31477
319.429,64,2457,31482
319.457,65,2458,31487
319.490,65,2458,31496
319.519,61,2459,31506
319.551,66,2460,31518
319.580,62,2459,31511
319.612,64,2460,31522
319.641,63,2461,31537
319.674,68,2466,31592
319.703,70,2469,31631
319.735,70,2471,31657
319.764,71,2475,31705
319.797,73,2477,31730
319.826,74,2480,31769
319.858,73,2480,31776
319.887,78,2480,31777
319.919,74,2480,31779
319.948,76,2480,31778
319.981,77,2481,31783
320.010,75,2481,31788
320.042,77,2481,31791
320.072,77,2483,31814
320.100,77,2485,31834
320.133,81,2485,31844
320.161,80,2486,31846
320.195,82,2486,31854
320.224,80,2487,31865
320.256,81,2488,31871
320.285,83,2489,31886
320.317,84,2489,31886
320.347,82,2489,31890
320.379,84,2488,31880
320.408,83,2487,31865
320.440,80,2486,31847
320.469,80,2486,31848
320.502,77,2485,31836
320.530,77,2483,31808
320.563,75,2480,31776
320.592,75,2480,31773
320.625,73,2477,31735
320.653,73,2473,31688
320.686,68,2470,31651
320.715,68,2469,31631
320.747,66,2466,31599
320.777,65,2465,31578
320.809,66,2462,31545
320.838,64,2461,31525
320.870,67,2460,31521
320.899,65,2460,31522
320.932,66,2460,31524
320.961,66,2462,31542
320.990,67,2464,31571
321.022,66,2465,31589
321.051,67,2466,31591
321.083,64,2466,31600
321.112,66,2466,31598
321.145,67,2464,31571
321.174,66,2461,31530
321.206,64,2460,31519
321.235,69,2459,31503
321.268,66,2457,31479
321.297,64,2457,31485
321.329,67,2460,31513
321.358,64,2460,31525
321.391,66,2466,31593
321.420,69,2470,31645
321.452,70,2471,31664
321.480,71,2475,31706
321.513,72,2476,31725
321.542,74,2478,31750
321.575,73,2480,31771
321.604,75,2480,31771
321.636,73,2480,31772
321.665,75,2480,31775
321.697,77,2480,31774
321.727,75,2480,31779
321.759,76,2481,31786
321.788,76,2481,31792
321.820,76,2482,31803
321.849,77,2484,31825
321.878,79,2486,31847
321.910,79,2486,31851
321.939,81,2488,31875
321.972,81,2490,31901
322.001,86,2491,31915
322.034,83,2491,31921
322.062,87,2493,31943
322.095,87,2493,31946
322.124,86,2494,31955
322.156,85,2494,31957
322.185,85,2494,31959
322.218,88,2495,31967
322.247,91,2495,31967
322.279,91,2495,31973
322.309,91,2495,31969
322.341,89,2496,31974
322.369,90,2496,31974
322.402,92,2495,31972
322.431,93,2496,31974
322.463,92,2496,31975
322.492,90,2496,31975
322.525,89,2495,31972
322.555,93,2496,31979
322.586,93,2496,31981
322.615,93,2496,31982
322.648,94,2497,31990
322.677,92,2497,31996
322.709,93,2497,31999
322.738,94,2498,32008
322.770,95,2499,32013
322.800,92,2499,32019
322.832,93,2499,32023
322.861,94,2500,32026
322.890,96,2499,32024
322.923,94,2500,32033
322.952,96,2500,32029
322.984,97,2500,32029
323.012,99,2500,32035
323.045,100,2500,32033
323.074,100,2500,32034
323.106,96,2500,32036
323.135,99,2501,32039
323.168,95,2501,32042
323.196,96,2501,32038
323.229,101,2501,32046
323.258,101,2502,32060
323.291,102,2503,32063
323.319,104,2503,32073
323.352,107,2503,32075
323.381,108,2505,32090
323.413,106,2505,32090
323.442,105,2504,32087
323.475,105,2505,32091
323.504,108,2505,32089
323.536,105,2505,32091
323.565,108,2505,32092
323.598,108,2505,32093
323.627,108,2505,32094
323.659,105,2504,32088
323.688,105,2504,32087
323.721,103,2504,32080
323.749,109,2504,32078
323.782,104,2504,32077
323.811,103,2503,32074
323.843,103,2503,32071
323.872,105,2503,32071
323.905,104,2503,32068
323.934,106,2502,32061
323.966,102,2503,32069
323.995,103,2503,32063
324.027,102,2502,32054
324.057,101,2501,32047
324.089,100,2502,32050
324.118,100,2501,32042
324.151,101,2501,32047
324.179,100,2501,32040
324.208,102,2501,32040
324.241,98,2501,32044
324.269,97,2501,32045
324.302,98,2501,32041
324.331,95,2501,32040
324.364,99,2501,32040
324.392,97,2500,32035
324.425,98,2500,32036
324.454,100,2500,32033
324.487,99,2500,32030
324.515,98,2499,32024
324.548,96,2498,32011
324.577,96,2497,31999
324.609,92,2497,31989
324.638,89,2496,31976
324.671,90,2495,31971
324.700,89,2495,31965
324.732,89,2495,31967
324.761,88,2494,31959
324.794,87,2494,31950
324.823,87,2493,31941
324.855,85,2492,31931
324.884,87,2491,31914
324.917,83,2491,31909
324.945,85,2489,31893
324.978,84,2487,31863
325.007,84,2486,31850
325.039,82,2485,31842
325.068,81,2484,31828
325.097,77,2483,31816
325.130,76,2481,31790
325.159,77,2481,31786
325.191,75,2480,31781
325.220,75,2480,31779
325.253,78,2480,31774
325.281,76,2480,31771
325.314,70,2478,31752
325.343,71,2476,31722
325.375,72,2475,31711
325.404,72,2473,31685
325.437,71,2471,31662
325.466,72,2470,31652
325.498,68,2470,31651
325.527,68,2470,31648
325.559,68,2468,31623
325.588,67,2467,31614
325.621,64,2466,31592
325.650,68,2464,31566
325.682,65,2462,31544
325.711,66,2461,31537
325.744,61,2461,31534
325.773,62,2461,31530
325.805,62,2460,31523
325.835,65,2460,31522
325.864,61,2460,31514
325.896,63,2456,31473
325.925,67,2455,31453
325.957,64,2451,31397
325.986,66,2447,31349
326.019,67,2446,31336
326.047,65,2445,31323
326.080,64,2445,31321
326.109,62,2444,31309
326.142,64,2443,31302
326.171,62,2440,31264
326.204,66,2436,31209
326.232,62,2435,31201
326.264,61,2435,31197
326.293,60,2435,31196
326.326,62,2432,31156
326.354,61,2431,31148
326.387,60,2432,31157
326.416,64,2432,31163
326.449,63,2434,31180
326.478,62,2434,31186
326.511,61,2433,31178
326.539,60,2433,31177
326.572,59,2433,31167
326.601,63,2431,31147
326.633,62,2430,31139
326.662,62,2429,31117
326.694,60,2425,31076
326.723,62,2424,31060
326.756,63,2422,31031
326.785,63,2422,31025
326.817,61,2423,31041
326.847,62,2424,31052
326.879,61,2424,31056
326.908,62,2423,31046
326.940,60,2421,31019
326.970,62,2419,30991
327.002,66,2416,30956
327.030,61,2415,30942
327.063,63,2412,30897
327.093,61,2405,30818
327.121,62,2400,30753
327.153,61,2400,30748
327.182,59,2400,30747
327.215,59,2398,30727
327.244,62,2395,30688
327.277,61,2391,30635
327.305,59,2390,30622
327.338,61,2387,30580
327.367,59,2382,30513
327.400,56,2378,30469
327.428,57,2376,30437
327.461,58,2375,30426
327.490,56,2371,30380
327.522,59,2371,30383
327.551,58,2367,30331
327.584,59,2367,30333
327.612,57,2371,30372
327.645,59,2372,30388
327.674,59,2368,30346
327.706,54,2365,30299
327.735,58,2360,30238
327.768,58,2360,30236
327.797,57,2360,30237
327.829,56,2363,30281
327.858,56,2367,30325
327.891,59,2369,30350
327.920,56,2365,30305
327.952,56,2364,30286
327.981,56,2362,30259
328.013,53,2360,30237
328.043,56,2359,30226
328.075,56,2355,30168
328.105,56,2354,30159
328.136,55,2357,30201
328.166,54,2360,30233
328.197,55,2360,30235
328.226,55,2357,30196
328.259,56,2351,30122
328.289,57,2350,30109
328.317,58,2343,30018
328.350,55,2340,29984
328.378,53,2335,29911
328.411,52,2324,29772
328.440,55,2316,29669
328.472,52,2315,29662
328.501,53,2314,29648
328.533,52,2310,29598
328.562,55,2307,29558
328.595,55,2302,29491
328.624,54,2300,29470
328.656,52,2299,29458
328.685,54,2295,29407
328.718,52,2292,29365
328.747,51,2294,29395
328.780,52,2300,29468
328.808,53,2301,29486
328.841,50,2300,29474
328.870,50,2301,29482
328.903,52,2299,29461
328.931,50,2299,29460
328.964,52,2302,29500
328.993,51,2311,29606
329.025,53,2319,29709
329.054,54,2331,29869
329.087,52,2330,29858
329.116,53,2335,29913
329.148,55,2335,29919
329.177,52,2335,29923
329.209,54,2338,29951
329.238,54,2336,29924
329.271,55,2326,29801
329.300,55,2320,29728
329.332,56,2315,29665
329.361,52,2318,29702
329.393,49,2315,29663
329.423,53,2316,29675
329.455,51,2328,29831
329.484,52,2334,29899
329.516,51,2335,29915
329.546,50,2335,29920
329.574,50,2336,29933
329.607,54,2339,29962
329.636,50,2340,29983
329.669,52,2344,30027
329.697,51,2344,30037
329.730,52,2344,30026
329.759,54,2339,29967
329.791,52,2336,29931
329.820,53,2334,29908
329.853,54,2321,29742
329.881,54,2311,29609
329.914,50,2305,29526
329.943,52,2300,29472
329.976,51,2297,29429
330.005,50,2295,29407
330.037,50,2291,29357
330.066,51,2290,29344
330.098,51,2293,29377
330.127,51,2294,29390
330.160,50,2296,29416
330.189,53,2296,29420
330.221,50,2299,29456
330.251,52,2299,29451
330.283,50,2295,29402
330.312,50,2294,29395
330.344,50,2297,29432
330.373,51,2301,29479
330.405,50,2305,29534
330.434,50,2301,29476
330.467,52,2300,29466
330.496,52,2300,29464
330.528,53,2301,29480
330.557,49,2306,29550
330.590,48,2305,29538
330.619,51,2310,29597
330.651,51,2312,29619
330.680,49,2315,29659
330.712,49,2311,29613
330.741,51,2310,29600
330.773,50,2307,29564
330.802,51,2305,29529
330.835,50,2307,29552
330.864,50,2306,29540
330.896,52,2315,29660
330.926,52,2327,29808
330.958,54,2336,29926
330.987,53,2340,29977
331.016,56,2350,30110
331.049,55,2358,30218
331.078,54,2353,30153
331.111,53,2357,30194
331.140,53,2364,30293
331.172,54,2375,30423
331.201,57,2376,30444
331.233,54,2376,30446
331.262,55,2375,30432
331.294,55,2375,30432
331.323,55,2380,30488
331.356,56,2377,30456
331.385,55,2361,30250
331.418,57,2361,30244
331.446,56,2360,30237
331.478,55,2351,30121
331.507,57,2338,29952
331.540,52,2355,30173
331.569,55,2360,30242
331.602,54,2361,30244
331.630,59,2371,30372
331.663,59,2383,30528
331.692,57,2390,30624
331.724,57,2400,30751
331.754,58,2411,30895
331.786,59,2417,30968
331.815,64,2431,31143
331.847,62,2436,31213
331.876,64,2453,31424
331.909,66,2459,31512
331.938,66,2461,31526
331.970,63,2461,31527
331.999,61,2460,31524
332.032,62,2461,31527
332.060,62,2461,31529
332.093,65,2465,31581
332.122,65,2470,31642
332.150,66,2470,31652
332.184,68,2474,31697
332.212,71,2476,31722
332.245,70,2477,31739
332.273,73,2479,31767
332.307,71,2480,31772
332.335,73,2480,31779
332.368,76,2480,31780
332.396,74,2481,31794
332.429,78,2484,31829
332.458,79,2486,31849
332.490,80,2488,31878
332.519,82,2491,31914
332.552,82,2493,31946
332.581,85,2494,31953
332.614,88,2495,31969
332.642,90,2496,31974
332.674,95,2497,31990
332.703,97,2500,32030
332.736,100,2501,32045
332.765,107,2505,32092
332.797,110,2508,32128
332.826,113,2509,32143
332.859,118,2510,32164
332.888,121,2511,32168
332.920,126,2511,32174
332.949,132,2512,32182
332.981,139,2512,32186
333.010,147,2513,32196
333.043,162,2514,32208
333.072,180,2514,32213
