t_s,gap_mm,hall_mV,adc16
0.029,320,2510,32160
0.059,327,2510,32162
0.091,325,2509,32152
0.121,322,2510,32159
0.153,327,2510,32161
0.182,331,2510,32161
0.214,330,2510,32164
0.243,333,2510,32163
0.276,336,2510,32157
0.305,342,2510,32154
0.337,329,2509,32148
0.369,332,2510,32158
0.399,346,2510,32154
0.431,336,2510,32153
0.460,346,2510,32158
0.493,345,2509,32150
0.522,339,2510,32153
0.554,339,2509,32145
0.583,345,2509,32141
0.616,347,2509,32140
0.645,345,2508,32130
0.677,349,2507,32125
0.706,344,2507,32120
0.739,352,2508,32127
0.771,349,2507,32121
0.801,349,2507,32120
0.832,350,2506,32111
0.862,349,2506,32107
0.894,352,2506,32104
0.923,354,2505,32099
0.956,352,2505,32091
0.985,348,2505,32090
1.017,353,2504,32086
1.046,352,2503,32075
1.079,353,2504,32086
1.108,358,2503,32075
1.141,358,2503,32069
1.173,352,2503,32072
1.201,359,2503,32068
1.234,353,2503,32067
1.263,360,2503,32064
1.295,361,2502,32057
1.324,356,2503,32069
1.357,357,2502,32060
1.386,354,2502,32052
1.419,353,2503,32064
1.447,347,2502,32059
1.481,364,2502,32058
1.509,356,2502,32055
1.542,355,2502,32055
1.574,366,2502,32050
1.603,357,2502,32050
1.635,355,2502,32056
1.665,361,2502,32053
1.697,358,2501,32044
1.726,354,2501,32040
1.759,361,2500,32036
1.787,358,2501,32041
1.820,359,2501,32037
1.849,354,2500,32032
1.881,362,2500,32030
1.914,360,2500,32034
1.943,363,2500,32034
1.975,361,2500,32030
2.005,364,2500,32025
2.037,364,2499,32018
2.066,362,2499,32016
2.098,364,2498,32005
2.127,360,2498,32002
2.160,362,2497,31996
2.188,367,2496,31986
2.221,370,2496,31975
2.250,364,2496,31973
2.282,374,2496,31975
2.315,359,2496,31973
2.344,366,2495,31971
2.377,364,2495,31973
2.406,362,2495,31971
2.438,363,2495,31970
2.467,362,2495,31966
2.500,374,2495,31967
2.529,364,2495,31964
2.561,366,2495,31965
2.590,363,2495,31965
2.623,374,2495,31961
2.652,364,2495,31966
2.684,368,2495,31963
2.717,374,2495,31962
2.747,371,2494,31959
2.779,371,2494,31957
2.808,372,2494,31955
2.839,371,2494,31951
2.868,376,2493,31938
2.901,375,2492,31928
2.930,376,2491,31909
2.963,369,2489,31892
2.991,376,2489,31886
3.024,376,2487,31870
3.053,367,2486,31853
3.085,369,2486,31846
3.118,372,2485,31838
3.147,373,2485,31838
3.179,377,2485,31833
3.208,376,2484,31821
3.241,377,2482,31805
3.270,376,2482,31801
3.303,385,2481,31783
3.332,378,2480,31781
3.365,377,2480,31780
3.393,376,2480,31781
3.426,376,2480,31775
3.458,373,2480,31771
3.487,376,2480,31774
3.519,380,2479,31762
3.549,374,2479,31762
3.581,391,2478,31749
3.610,381,2477,31734
3.643,373,2475,31708
3.672,380,2475,31707
3.705,388,2474,31701
3.733,375,2473,31683
3.766,373,2470,31652
3.794,379,2470,31648
3.827,382,2470,31640
3.859,385,2470,31643
3.889,384,2470,31645
3.921,381,2470,31644
3.950,378,2469,31634
3.983,380,2468,31619
4.012,387,2467,31607
4.044,386,2466,31595
4.073,382,2464,31571
4.105,384,2462,31544
4.134,386,2461,31531
4.167,383,2460,31518
4.196,383,2460,31517
4.228,384,2459,31511
4.261,377,2459,31507
4.290,380,2457,31486
4.322,382,2455,31457
4.351,380,2454,31438
4.384,391,2454,31445
4.412,384,2452,31416
4.445,377,2453,31427
4.474,374,2449,31379
4.507,379,2447,31353
4.535,384,2446,31337
4.568,387,2445,31331
4.598,384,2445,31330
4.630,382,2445,31328
4.662,384,2444,31317
4.691,387,2444,31307
4.724,384,2440,31267
4.753,388,2436,31217
4.785,387,2435,31200
4.815,382,2435,31197
4.847,382,2434,31191
4.876,381,2431,31145
4.909,387,2430,31130
4.937,380,2428,31106
4.970,383,2425,31066
5.002,391,2422,31035
5.032,389,2421,31014
5.064,384,2420,31011
5.092,383,2420,31008
5.126,389,2420,31011
5.154,388,2421,31024
5.187,389,2422,31031
5.215,387,2421,31024
5.248,385,2421,31022
5.277,392,2420,31012
5.310,397,2421,31015
5.338,379,2420,31005
5.372,383,2419,30996
5.403,385,2419,30993
5.433,387,2418,30974
5.465,392,2416,30953
5.495,384,2416,30953
5.527,391,2415,30945
5.556,386,2415,30941
5.588,388,2415,30939
5.617,383,2413,30922
5.650,395,2411,30893
5.679,379,2410,30875
5.711,384,2411,30887
5.740,395,2410,30877
5.773,396,2410,30872
5.805,385,2406,30826
5.834,392,2406,30822
5.866,395,2405,30813
5.896,387,2404,30804
5.928,395,2403,30793
5.957,389,2401,30765
5.990,396,2401,30759
6.019,388,2400,30753
6.051,385,2400,30750
6.080,395,2400,30751
6.112,395,2400,30745
6.141,384,2400,30746
6.174,388,2399,30738
6.206,395,2398,30719
6.235,393,2395,30690
6.268,386,2391,30640
6.297,386,2389,30611
6.329,393,2385,30555
6.358,391,2383,30532
6.391,395,2382,30519
6.419,391,2380,30498
6.452,395,2380,30492
6.481,386,2379,30485
6.514,397,2379,30475
6.542,396,2377,30454
6.575,393,2374,30422
6.608,385,2371,30379
6.636,395,2366,30312
6.669,386,2364,30285
6.698,396,2360,30242
6.731,397,2360,30234
6.759,399,2360,30238
6.792,391,2360,30237
6.821,389,2360,30235
6.854,389,2359,30225
6.882,392,2358,30214
6.915,392,2357,30197
6.943,386,2355,30179
6.976,393,2353,30147
7.009,395,2351,30118
7.038,388,2350,30103
7.070,389,2346,30052
7.099,393,2342,30000
7.132,392,2340,29980
7.161,399,2336,29932
7.193,398,2335,29919
7.222,399,2335,29915
7.255,394,2335,29917
7.284,391,2335,29920
7.316,389,2335,29918
7.345,388,2335,29913
7.378,383,2327,29818
7.410,386,2323,29760
7.439,387,2315,29663
7.472,389,2315,29660
7.501,391,2313,29638
7.533,391,2310,29601
7.562,392,2309,29586
7.595,391,2308,29572
7.624,389,2306,29546
7.656,397,2300,29471
7.685,395,2298,29448
7.718,399,2289,29327
7.746,386,2287,29298
7.779,400,2291,29348
7.812,398,2299,29450
7.841,405,2300,29470
7.873,396,2300,29467
7.902,391,2300,29468
7.935,395,2298,29438
7.964,390,2296,29414
7.996,396,2296,29412
8.025,387,2295,29405
8.058,391,2292,29370
8.086,396,2290,29344
8.119,394,2290,29335
8.152,397,2289,29331
8.181,392,2289,29331
8.213,407,2289,29321
8.242,392,2286,29285
8.275,401,2279,29196
8.304,393,2261,28970
8.336,395,2240,28694
8.366,398,2228,28549
8.398,397,2229,28564
8.427,395,2232,28600
8.459,395,2238,28674
8.488,394,2241,28707
8.521,386,2245,28765
8.550,390,2244,28748
8.583,394,2240,28697
8.615,395,2239,28689
8.644,397,2232,28598
8.677,392,2226,28524
8.706,400,2220,28444
8.738,391,2220,28444
8.766,398,2216,28396
8.799,401,2214,28368
8.828,400,2212,28343
8.860,395,2214,28367
8.889,396,2214,28366
8.922,395,2214,28373
8.954,395,2217,28405
8.983,401,2217,28405
9.016,394,2218,28418
9.045,396,2218,28415
9.077,396,2219,28429
9.106,391,2219,28428
9.139,394,2219,28436
9.168,393,2220,28439
9.200,403,2220,28440
9.229,393,2220,28441
9.262,403,2220,28442
9.290,399,2220,28443
9.323,410,2220,28440
9.356,394,2220,28441
9.385,398,2220,28440
9.417,396,2220,28444
9.446,403,2220,28444
9.479,407,2220,28442
9.508,392,2220,28445
9.541,397,2222,28464
9.569,400,2232,28594
9.602,398,2240,28697
9.631,395,2242,28726
9.664,395,2253,28865
9.693,398,2255,28898
9.726,391,2258,28934
9.757,394,2260,28954
9.787,393,2261,28966
9.819,394,2269,29073
9.848,397,2273,29116
9.880,402,2275,29146
9.909,382,2275,29153
9.942,393,2278,29181
9.971,395,2282,29234
10.004,402,2286,29283
10.033,406,2294,29396
10.066,394,2297,29424
10.097,396,2300,29467
10.127,392,2301,29476
10.159,401,2302,29496
10.188,388,2304,29519
10.220,398,2306,29546
10.249,394,2309,29583
10.282,399,2310,29596
10.311,403,2314,29645
10.344,402,2315,29664
10.372,393,2318,29693
10.405,398,2324,29776
10.434,401,2333,29896
10.466,396,2336,29926
10.499,393,2340,29983
10.529,396,2346,30053
10.560,399,2350,30114
10.589,387,2356,30182
10.622,396,2360,30236
10.651,390,2361,30253
10.684,388,2364,30291
10.712,391,2367,30331
10.745,397,2374,30418
10.774,387,2379,30476
10.807,394,2380,30493
10.836,391,2381,30509
10.868,397,2387,30577
10.897,389,2390,30618
10.930,398,2393,30654
10.961,395,2396,30696
10.991,388,2399,30732
11.023,389,2400,30750
11.052,393,2400,30749
11.084,386,2401,30756
11.113,398,2403,30791
11.146,379,2405,30811
11.175,398,2405,30818
11.207,392,2408,30848
11.236,385,2413,30919
11.269,396,2415,30939
11.301,393,2415,30936
11.331,390,2416,30949
11.363,389,2418,30981
11.392,392,2420,31007
11.425,388,2421,31017
11.454,391,2422,31037
11.486,392,2426,31089
11.515,389,2428,31110
11.548,398,2430,31136
11.576,387,2430,31140
11.610,388,2431,31147
11.638,399,2434,31182
11.671,385,2435,31196
11.703,392,2435,31195
11.732,386,2435,31197
11.764,389,2435,31198
11.794,382,2436,31209
11.826,389,2436,31217
11.855,382,2437,31226
11.888,387,2438,31233
11.917,395,2438,31242
11.949,391,2438,31242
11.978,400,2439,31250
12.012,392,2442,31283
12.040,387,2444,31309
12.072,388,2445,31324
12.104,387,2444,31312
12.134,396,2439,31248
12.166,394,2435,31203
12.195,388,2435,31195
12.227,389,2430,31138
12.256,382,2427,31092
12.289,395,2419,30996
12.318,392,2415,30941
12.351,385,2413,30913
12.379,387,2407,30833
12.412,389,2404,30804
12.441,393,2401,30757
12.474,389,2400,30745
12.506,395,2394,30671
12.535,394,2388,30596
12.567,388,2380,30495
12.597,398,2376,30445
12.629,393,2370,30362
12.658,392,2364,30284
12.691,387,2360,30236
12.720,391,2356,30183
12.752,386,2349,30094
12.781,397,2341,29992
12.814,392,2335,29918
12.842,393,2334,29904
12.875,384,2332,29879
12.907,393,2327,29812
12.936,399,2325,29792
12.969,400,2322,29750
12.998,396,2318,29703
13.031,398,2316,29667
13.059,399,2315,29657
13.092,399,2314,29646
13.121,398,2312,29625
13.153,396,2311,29606
13.182,398,2308,29575
13.215,396,2304,29524
13.243,397,2300,29471
13.276,399,2300,29463
13.308,398,2299,29452
13.337,399,2296,29422
13.370,399,2295,29403
13.399,397,2291,29359
13.431,397,2290,29342
13.460,393,2286,29295
13.493,396,2285,29282
13.522,403,2285,29274
13.555,389,2285,29282
13.583,391,2285,29272
13.616,403,2285,29273
13.646,397,2285,29281
13.678,395,2287,29297
13.710,399,2292,29361
13.739,403,2296,29412
13.772,391,2300,29465
13.801,397,2303,29507
13.833,395,2310,29593
13.862,396,2313,29640
13.895,401,2316,29668
13.923,388,2323,29758
13.956,391,2327,29809
13.985,395,2335,29913
14.018,388,2340,29980
14.047,393,2349,30090
14.079,386,2351,30117
14.112,390,2357,30195
14.140,405,2360,30237
14.173,394,2363,30281
14.202,395,2366,30314
14.234,388,2375,30429
14.263,395,2380,30497
14.296,384,2389,30606
14.325,393,2393,30655
14.358,396,2398,30725
14.386,395,2400,30745
14.419,396,2401,30762
14.448,388,2404,30800
14.481,394,2406,30822
14.513,391,2407,30837
14.543,397,2410,30872
14.574,391,2411,30896
14.604,395,2411,30885
14.636,389,2405,30814
14.665,387,2399,30737
14.698,397,2389,30610
14.726,398,2380,30493
14.759,389,2366,30318
14.788,389,2357,30199
14.820,389,2338,29959
14.849,391,2334,29907
14.882,395,2326,29805
14.914,391,2317,29681
14.944,399,2312,29627
14.976,399,2307,29564
15.005,393,2300,29471
15.037,394,2300,29464
15.066,395,2296,29415
15.099,403,2294,29385
15.128,395,2290,29346
15.160,402,2284,29264
15.189,395,2278,29183
15.222,393,2276,29157
15.250,402,2275,29149
15.284,393,2275,29147
15.315,397,2275,29145
15.345,391,2274,29138
15.377,396,2274,29131
15.406,390,2274,29130
15.439,397,2270,29088
15.468,397,2268,29056
15.500,400,2259,28937
15.529,406,2255,28893
15.561,397,2253,28869
15.590,402,2244,28751
15.623,398,2243,28743
15.651,398,2244,28753
15.684,398,2244,28751
15.717,406,2242,28727
15.746,401,2241,28708
15.779,398,2242,28723
15.807,398,2241,28716
15.840,399,2241,28710
15.869,399,2240,28703
15.902,398,2241,28708
15.931,395,2244,28750
15.963,394,2247,28793
15.992,391,2247,28787
16.025,394,2245,28764
16.054,395,2246,28771
16.086,398,2245,28768
16.118,404,2241,28715
16.148,392,2241,28707
16.180,396,2240,28702
16.209,395,2240,28700
16.241,398,2240,28699
16.270,401,2240,28703
16.303,395,2240,28702
16.332,395,2240,28701
16.365,403,2239,28692
16.393,410,2238,28678
16.426,396,2236,28645
16.455,398,2230,28573
16.488,396,2226,28517
16.520,394,2222,28469
16.549,399,2220,28448
16.581,394,2220,28443
16.611,391,2218,28423
16.643,404,2214,28368
16.672,418,2206,28270
16.704,388,2202,28217
16.733,398,2200,28187
16.767,394,2199,28174
16.795,393,2198,28163
16.827,400,2194,28116
16.857,397,2190,28056
16.889,397,2185,27995
16.921,401,2183,27964
16.951,400,2182,27956
16.983,404,2178,27900
17.013,403,2177,27890
17.045,397,2177,27891
17.074,403,2178,27899
17.106,393,2176,27874
17.135,401,2175,27871
17.167,393,2175,27865
17.196,405,2175,27865
17.229,400,2175,27866
17.257,398,2175,27863
17.290,394,2173,27843
17.323,398,2172,27828
17.352,400,2171,27818
17.384,405,2174,27857
17.413,395,2175,27864
17.446,399,2177,27891
17.475,404,2177,27896
17.507,404,2178,27899
17.536,403,2177,27891
17.569,388,2183,27971
17.597,404,2190,28054
17.631,398,2189,28052
17.659,403,2186,28010
17.692,399,2182,27959
17.724,395,2182,27960
17.753,404,2181,27942
17.785,397,2179,27923
17.814,400,2180,27937
17.847,395,2182,27951
17.876,405,2180,27936
17.908,393,2179,27918
17.937,397,2178,27907
17.970,397,2177,27893
17.999,399,2179,27920
18.032,401,2176,27880
18.061,396,2175,27873
18.093,407,2175,27872
18.125,396,2179,27915
18.155,407,2184,27979
18.187,395,2190,28054
18.216,397,2194,28116
18.248,394,2200,28190
18.277,403,2204,28240
18.310,407,2210,28318
18.339,396,2216,28390
18.372,403,2221,28455
18.400,404,2231,28585
18.434,402,2239,28681
18.462,396,2240,28699
18.495,396,2246,28782
18.527,405,2254,28876
18.556,400,2255,28887
18.589,401,2256,28905
18.618,398,2260,28959
18.650,400,2269,29068
18.679,407,2275,29147
18.711,392,2276,29155
18.740,405,2279,29204
18.773,396,2285,29273
18.802,392,2286,29284
18.834,398,2291,29352
18.863,400,2300,29466
18.897,404,2300,29471
18.928,394,2302,29489
18.957,395,2309,29579
18.990,400,2311,29603
19.019,389,2314,29651
19.051,401,2315,29660
19.080,392,2315,29659
19.113,394,2315,29660
19.142,392,2316,29669
19.174,393,2321,29737
19.203,403,2323,29758
19.236,395,2323,29767
19.264,394,2325,29787
19.298,388,2327,29809
19.329,399,2332,29879
19.359,390,2335,29915
19.391,391,2335,29922
19.421,394,2339,29970
19.453,393,2339,29972
19.481,391,2341,29994
19.514,385,2349,30102
19.542,401,2351,30127
19.575,389,2353,30152
19.604,396,2355,30177
19.637,397,2360,30234
19.666,392,2360,30237
19.698,392,2360,30234
19.731,390,2361,30249
19.760,392,2362,30259
19.792,394,2366,30320
19.822,399,2377,30450
19.854,386,2380,30490
19.883,398,2380,30499
19.916,397,2383,30537
19.944,396,2386,30568
19.977,399,2387,30588
20.006,392,2388,30600
20.038,397,2390,30620
20.067,396,2390,30625
20.100,399,2391,30633
20.132,386,2393,30658
20.161,397,2396,30704
20.194,392,2398,30718
20.223,393,2398,30726
20.255,392,2398,30725
20.284,393,2396,30694
20.317,389,2392,30649
20.346,395,2390,30625
20.379,397,2389,30602
20.407,394,2383,30532
20.440,399,2380,30495
20.469,393,2379,30483
20.501,395,2375,30435
20.534,393,2369,30358
20.563,395,2365,30302
20.595,397,2360,30242
20.625,397,2358,30213
20.657,396,2350,30111
20.686,391,2341,29993
20.718,391,2335,29923
20.748,393,2335,29913
20.780,395,2334,29905
20.809,401,2332,29878
20.842,396,2329,29839
20.871,393,2325,29783
20.903,392,2317,29685
20.932,394,2315,29661
20.965,397,2313,29636
20.997,390,2308,29574
21.026,386,2300,29474
21.058,397,2297,29434
21.087,394,2290,29338
21.120,395,2284,29269
21.149,397,2278,29189
21.182,396,2275,29146
21.210,395,2263,28991
21.243,396,2255,28888
21.271,399,2251,28845
21.304,397,2248,28802
21.333,403,2246,28777
21.366,402,2245,28769
21.398,400,2244,28751
21.428,398,2241,28708
21.460,398,2240,28698
21.489,399,2236,28646
21.521,401,2234,28624
21.550,395,2233,28606
21.583,403,2231,28581
21.611,400,2230,28571
21.644,407,2230,28570
21.673,405,2230,28566
21.706,404,2224,28496
21.734,397,2220,28441
21.767,391,2211,28322
21.799,399,2205,28250
21.828,403,2205,28257
21.861,406,2205,28256
21.890,396,2206,28259
21.923,392,2208,28284
21.952,403,2210,28317
21.984,401,2216,28393
22.013,399,2221,28462
22.046,410,2228,28546
22.075,403,2233,28612
22.107,402,2247,28788
22.136,396,2260,28956
22.168,394,2267,29046
22.200,394,2269,29070
22.230,393,2270,29078
22.262,401,2269,29065
22.291,395,2269,29074
22.324,392,2274,29134
22.352,405,2275,29147
22.385,398,2275,29148
22.414,391,2275,29151
22.447,397,2277,29174
22.475,402,2285,29277
22.508,391,2288,29315
22.537,399,2290,29338
22.570,399,2296,29416
22.602,392,2302,29490
22.631,394,2310,29594
22.663,385,2312,29622
22.692,402,2315,29661
22.725,398,2321,29741
22.754,399,2325,29789
22.786,389,2328,29827
22.815,396,2331,29869
22.848,397,2333,29892
22.877,399,2335,29913
22.910,400,2335,29919
22.938,390,2336,29934
22.971,396,2342,30005
23.003,396,2347,30069
23.032,399,2350,30110
23.065,389,2352,30135
23.094,385,2356,30185
23.126,389,2360,30233
23.155,392,2361,30245
23.188,395,2365,30300
23.217,387,2371,30384
23.249,394,2377,30459
23.278,394,2380,30492
23.311,382,2381,30512
23.340,402,2384,30548
23.372,398,2387,30581
23.405,396,2389,30614
23.434,394,2391,30629
23.466,400,2392,30641
23.495,394,2394,30678
23.528,389,2397,30708
23.557,393,2400,30744
23.589,393,2400,30749
23.618,385,2400,30754
23.651,392,2401,30757
23.679,397,2402,30779
23.712,391,2405,30814
23.741,385,2406,30827
23.774,395,2407,30842
23.806,389,2411,30894
23.835,395,2414,30932
23.868,393,2415,30943
23.896,386,2415,30944
23.929,383,2417,30973
23.958,397,2421,31021
23.991,397,2427,31095
24.019,381,2430,31130
24.052,392,2431,31152
24.081,384,2434,31180
24.114,394,2435,31192
24.142,384,2435,31195
24.175,390,2435,31197
24.208,399,2435,31198
24.237,392,2435,31197
24.269,398,2435,31200
24.298,390,2436,31206
24.331,392,2437,31227
24.359,378,2439,31244
24.392,387,2441,31270
24.421,391,2443,31304
24.453,391,2444,31308
24.482,385,2444,31319
24.515,390,2445,31327
24.544,389,2446,31333
24.576,393,2448,31368
24.605,386,2449,31383
24.638,382,2451,31401
24.670,387,2452,31418
24.699,388,2453,31432
24.732,387,2454,31445
24.761,384,2454,31443
24.793,397,2455,31452
24.822,382,2456,31461
24.855,385,2456,31465
24.884,379,2458,31488
24.917,385,2459,31504
24.946,393,2460,31512
24.978,379,2460,31513
25.007,373,2460,31519
25.040,381,2460,31524
25.072,389,2461,31525
25.102,386,2462,31540
25.133,382,2462,31541
25.163,387,2463,31553
25.195,389,2464,31574
25.224,386,2466,31593
25.257,389,2467,31603
25.286,380,2468,31615
25.318,382,2468,31618
25.347,390,2469,31632
25.380,382,2469,31634
25.408,391,2469,31640
25.441,389,2470,31648
25.473,383,2470,31649
25.503,383,2470,31653
25.535,375,2470,31649
25.564,384,2471,31653
25.596,380,2471,31656
25.626,380,2470,31644
25.658,382,2471,31662
25.687,386,2472,31666
25.720,387,2472,31669
25.748,386,2471,31657
25.781,388,2473,31679
25.810,381,2473,31680
25.843,388,2473,31681
25.875,385,2473,31689
25.904,384,2474,31692
25.936,379,2474,31701
25.965,389,2475,31708
25.998,380,2475,31704
26.027,382,2475,31716
26.059,374,2476,31721
26.088,377,2477,31732
26.121,378,2477,31734
26.150,383,2478,31747
26.182,375,2479,31757
26.211,377,2479,31762
26.244,384,2480,31772
26.276,377,2480,31772
26.305,380,2480,31774
26.338,387,2480,31776
26.367,376,2480,31773
26.399,378,2480,31779
26.429,376,2480,31776
26.461,381,2480,31778
26.490,375,2481,31781
26.523,380,2481,31787
26.551,382,2481,31794
26.584,378,2482,31798
26.612,377,2482,31798
26.645,392,2482,31800
26.677,375,2482,31803
26.706,380,2483,31809
26.739,376,2483,31811
26.768,381,2483,31815
26.800,379,2483,31819
26.829,382,2484,31823
26.862,387,2484,31827
26.891,379,2484,31827
26.924,378,2484,31831
26.952,375,2485,31834
26.985,371,2485,31838
27.015,374,2485,31840
27.047,378,2485,31841
27.076,385,2485,31842
27.108,380,2486,31848
27.140,374,2485,31844
27.169,379,2486,31849
27.202,383,2486,31857
27.231,382,2487,31858
27.263,379,2488,31871
27.293,377,2488,31879
27.325,373,2488,31883
27.354,373,2488,31879
27.387,377,2489,31892
27.415,373,2489,31889
27.448,370,2490,31899
27.480,374,2491,31916
27.510,377,2491,31911
27.542,379,2491,31909
27.571,371,2490,31908
27.604,372,2491,31920
27.632,377,2491,31917
27.665,376,2491,31914
27.694,378,2491,31921
27.726,378,2491,31915
27.755,374,2491,31920
27.788,373,2492,31923
27.817,377,2491,31916
27.850,367,2491,31918
27.879,379,2491,31914
27.911,369,2491,31920
27.943,381,2490,31907
27.973,375,2490,31904
28.005,372,2489,31894
28.034,377,2489,31892
28.066,379,2488,31878
28.095,376,2487,31862
28.128,380,2487,31861
28.157,371,2486,31855
28.189,378,2485,31842
28.218,385,2485,31837
28.251,380,2485,31838
28.279,371,2484,31832
28.312,377,2483,31818
28.345,375,2482,31801
28.374,383,2481,31788
28.406,381,2480,31778
28.435,381,2480,31775
28.468,381,2479,31768
28.497,385,2478,31744
28.530,381,2475,31714
28.558,386,2474,31698
28.591,388,2472,31669
28.619,380,2470,31652
28.652,390,2469,31639
28.682,387,2469,31628
28.714,383,2466,31599
28.746,382,2465,31577
28.776,383,2462,31546
28.807,382,2461,31530
28.837,384,2460,31517
28.869,389,2460,31518
28.898,385,2459,31512
28.930,392,2458,31494
28.959,384,2455,31454
28.992,391,2455,31448
29.021,396,2450,31396
29.053,393,2446,31334
29.082,388,2444,31315
29.115,390,2439,31254
29.148,389,2436,31214
29.177,392,2435,31201
29.209,387,2435,31198
29.238,380,2435,31197
29.271,397,2434,31180
29.299,391,2431,31143
29.332,387,2429,31125
29.361,384,2425,31074
29.394,393,2420,31009
29.422,390,2416,30949
29.455,400,2414,30928
29.484,390,2408,30849
29.517,389,2401,30759
29.549,390,2400,30755
29.578,400,2396,30696
29.611,390,2391,30639
29.639,387,2390,30615
29.672,395,2389,30603
29.701,391,2385,30555
29.733,387,2380,30498
29.763,397,2380,30491
29.795,400,2379,30475
29.824,390,2375,30435
29.856,400,2369,30347
29.886,397,2365,30303
29.918,391,2362,30260
29.947,399,2360,30242
29.979,395,2360,30240
30.012,397,2360,30237
30.041,398,2360,30236
30.073,398,2359,30224
30.102,396,2356,30186
30.135,395,2352,30138
30.163,405,2351,30116
30.196,391,2350,30107
30.225,396,2349,30095
30.258,400,2347,30076
30.287,394,2343,30025
30.320,397,2340,29982
30.348,401,2338,29952
30.381,401,2336,29923
30.413,397,2335,29914
30.443,385,2333,29887
30.475,400,2329,29835
30.504,398,2325,29793
30.536,399,2321,29739
30.565,395,2317,29686
30.598,392,2315,29662
30.627,404,2315,29660
30.659,397,2314,29654
30.688,397,2312,29623
30.721,404,2311,29610
30.753,399,2311,29603
30.782,394,2310,29593
30.815,390,2309,29578
30.844,396,2307,29556
30.876,402,2303,29500
30.905,398,2300,29473
30.938,398,2299,29455
30.967,393,2289,29332
30.999,394,2278,29187
31.028,395,2275,29145
31.061,396,2274,29137
31.089,396,2272,29104
31.122,406,2269,29075
31.150,402,2264,29012
31.183,400,2259,28947
31.216,390,2256,28900
31.245,397,2255,28898
31.277,396,2255,28891
31.306,398,2250,28833
31.339,395,2244,28747
31.368,403,2240,28698
31.400,404,2236,28645
31.429,400,2228,28542
31.462,395,2220,28445
31.491,402,2217,28406
31.524,402,2210,28315
31.552,403,2205,28254
31.585,396,2204,28234
31.617,397,2201,28197
31.646,404,2200,28184
31.679,398,2200,28187
31.708,393,2199,28177
31.740,395,2197,28145
31.769,392,2198,28159
31.802,395,2198,28159
31.831,398,2193,28094
31.863,398,2190,28065
31.892,392,2188,28036
31.925,388,2182,27951
31.953,405,2180,27933
31.986,397,2179,27919
32.018,401,2177,27897
32.048,398,2175,27870
32.080,397,2174,27860
32.109,400,2174,27851
32.141,402,2169,27796
32.170,400,2165,27738
32.203,407,2164,27722
32.232,405,2161,27686
32.265,408,2160,27672
32.293,399,2159,27666
32.326,400,2157,27632
32.355,411,2155,27610
32.388,407,2155,27609
32.420,388,2155,27607
32.449,392,2153,27590
32.481,402,2150,27552
32.510,402,2150,27543
32.543,402,2150,27549
32.572,400,2149,27534
32.604,403,2147,27512
32.633,402,2146,27495
32.666,395,2145,27476
32.695,400,2143,27462
32.727,398,2143,27452
32.756,407,2140,27420
32.789,396,2141,27427
32.821,410,2141,27428
32.850,400,2141,27425
32.883,395,2140,27422
32.912,398,2140,27421
32.944,406,2140,27420
32.973,401,2140,27419
33.006,393,2140,27424
33.035,406,2141,27426
33.067,395,2141,27426
33.096,402,2141,27426
33.129,401,2140,27420
33.158,398,2139,27411
33.190,403,2139,27411
33.223,396,2140,27422
33.252,407,2140,27420
33.284,393,2139,27404
33.313,400,2139,27406
33.346,404,2140,27418
33.375,397,2139,27411
33.407,399,2139,27408
33.436,410,2139,27400
33.469,405,2139,27401
33.497,399,2139,27409
33.530,400,2139,27405
33.559,403,2139,27400
33.592,397,2139,27401
33.624,399,2140,27413
33.653,408,2141,27434
33.686,393,2140,27420
33.715,405,2139,27407
33.747,397,2140,27418
33.776,398,2140,27421
33.809,405,2140,27417
33.838,406,2138,27398
33.871,410,2140,27417
33.899,409,2140,27422
33.932,402,2140,27417
33.960,395,2140,27418
33.994,395,2140,27419
34.026,400,2142,27439
34.055,399,2146,27490
34.087,396,2147,27504
34.116,399,2147,27510
34.149,399,2149,27535
34.178,407,2150,27546
34.210,398,2151,27558
34.239,393,2152,27575
34.272,401,2151,27554
34.300,395,2151,27554
34.333,398,2154,27594
34.362,403,2155,27613
34.395,407,2155,27608
34.427,397,2153,27590
34.456,401,2155,27614
34.489,392,2159,27666
34.518,404,2160,27672
34.550,409,2160,27676
34.579,391,2164,27721
34.612,392,2169,27791
34.641,395,2174,27857
34.673,401,2178,27901
34.702,390,2181,27943
34.735,397,2187,28021
34.764,412,2192,28087
34.796,403,2199,28170
34.829,396,2200,28187
34.858,389,2205,28252
34.890,405,2215,28385
34.919,399,2223,28485
34.951,400,2228,28548
34.980,402,2234,28629
35.013,397,2239,28692
35.042,399,2240,28703
35.075,401,2244,28756
35.104,394,2255,28891
35.136,395,2270,29082
35.164,394,2273,29126
35.197,395,2275,29149
35.230,395,2280,29212
35.259,399,2284,29267
35.291,391,2288,29314
35.320,399,2296,29423
35.353,391,2303,29510
35.382,397,2312,29618
35.414,395,2315,29662
35.444,408,2321,29743
35.476,400,2325,29792
35.505,401,2334,29902
35.537,395,2335,29919
35.566,402,2336,29928
35.599,398,2343,30024
35.631,391,2354,30160
35.660,398,2360,30235
35.693,393,2361,30250
35.721,393,2366,30309
35.754,388,2374,30419
35.783,390,2379,30479
35.816,392,2380,30490
35.845,383,2381,30504
35.877,399,2389,30607
35.906,388,2394,30668
35.939,400,2398,30721
35.968,393,2400,30750
36.000,386,2400,30753
36.032,389,2403,30784
36.062,396,2405,30808
36.094,390,2405,30813
36.124,391,2406,30832
36.156,396,2410,30882
36.185,385,2414,30934
36.217,384,2415,30941
36.246,380,2416,30959
36.279,393,2422,31027
36.307,383,2428,31108
36.340,389,2431,31143
36.369,373,2433,31178
36.402,393,2435,31196
36.430,394,2435,31202
36.463,384,2436,31205
36.495,387,2436,31211
36.525,383,2440,31258
36.557,387,2444,31311
36.586,386,2445,31325
36.618,388,2447,31348
36.648,389,2450,31392
36.680,388,2453,31429
36.709,392,2455,31451
36.742,387,2456,31461
36.771,391,2457,31484
36.804,386,2459,31506
36.832,380,2460,31515
36.865,389,2460,31517
36.897,395,2460,31520
36.926,392,2460,31523
36.958,385,2462,31538
36.987,380,2463,31551
37.020,385,2464,31568
37.049,381,2466,31594
37.081,382,2468,31625
37.110,386,2469,31636
37.143,388,2469,31640
37.172,383,2470,31647
37.204,380,2471,31658
37.233,386,2472,31667
37.266,378,2472,31668
37.298,387,2471,31662
37.327,381,2472,31667
37.360,375,2470,31652
37.389,387,2469,31639
37.421,392,2464,31573
37.451,378,2460,31516
37.483,391,2457,31480
37.512,385,2450,31390
37.545,381,2442,31287
37.573,386,2435,31200
37.606,390,2432,31162
37.635,385,2420,31003
37.668,396,2409,30870
37.699,388,2400,30752
37.729,393,2390,30626
37.761,396,2379,30475
37.791,393,2366,30316
37.822,398,2360,30236
37.851,396,2347,30075
37.884,394,2334,29908
37.913,392,2316,29671
37.945,389,2307,29561
37.974,398,2299,29452
38.007,389,2286,29284
38.036,394,2282,29243
38.069,397,2276,29158
38.101,405,2275,29145
38.130,400,2275,29142
38.162,393,2269,29065
38.191,392,2259,28948
38.224,407,2255,28895
38.253,395,2251,28838
38.285,393,2244,28757
38.314,401,2242,28723
38.347,399,2240,28706
38.376,394,2240,28703
38.408,392,2240,28700
38.437,395,2240,28704
38.470,403,2240,28695
38.502,394,2240,28699
38.531,393,2239,28693
38.564,396,2239,28690
38.593,400,2239,28683
38.625,393,2238,28669
38.654,399,2236,28654
38.687,400,2234,28623
38.716,395,2231,28587
38.748,401,2230,28568
38.777,393,2228,28551
38.810,384,2229,28556
38.838,392,2230,28565
38.871,402,2229,28553
38.904,393,2228,28552
38.933,399,2228,28540
38.965,397,2228,28549
38.994,388,2229,28564
39.027,401,2230,28575
39.055,401,2230,28577
39.088,394,2230,28576
39.117,399,2230,28574
39.150,401,2232,28596
39.178,396,2232,28600
39.211,392,2236,28642
39.240,393,2237,28655
39.273,399,2237,28657
39.305,397,2237,28661
39.334,400,2238,28677
39.367,390,2238,28678
39.395,398,2240,28695
39.428,403,2240,28696
39.457,397,2240,28700
39.490,403,2239,28691
39.518,401,2240,28695
39.551,408,2240,28694
39.580,398,2239,28688
39.613,396,2239,28690
39.641,399,2238,28674
39.674,397,2239,28681
39.706,399,2238,28677
39.735,402,2239,28684
39.768,397,2239,28685
39.797,389,2239,28688
39.829,402,2240,28699
39.858,402,2240,28701
39.891,405,2240,28704
39.920,403,2241,28712
39.952,400,2242,28722
39.981,398,2243,28736
40.014,399,2243,28743
40.043,403,2244,28752
40.075,402,2245,28762
40.108,391,2246,28775
40.137,387,2246,28773
40.169,391,2247,28786
40.198,403,2248,28804
40.231,394,2248,28803
40.260,404,2247,28790
40.292,398,2247,28790
40.321,395,2246,28779
40.354,392,2247,28793
40.382,401,2248,28804
40.415,395,2252,28850
40.444,389,2254,28884
40.477,396,2255,28891
40.509,402,2254,28883
40.538,395,2254,28877
40.571,401,2253,28870
40.600,391,2254,28879
40.632,403,2253,28869
40.661,408,2254,28873
40.694,399,2254,28880
40.723,397,2255,28887
40.755,395,2255,28892
40.784,406,2255,28892
40.817,399,2255,28891
40.845,400,2255,28886
40.879,393,2255,28893
40.911,393,2255,28892
40.940,396,2255,28890
40.972,398,2255,28893
41.001,392,2255,28895
41.034,395,2255,28891
41.063,400,2255,28887
41.096,402,2255,28894
41.124,404,2255,28890
41.157,404,2255,28891
41.186,396,2255,28890
41.218,405,2255,28891
41.247,399,2255,28893
41.280,402,2255,28887
41.312,397,2255,28895
41.341,405,2255,28894
41.374,397,2255,28891
41.403,386,2255,28886
41.435,390,2255,28893
41.464,408,2255,28890
41.497,397,2255,28888
41.526,403,2255,28886
41.558,398,2253,28872
41.587,400,2252,28853
41.620,394,2250,28825
41.649,407,2247,28793
41.681,393,2246,28783
41.714,406,2246,28774
41.743,390,2246,28776
41.775,400,2247,28790
41.804,399,2249,28817
41.837,396,2252,28859
41.866,397,2252,28853
41.898,397,2249,28821
41.927,394,2252,28854
41.960,404,2254,28876
41.989,398,2252,28855
42.022,401,2252,28856
42.050,401,2253,28860
42.083,397,2254,28873
42.115,392,2253,28861
42.144,401,2252,28853
42.177,394,2251,28846
42.206,396,2252,28859
42.238,395,2251,28841
42.267,396,2251,28838
42.299,400,2251,28844
42.328,395,2252,28858
42.361,393,2251,28843
42.390,395,2252,28849
42.422,394,2252,28849
42.451,388,2251,28845
42.485,396,2252,28851
42.516,399,2254,28885
42.546,406,2254,28883
42.578,390,2254,28885
42.607,398,2254,28880
42.640,394,2255,28891
42.668,401,2256,28904
42.701,396,2257,28917
42.730,404,2258,28936
42.763,397,2259,28945
42.792,401,2258,28924
42.824,403,2256,28905
42.853,397,2256,28900
42.885,395,2256,28906
42.918,406,2256,28903
42.947,394,2255,28897
42.979,401,2255,28895
43.009,402,2256,28900
43.041,395,2255,28897
43.070,396,2256,28900
43.103,396,2255,28894
43.132,399,2255,28891
43.164,397,2255,28895
43.193,400,2255,28890
43.225,398,2254,28877
43.254,393,2251,28839
43.287,391,2249,28813
43.319,405,2251,28835
43.348,398,2253,28869
43.381,398,2254,28877
43.410,390,2254,28884
43.442,403,2254,28884
43.471,391,2255,28886
43.505,396,2255,28893
43.533,400,2255,28890
43.566,394,2255,28888
43.594,394,2255,28890
43.627,395,2255,28891
43.656,400,2255,28892
43.688,398,2255,28888
43.721,400,2255,28889
43.750,390,2255,28892
43.782,402,2255,28893
43.812,403,2255,28894
43.844,392,2256,28902
43.873,396,2258,28934
43.906,398,2258,28934
43.934,395,2257,28912
43.967,402,2258,28929
43.996,395,2260,28955
44.029,403,2261,28970
44.057,393,2260,28961
44.090,395,2260,28962
44.122,401,2260,28962
44.151,400,2260,28962
44.184,392,2261,28963
44.212,398,2260,28960
44.245,400,2260,28955
44.274,392,2259,28938
44.307,396,2259,28945
44.335,398,2259,28947
44.369,401,2260,28959
44.397,393,2259,28945
44.430,396,2259,28942
44.458,403,2258,28934
44.491,396,2258,28934
44.523,404,2258,28931
44.552,406,2259,28941
44.585,406,2259,28946
44.614,398,2259,28947
44.646,399,2259,28944
44.675,397,2259,28949
44.708,400,2259,28945
44.737,386,2260,28959
44.770,399,2261,28973
44.799,395,2261,28970
44.831,404,2261,28962
44.860,396,2261,28964
44.893,396,2261,28963
44.925,393,2261,28964
44.954,392,2261,28966
44.987,396,2262,28976
45.015,397,2263,28992
45.048,394,2262,28985
45.077,395,2263,28992
45.109,397,2262,28984
45.138,399,2263,28989
45.171,396,2265,29020
45.200,399,2268,29063
45.232,401,2269,29074
45.261,404,2269,29070
45.294,402,2269,29073
45.326,398,2269,29071
45.356,400,2269,29066
45.388,405,2270,29084
45.417,405,2271,29096
45.450,396,2271,29091
45.479,392,2271,29091
45.511,391,2271,29090
45.540,394,2270,29086
45.573,389,2271,29096
45.601,394,2273,29117
45.634,389,2275,29142
45.663,391,2274,29141
45.696,399,2275,29145
45.728,399,2274,29137
45.757,396,2275,29144
45.789,400,2275,29145
45.818,403,2275,29142
45.851,401,2275,29146
45.880,395,2275,29146
45.912,396,2275,29146
45.942,395,2275,29146
45.974,398,2275,29145
46.003,398,2274,29134
46.035,394,2274,29139
46.065,397,2274,29134
46.097,394,2272,29115
46.129,388,2272,29108
46.159,387,2271,29103
46.190,395,2271,29093
46.219,392,2270,29087
46.252,400,2270,29088
46.281,399,2271,29094
46.314,400,2271,29094
46.343,400,2270,29082
46.376,391,2271,29093
46.404,401,2270,29088
46.437,404,2270,29085
46.465,398,2270,29088
46.498,389,2271,29091
46.530,398,2270,29086
46.560,395,2270,29082
46.593,390,2270,29084
46.621,394,2270,29084
46.653,389,2270,29085
46.682,393,2270,29088
46.715,399,2271,29095
46.744,396,2270,29090
46.776,395,2270,29089
46.805,403,2270,29088
46.838,394,2271,29093
46.866,392,2271,29099
46.899,410,2272,29104
46.931,402,2271,29101
46.961,399,2271,29101
46.993,395,2272,29106
47.022,409,2272,29106
47.055,400,2272,29109
47.084,398,2272,29111
47.116,398,2272,29112
47.145,401,2272,29109
47.178,398,2272,29111
47.207,399,2272,29113
47.239,402,2272,29112
47.268,400,2273,29116
47.301,401,2272,29113
47.333,401,2273,29122
47.363,396,2272,29112
47.395,394,2273,29116
47.424,391,2273,29122
47.456,391,2273,29119
47.486,395,2273,29124
47.518,403,2273,29123
47.547,399,2273,29118
47.580,398,2273,29117
47.608,397,2273,29121
47.641,394,2272,29115
47.670,398,2273,29117
47.702,392,2272,29112
47.735,399,2272,29111
47.764,395,2272,29115
47.796,392,2272,29111
47.825,400,2272,29106
47.858,394,2272,29109
47.887,403,2272,29108
47.919,398,2272,29107
47.949,395,2272,29104
47.981,400,2271,29101
48.010,388,2273,29119
48.043,400,2273,29124
48.072,397,2273,29120
48.104,401,2273,29119
48.136,399,2273,29121
48.165,395,2273,29120
48.197,392,2273,29120
48.227,402,2272,29113
48.259,394,2273,29119
48.288,392,2272,29115
48.321,399,2272,29113
48.349,401,2273,29120
48.382,398,2273,29120
48.411,391,2273,29118
48.444,390,2273,29122
48.473,402,2273,29124
48.505,404,2272,29112
48.534,407,2271,29101
48.567,399,2270,29090
48.599,401,2270,29085
48.628,397,2270,29085
48.661,399,2270,29087
48.690,394,2270,29081
48.722,398,2270,29078
48.751,392,2269,29072
48.784,399,2266,29035
48.813,401,2265,29016
48.845,402,2261,28972
48.874,398,2255,28890
48.907,403,2253,28866
48.935,399,2245,28763
48.968,395,2241,28712
49.000,395,2240,28704
49.029,395,2240,28702
49.062,400,2240,28700
49.090,394,2240,28694
49.123,400,2239,28689
49.152,395,2235,28639
49.185,405,2230,28569
49.214,400,2222,28469
49.246,403,2220,28445
49.275,391,2219,28425
49.308,393,2217,28403
49.337,400,2217,28399
49.369,390,2216,28393
49.402,396,2216,28386
49.431,397,2215,28380
49.463,387,2213,28350
49.492,403,2206,28269
49.525,393,2205,28254
49.554,389,2205,28248
49.586,394,2204,28242
49.615,399,2203,28231
49.648,400,2201,28200
49.677,401,2200,28188
49.710,393,2200,28184
49.739,400,2198,28167
49.771,397,2196,28140
49.803,394,2195,28122
49.832,408,2194,28114
49.865,399,2193,28096
49.894,404,2191,28073
49.926,396,2190,28060
49.955,400,2189,28041
49.988,399,2187,28018
50.017,396,2187,28024
50.050,398,2188,28032
50.078,404,2188,28030
50.110,393,2188,28037
50.139,398,2188,28031
50.172,391,2188,28030
50.204,401,2188,28034
50.234,393,2188,28031
50.266,393,2189,28040
50.295,403,2189,28045
50.328,405,2189,28042
50.357,395,2188,28038
50.389,397,2188,28036
50.418,395,2189,28044
50.451,405,2189,28049
50.480,395,2189,28040
50.513,400,2187,28020
50.541,399,2186,28013
50.574,404,2187,28016
50.606,406,2186,28010
50.635,405,2186,28013
50.667,404,2186,28004
50.697,403,2185,27998
50.730,398,2186,28002
50.759,398,2185,27990
50.791,394,2184,27979
50.820,410,2185,27993
50.852,395,2184,27988
50.881,397,2185,27991
50.913,399,2186,28004
50.942,410,2186,28001
50.974,395,2185,27997
51.007,400,2184,27982
51.036,398,2184,27986
51.069,408,2184,27985
51.098,406,2183,27971
51.130,393,2183,27973
51.159,392,2182,27962
51.192,395,2181,27950
51.220,392,2181,27938
51.253,391,2181,27939
51.282,401,2180,27931
51.314,404,2180,27937
51.343,402,2180,27929
51.376,402,2180,27932
51.408,391,2180,27929
51.438,391,2180,27933
51.470,400,2180,27931
51.499,402,2180,27929
51.532,396,2180,27931
51.561,400,2179,27924
51.594,400,2180,27929
51.623,396,2180,27928
51.655,400,2180,27935
51.684,408,2180,27935
51.716,408,2180,27929
51.745,395,2180,27927
51.778,405,2180,27929
51.810,400,2179,27921
51.839,392,2180,27934
51.872,403,2180,27930
51.901,405,2180,27928
51.933,399,2180,27925
51.963,400,2180,27926
51.995,404,2179,27924
52.024,398,2180,27926
52.057,405,2180,27927
52.085,407,2180,27928
52.118,403,2180,27934
52.147,402,2180,27934
52.179,394,2179,27924
52.211,395,2180,27930
52.241,396,2180,27929
52.273,402,2179,27922
52.302,405,2179,27923
52.334,399,2180,27933
52.364,390,2180,27928
52.396,396,2180,27936
52.425,395,2180,27934
52.458,397,2180,27926
52.486,400,2180,27933
52.519,396,2180,27935
52.548,385,2181,27938
52.581,400,2180,27935
52.613,399,2181,27940
52.642,398,2180,27936
52.674,405,2180,27930
52.703,398,2180,27934
52.736,394,2180,27933
52.765,395,2180,27930
52.798,396,2181,27942
52.827,390,2180,27936
52.859,397,2180,27937
52.888,391,2180,27930
52.921,398,2180,27937
52.950,401,2180,27936
52.982,388,2181,27949
53.014,399,2182,27959
53.044,393,2181,27940
53.076,398,2181,27941
53.105,390,2181,27938
53.138,395,2181,27938
53.166,412,2180,27934
53.199,399,2181,27938
53.228,406,2180,27932
53.260,404,2180,27932
53.290,395,2180,27931
53.322,392,2179,27921
53.351,409,2179,27922
53.384,400,2179,27919
53.416,402,2179,27917
53.445,406,2179,27915
53.477,399,2179,27916
53.506,404,2178,27911
53.538,398,2178,27900
53.567,401,2178,27911
53.600,402,2179,27915
53.629,398,2179,27915
53.662,402,2179,27920
53.691,402,2178,27907
53.724,396,2178,27906
53.752,397,2178,27911
53.785,392,2178,27911
53.818,393,2178,27909
53.847,404,2179,27916
53.878,398,2180,27926
53.908,399,2180,27932
53.940,396,2180,27925
53.970,393,2180,27932
54.001,397,2181,27939
54.031,409,2180,27929
54.063,402,2180,27926
54.092,396,2180,27935
54.125,397,2180,27927
54.153,393,2179,27922
54.186,395,2179,27923
54.218,390,2178,27911
54.247,408,2178,27905
54.280,394,2178,27905
54.309,403,2178,27901
54.341,397,2178,27904
54.370,402,2178,27903
54.403,397,2178,27902
54.431,400,2177,27894
54.464,398,2177,27887
54.493,399,2176,27878
54.526,404,2176,27875
54.554,402,2175,27872
54.587,400,2175,27867
54.620,401,2175,27868
54.649,407,2175,27871
54.681,393,2175,27870
54.710,393,2175,27870
54.743,400,2175,27868
54.771,402,2174,27856
54.804,406,2171,27814
54.833,401,2167,27764
54.866,406,2166,27747
54.894,397,2165,27735
54.927,393,2165,27739
54.956,394,2164,27731
54.989,394,2163,27716
55.021,394,2162,27704
55.050,395,2161,27684
55.082,403,2160,27677
55.111,392,2160,27675
55.144,397,2160,27677
55.173,399,2159,27659
55.206,401,2155,27614
55.234,400,2151,27553
55.267,397,2149,27531
55.296,396,2145,27482
55.328,403,2142,27448
55.357,404,2141,27425
55.390,399,2140,27422
55.422,404,2140,27421
55.451,393,2140,27424
55.484,389,2140,27414
55.513,393,2140,27416
55.545,409,2139,27404
55.574,404,2138,27390
55.607,394,2136,27369
55.636,399,2135,27351
55.668,405,2135,27356
55.697,406,2134,27343
55.730,401,2134,27336
55.759,397,2132,27320
55.791,397,2131,27302
55.824,402,2129,27276
55.853,395,2128,27260
55.885,402,2127,27248
55.914,402,2126,27244
55.947,400,2127,27250
55.976,389,2126,27244
56.008,402,2126,27241
56.037,396,2126,27241
56.070,402,2125,27222
56.099,394,2125,27221
56.131,398,2124,27213
56.160,399,2125,27222
56.193,402,2125,27232
56.225,402,2125,27227
56.254,408,2125,27226
56.287,404,2125,27225
56.316,397,2124,27216
56.348,405,2124,27217
56.377,397,2125,27223
56.410,388,2124,27214
56.438,399,2125,27222
56.471,403,2124,27219
56.500,396,2124,27211
56.533,402,2124,27217
56.561,400,2124,27216
56.594,401,2124,27219
56.627,404,2125,27221
56.655,406,2124,27219
56.688,401,2124,27218
56.717,391,2124,27217
56.750,397,2124,27217
56.779,401,2124,27219
56.811,402,2125,27222
56.840,399,2124,27216
56.872,401,2124,27217
56.902,406,2125,27223
56.934,400,2125,27223
56.963,402,2125,27222
56.997,400,2125,27227
57.028,396,2125,27224
57.058,405,2125,27224
57.089,403,2124,27214
57.119,399,2125,27224
57.151,400,2125,27221
57.180,403,2124,27218
57.213,402,2124,27211
57.241,400,2124,27219
57.274,397,2125,27221
57.303,403,2124,27219
57.336,400,2124,27215
57.365,403,2125,27223
57.397,399,2124,27214
57.430,405,2124,27216
57.459,406,2124,27210
57.491,389,2125,27222
57.520,407,2124,27215
57.553,403,2124,27214
57.582,403,2123,27205
57.614,407,2124,27216
57.643,403,2124,27218
57.676,392,2124,27219
57.705,400,2125,27223
57.737,405,2125,27220
57.766,394,2125,27220
57.799,396,2125,27229
57.831,394,2126,27233
57.860,399,2125,27232
57.892,395,2125,27226
57.921,408,2125,27228
57.954,400,2124,27216
57.983,403,2125,27226
58.015,403,2125,27226
58.044,405,2125,27224
58.077,392,2125,27229
58.106,396,2126,27233
58.139,396,2126,27235
58.168,400,2126,27239
58.200,394,2126,27234
58.232,395,2126,27241
58.261,401,2126,27238
58.294,400,2125,27232
58.323,401,2126,27234
58.356,405,2126,27240
58.385,393,2125,27232
58.417,398,2126,27237
58.446,411,2126,27243
58.478,402,2127,27250
58.507,397,2127,27248
58.540,399,2128,27262
58.569,405,2128,27268
58.601,396,2128,27268
58.634,395,2128,27268
58.663,402,2129,27282
58.695,394,2130,27292
58.724,399,2131,27303
58.757,395,2132,27318
58.786,395,2134,27344
58.818,402,2135,27351
58.847,392,2135,27358
58.880,399,2139,27405
58.908,391,2140,27420
58.941,402,2147,27502
58.970,395,2149,27539
59.003,391,2150,27549
59.035,399,2151,27564
59.064,403,2154,27600
59.097,401,2157,27639
59.126,405,2160,27677
59.158,392,2163,27715
59.187,392,2170,27801
59.220,403,2175,27873
59.248,402,2180,27926
59.281,400,2183,27974
59.310,397,2188,28037
59.343,399,2190,28058
59.371,402,2193,28095
59.404,402,2196,28132
59.437,398,2198,28159
59.466,398,2200,28182
59.498,402,2200,28185
59.527,397,2200,28187
59.559,397,2201,28196
59.589,400,2203,28221
59.621,397,2205,28245
59.650,402,2206,28265
59.683,399,2208,28296
59.711,393,2212,28344
59.744,390,2216,28388
59.773,400,2218,28415
59.806,400,2219,28434
59.838,399,2220,28445
59.867,397,2222,28466
59.899,391,2227,28538
59.929,400,2231,28583
59.961,403,2240,28694
59.990,402,2243,28738
60.023,399,2250,28833
60.051,394,2255,28887
60.084,396,2260,28960
60.113,398,2264,29006
60.145,392,2271,29094
60.174,400,2274,29140
60.207,389,2274,29140
60.239,399,2275,29144
60.268,407,2275,29147
60.301,402,2277,29168
60.330,400,2285,29272
60.362,396,2290,29343
60.391,394,2291,29354
60.424,392,2295,29400
60.453,395,2296,29416
60.485,388,2300,29462
60.514,391,2300,29467
60.547,384,2300,29470
60.576,403,2302,29498
60.608,401,2307,29554
60.637,391,2310,29595
60.670,396,2310,29594
60.702,395,2311,29604
60.731,403,2313,29633
60.764,391,2315,29656
60.793,382,2315,29663
60.825,385,2320,29720
60.854,403,2324,29780
60.887,393,2326,29796
60.916,393,2327,29817
60.949,398,2331,29860
60.977,388,2335,29913
61.011,402,2335,29911
61.039,394,2335,29921
61.071,401,2336,29929
61.104,406,2339,29969
61.133,383,2341,29996
61.165,385,2343,30013
61.194,398,2344,30036
61.227,399,2346,30063
61.256,397,2349,30096
61.288,396,2349,30100
61.317,398,2350,30111
61.350,396,2351,30123
61.379,393,2352,30132
61.411,396,2352,30132
61.440,389,2354,30161
61.473,397,2356,30186
61.505,392,2357,30194
61.535,398,2357,30200
61.567,389,2359,30220
61.596,394,2360,30236
61.628,391,2360,30236
61.657,389,2360,30235
61.690,394,2360,30237
61.718,389,2361,30244
61.751,393,2361,30256
61.780,385,2363,30274
61.813,387,2363,30276
61.841,400,2364,30283
61.875,394,2363,30280
61.907,395,2364,30288
61.936,400,2364,30285
61.968,396,2364,30294
61.997,394,2365,30298
62.029,391,2365,30300
62.058,395,2365,30300
62.091,386,2365,30302
62.120,400,2365,30306
62.152,392,2365,30306
62.181,383,2365,30307
62.214,394,2365,30306
62.243,399,2365,30303
62.276,393,2366,30313
62.308,388,2366,30315
62.337,389,2367,30328
62.369,393,2368,30341
62.398,392,2370,30370
62.431,386,2371,30372
62.459,394,2370,30366
62.492,393,2371,30377
62.521,391,2372,30397
62.554,393,2373,30404
62.582,400,2373,30405
62.616,380,2374,30414
62.645,393,2374,30417
62.677,388,2374,30414
62.709,387,2375,30423
62.738,388,2377,30453
62.771,385,2376,30447
62.800,394,2378,30463
62.832,394,2378,30469
62.862,391,2379,30475
62.894,399,2379,30479
62.923,388,2379,30483
62.955,396,2380,30488
62.984,389,2379,30486
63.017,396,2380,30493
63.046,404,2381,30502
63.078,398,2383,30527
63.107,393,2385,30554
63.140,402,2386,30571
63.172,397,2386,30571
63.201,390,2388,30598
63.233,395,2389,30609
63.262,391,2390,30621
63.295,395,2390,30625
63.324,395,2390,30624
63.357,398,2390,30620
63.385,393,2390,30620
63.418,397,2391,30633
63.447,398,2392,30646
63.480,397,2392,30650
63.509,384,2393,30659
63.542,393,2395,30680
63.574,396,2395,30685
63.603,395,2395,30688
63.635,392,2395,30687
63.664,395,2395,30688
63.697,384,2396,30697
63.726,392,2397,30711
63.759,394,2398,30721
63.787,398,2398,30719
63.820,387,2398,30723
63.849,395,2399,30738
63.881,388,2400,30744
63.910,395,2400,30744
63.943,390,2400,30746
63.975,388,2399,30740
64.004,391,2400,30746
64.037,384,2399,30742
64.066,391,2400,30745
64.098,389,2400,30746
64.127,395,2400,30745
64.159,387,2400,30751
64.188,392,2401,30764
64.221,387,2403,30792
64.250,390,2405,30811
64.283,392,2405,30814
64.311,392,2405,30819
64.344,390,2406,30830
64.376,387,2407,30842
64.405,388,2409,30862
64.438,391,2409,30868
64.467,384,2410,30878
64.500,387,2411,30886
64.529,393,2413,30915
64.561,390,2414,30926
64.590,389,2415,30941
64.622,404,2415,30941
64.651,385,2415,30944
64.684,399,2416,30950
64.712,386,2417,30961
64.745,399,2419,30993
64.774,393,2420,31011
64.806,396,2420,31010
64.839,393,2421,31024
64.868,381,2424,31061
64.901,399,2425,31069
64.930,388,2426,31088
64.963,387,2427,31099
64.991,385,2428,31110
65.024,399,2428,31113
65.053,389,2429,31126
65.085,388,2429,31124
65.114,391,2430,31136
65.147,394,2431,31142
65.176,383,2430,31132
65.208,380,2431,31143
65.240,393,2431,31149
65.270,391,2431,31151
65.302,382,2434,31191
65.331,384,2435,31193
65.364,388,2435,31196
65.393,386,2435,31201
65.425,389,2435,31199
65.454,391,2436,31211
65.487,389,2438,31238
65.516,386,2440,31258
65.548,390,2442,31291
65.577,383,2444,31315
65.610,389,2444,31319
65.642,382,2445,31331
65.671,387,2446,31334
65.704,378,2447,31349
65.733,384,2447,31357
65.765,386,2449,31378
65.794,386,2451,31405
65.827,386,2453,31432
65.856,381,2455,31452
65.888,392,2455,31448
65.917,390,2456,31462
65.950,386,2456,31467
65.979,395,2457,31474
66.011,387,2458,31488
66.043,389,2458,31499
66.073,384,2458,31498
66.105,383,2459,31507
66.134,386,2459,31502
66.166,378,2460,31513
66.196,375,2459,31511
66.228,379,2460,31518
66.257,382,2460,31519
66.289,376,2460,31518
66.318,387,2460,31520
66.351,387,2460,31518
66.380,383,2460,31521
66.412,390,2460,31521
66.445,381,2460,31524
66.474,386,2461,31530
66.506,378,2462,31538
66.535,378,2462,31540
66.568,392,2462,31541
66.597,381,2462,31540
66.629,384,2462,31542
66.658,388,2462,31547
66.691,382,2463,31551
66.720,380,2463,31559
66.752,385,2463,31555
66.781,381,2464,31564
66.814,377,2465,31578
66.843,382,2465,31580
66.875,388,2465,31583
66.907,386,2466,31589
66.936,383,2466,31596
66.969,387,2467,31603
66.998,384,2467,31605
67.030,389,2467,31603
67.059,384,2467,31613
67.092,382,2468,31620
67.121,390,2468,31627
67.153,380,2469,31635
67.182,388,2469,31640
67.215,379,2470,31643
67.244,386,2470,31644
67.277,381,2470,31649
67.309,377,2471,31654
67.338,385,2470,31652
67.371,383,2470,31651
67.400,376,2471,31658
67.432,383,2471,31662
67.461,380,2472,31676
67.494,376,2473,31683
67.522,392,2473,31688
67.555,385,2474,31697
67.584,382,2474,31697
67.617,381,2474,31703
67.645,375,2474,31695
67.679,384,2475,31706
67.710,386,2475,31709
67.740,377,2474,31703
67.772,377,2475,31715
67.801,382,2476,31717
67.833,385,2475,31716
67.863,377,2475,31716
67.896,382,2476,31726
67.925,369,2476,31725
67.957,384,2476,31723
67.985,373,2477,31733
68.018,380,2476,31726
68.047,382,2478,31745
68.079,377,2477,31738
68.109,374,2478,31749
68.141,387,2478,31750
68.173,377,2478,31754
68.202,373,2479,31758
68.235,383,2479,31760
68.264,387,2479,31768
68.296,379,2480,31769
68.325,384,2479,31767
68.358,384,2479,31766
68.387,373,2480,31774
68.419,385,2480,31772
68.448,376,2480,31772
68.481,381,2480,31772
68.509,381,2480,31771
68.543,382,2480,31776
68.575,376,2480,31776
68.604,377,2480,31779
68.636,385,2480,31776
68.665,379,2480,31779
68.698,376,2480,31780
68.726,378,2480,31780
68.759,380,2480,31779
68.788,381,2480,31781
68.821,380,2481,31785
68.849,375,2481,31782
68.883,372,2481,31785
68.911,371,2481,31793
68.945,382,2482,31795
68.976,376,2481,31793
69.005,376,2482,31802
69.038,383,2482,31804
69.067,371,2482,31802
69.099,389,2482,31801
69.128,386,2483,31816
69.160,384,2483,31813
69.189,375,2484,31823
69.222,370,2484,31823
69.250,376,2484,31821
69.283,374,2484,31830
69.312,375,2485,31833
69.345,378,2485,31837
69.374,378,2484,31830
69.407,385,2485,31833
69.439,376,2485,31836
69.468,382,2485,31836
69.500,367,2485,31837
69.530,371,2485,31840
69.562,386,2485,31837
69.591,377,2485,31837
69.624,379,2485,31841
69.652,373,2485,31841
69.685,380,2485,31839
69.714,369,2485,31845
69.747,375,2485,31843
69.775,376,2485,31841
69.808,377,2485,31843
69.840,375,2485,31844
69.869,376,2485,31843
69.902,374,2485,31845
69.931,379,2485,31843
69.964,380,2485,31837
69.992,375,2485,31839
70.025,379,2486,31849
70.054,371,2486,31846
70.086,379,2486,31847
70.115,376,2486,31848
70.148,384,2486,31845
70.176,370,2485,31843
70.209,382,2486,31845
70.241,379,2486,31847
70.270,378,2486,31846
70.303,371,2485,31843
70.332,372,2486,31845
70.364,375,2486,31846
70.393,372,2485,31842
70.426,378,2486,31845
70.455,375,2486,31848
70.487,383,2485,31844
70.516,375,2485,31844
70.549,379,2485,31843
70.577,370,2485,31842
70.610,379,2485,31839
70.639,383,2485,31844
70.672,378,2485,31843
70.704,378,2485,31838
70.733,376,2486,31850
70.766,374,2485,31844
70.795,374,2486,31846
70.827,386,2485,31837
70.856,380,2485,31841
70.889,376,2485,31842
70.917,376,2485,31845
70.950,381,2485,31841
70.979,379,2485,31838
71.012,384,2486,31845
71.040,384,2485,31839
71.073,379,2485,31845
71.106,376,2485,31840
71.135,371,2485,31841
71.167,382,2485,31842
71.196,377,2485,31841
71.229,379,2485,31841
71.257,386,2485,31843
71.290,379,2485,31841
71.319,373,2485,31845
71.351,378,2485,31844
71.380,387,2485,31838
71.413,376,2485,31839
71.442,379,2485,31841
71.474,378,2486,31847
71.507,376,2485,31839
71.536,377,2485,31840
71.569,375,2485,31841
71.597,379,2485,31840
71.630,384,2485,31841
71.659,384,2485,31839
71.691,376,2485,31843
71.720,383,2485,31841
71.753,373,2485,31839
71.782,370,2485,31842
71.814,374,2485,31840
71.843,382,2485,31842
71.876,370,2485,31842
71.905,375,2485,31845
71.937,381,2485,31835
71.970,368,2485,31840
71.999,377,2485,31840
72.031,376,2486,31850
72.060,380,2486,31847
72.093,376,2486,31847
72.122,383,2486,31850
72.154,379,2486,31849
72.183,371,2486,31846
72.216,379,2486,31857
72.245,384,2486,31853
72.277,378,2486,31853
72.306,367,2486,31849
72.339,374,2486,31853
72.367,382,2486,31858
72.400,373,2486,31855
72.433,381,2487,31858
72.462,375,2487,31859
72.494,370,2488,31874
72.523,375,2487,31859
72.556,378,2487,31861
72.585,381,2487,31860
72.617,378,2487,31861
72.646,377,2487,31867
72.679,377,2488,31874
72.707,376,2488,31876
72.740,380,2488,31878
72.769,375,2488,31879
72.802,377,2488,31874
72.834,378,2489,31888
72.863,373,2489,31886
72.895,373,2490,31898
72.925,374,2489,31894
72.957,379,2489,31890
72.986,382,2489,31891
73.019,376,2489,31889
73.048,373,2489,31891
73.080,367,2489,31892
73.110,379,2489,31892
73.142,375,2489,31896
73.171,372,2490,31897
73.203,383,2489,31893
73.232,380,2489,31893
73.265,374,2489,31887
73.297,384,2489,31888
73.327,370,2490,31900
73.359,374,2490,31904
73.388,377,2490,31900
73.420,370,2491,31912
73.449,374,2491,31913
73.482,373,2491,31917
73.511,368,2492,31923
73.543,375,2492,31924
73.572,367,2492,31930
73.604,372,2492,31932
73.633,369,2493,31938
73.666,366,2493,31943
73.698,368,2494,31948
73.727,375,2493,31946
73.760,369,2493,31945
73.789,362,2494,31951
73.822,376,2494,31951
73.851,381,2494,31957
73.883,371,2495,31964
73.913,365,2494,31956
73.945,378,2495,31965
73.974,365,2495,31963
74.006,374,2495,31961
74.035,370,2495,31964
74.068,376,2495,31964
74.097,375,2494,31956
74.129,372,2495,31965
74.162,373,2494,31959
74.190,369,2495,31963
74.223,369,2495,31966
74.252,370,2494,31959
74.285,369,2495,31967
74.313,367,2495,31966
74.346,364,2495,31964
74.375,367,2495,31970
74.408,368,2495,31967
74.437,365,2495,31963
74.469,375,2495,31966
74.498,373,2495,31972
74.531,363,2495,31967
74.563,369,2495,31969
74.592,373,2495,31968
74.624,366,2496,31976
74.653,368,2495,31972
74.686,373,2495,31972
74.715,368,2495,31971
74.748,369,2495,31964
74.776,369,2495,31969
74.809,361,2495,31972
74.838,367,2495,31969
74.870,370,2496,31978
74.899,367,2496,31977
74.932,368,2495,31971
74.964,369,2496,31975
74.994,371,2496,31978
75.026,372,2496,31978
75.055,366,2496,31979
75.087,364,2496,31976
75.117,373,2496,31978
75.149,371,2497,31989
75.178,354,2496,31985
75.210,368,2497,31989
75.239,356,2497,31994
75.272,363,2497,31988
75.301,360,2497,31993
75.334,367,2497,31994
75.365,362,2497,31993
75.395,367,2497,31997
75.427,363,2497,31992
75.457,363,2497,31994
75.489,367,2498,31999
75.518,364,2498,32000
75.550,365,2497,31997
75.579,364,2498,32004
75.612,363,2498,32004
75.640,366,2498,32006
75.674,362,2498,32007
75.702,371,2498,32001
75.735,361,2498,32010
75.763,367,2497,31999
75.796,362,2498,32000
75.828,367,2498,32007
75.857,364,2498,32007
75.890,364,2498,32009
75.918,367,2498,32010
75.951,365,2498,32009
75.980,365,2499,32013
76.013,365,2499,32014
76.042,359,2498,32010
76.075,362,2499,32018
76.103,370,2499,32013
76.137,365,2499,32015
76.165,365,2499,32013
76.197,363,2499,32019
76.230,365,2499,32020
76.259,365,2499,32017
76.291,367,2499,32019
76.320,362,2499,32020
76.353,363,2499,32023
76.382,364,2500,32028
76.414,365,2499,32024
76.443,360,2499,32024
76.476,357,2499,32021
76.505,356,2499,32014
76.538,360,2499,32024
76.567,365,2499,32015
76.599,369,2499,32019
76.628,363,2499,32023
76.660,361,2500,32025
76.693,368,2499,32019
76.722,363,2499,32024
76.754,354,2499,32012
76.783,375,2499,32022
76.816,370,2499,32020
76.845,360,2499,32016
76.877,364,2499,32018
76.906,364,2499,32017
76.939,358,2499,32017
76.967,360,2499,32015
77.000,364,2499,32017
77.029,369,2499,32012
77.063,377,2500,32025
77.094,359,2499,32013
77.124,371,2498,32007
77.156,362,2499,32012
77.185,360,2499,32012
77.217,357,2498,32004
77.246,359,2498,32006
77.279,368,2498,32005
77.308,367,2498,32002
77.340,375,2498,32001
77.369,363,2497,31997
77.402,363,2497,31995
77.430,362,2497,31989
77.463,370,2497,31989
77.496,359,2496,31982
77.525,367,2496,31979
77.557,369,2496,31975
77.586,370,2495,31972
77.619,371,2496,31975
77.648,370,2496,31975
77.680,367,2496,31974
77.709,373,2495,31971
77.742,373,2495,31973
77.770,365,2495,31971
77.804,367,2495,31968
77.832,370,2495,31968
77.865,367,2495,31970
77.893,373,2495,31964
77.926,378,2495,31962
77.958,369,2495,31964
77.987,373,2495,31965
78.020,366,2495,31964
78.048,376,2495,31961
78.081,368,2495,31965
78.110,366,2494,31958
78.143,371,2495,31960
78.171,369,2494,31958
78.204,370,2494,31960
78.233,370,2494,31952
78.266,365,2494,31955
78.295,377,2493,31945
78.328,369,2493,31944
78.360,373,2493,31944
78.389,376,2492,31928
78.421,369,2492,31922
78.450,377,2491,31920
78.483,365,2490,31907
78.512,377,2490,31899
78.544,372,2489,31890
78.573,372,2489,31885
78.606,369,2488,31876
78.634,376,2487,31866
78.667,371,2487,31859
78.697,379,2486,31855
78.730,374,2486,31848
78.761,364,2486,31848
78.790,364,2486,31846
78.823,369,2485,31844
78.852,373,2486,31845
78.884,370,2485,31843
78.913,371,2485,31840
78.946,377,2485,31833
78.974,367,2485,31833
79.007,371,2484,31827
79.036,376,2484,31828
79.069,378,2483,31819
79.097,378,2484,31820
79.130,374,2483,31813
79.159,380,2483,31815
79.191,382,2481,31793
79.224,373,2482,31795
79.253,378,2481,31788
79.285,374,2481,31788
79.315,380,2481,31783
79.347,379,2481,31786
79.376,372,2481,31784
79.408,378,2480,31781
79.437,382,2480,31779
79.470,380,2481,31781
79.499,375,2480,31776
79.532,371,2480,31779
79.561,379,2480,31777
79.594,381,2480,31775
79.626,380,2480,31771
79.655,377,2480,31771
79.687,383,2480,31774
79.716,387,2480,31772
79.748,382,2479,31765
79.777,376,2479,31757
79.810,375,2479,31756
79.839,380,2478,31751
79.871,375,2477,31741
79.901,384,2477,31741
79.933,380,2477,31732
79.962,385,2476,31721
79.995,381,2476,31722
80.023,379,2475,31709
80.056,382,2474,31702
80.088,379,2473,31680
80.117,380,2471,31663
80.150,377,2470,31649
80.179,372,2470,31643
80.211,383,2470,31642
80.240,388,2470,31643
80.272,385,2469,31637
80.301,381,2470,31641
80.334,382,2469,31636
80.363,379,2469,31634
80.395,381,2469,31636
80.424,378,2468,31617
80.457,378,2466,31598
80.489,385,2465,31577
80.519,384,2463,31557
80.551,386,2461,31534
80.580,384,2460,31520
80.613,383,2460,31518
80.642,390,2459,31511
80.674,380,2459,31509
80.703,384,2459,31499
80.736,386,2459,31506
80.764,383,2457,31484
80.797,387,2456,31464
80.826,382,2455,31458
80.859,386,2454,31441
80.891,384,2453,31426
80.920,389,2452,31416
80.953,382,2450,31384
80.982,382,2448,31370
81.014,380,2446,31334
81.043,391,2445,31326
81.076,390,2442,31283
81.104,387,2440,31257
81.137,393,2438,31237
81.166,393,2437,31219
81.199,386,2436,31215
81.227,382,2436,31206
81.260,384,2435,31200
81.292,389,2435,31197
81.322,390,2435,31199
81.354,390,2435,31196
81.383,392,2435,31198
81.415,397,2435,31198
81.445,385,2435,31193
81.477,384,2435,31194
81.506,384,2434,31182
81.539,385,2431,31151
81.567,392,2430,31135
81.600,387,2429,31124
81.629,380,2426,31086
81.662,394,2423,31046
81.690,396,2421,31024
81.723,398,2420,31004
81.755,391,2418,30978
81.785,384,2416,30953
81.817,389,2415,30944
81.846,395,2415,30941
81.878,399,2414,30933
81.907,386,2414,30923
81.940,400,2411,30893
81.969,392,2409,30866
82.002,393,2407,30844
82.030,393,2406,30829
82.063,396,2405,30819
82.091,391,2405,30810
82.125,384,2404,30807
82.157,394,2404,30799
82.186,390,2402,30772
82.218,384,2400,30750
82.247,392,2399,30742
82.280,383,2396,30696
82.309,392,2395,30689
82.341,389,2395,30681
82.370,404,2393,30655
82.403,397,2390,30623
82.432,389,2390,30620
82.464,395,2388,30600
82.492,389,2385,30557
82.525,391,2381,30509
82.558,396,2380,30494
82.587,399,2379,30485
82.619,384,2376,30441
82.648,387,2374,30418
82.681,397,2372,30389
82.710,387,2369,30352
82.743,400,2366,30313
82.772,395,2364,30293
82.804,390,2363,30279
82.833,396,2361,30253
82.866,397,2361,30244
82.895,400,2360,30243
82.927,396,2360,30239
82.959,395,2360,30237
82.988,386,2360,30237
83.021,401,2360,30238
83.050,387,2360,30235
83.082,397,2359,30221
83.112,391,2356,30181
83.144,397,2354,30154
83.172,402,2352,30132
83.205,395,2351,30126
83.234,392,2350,30104
83.267,394,2347,30073
83.296,388,2344,30033
83.328,385,2342,30006
83.357,396,2341,29999
83.390,394,2340,29983
83.422,402,2340,29984
83.451,402,2338,29955
83.484,389,2336,29927
83.513,396,2335,29919
83.546,392,2335,29913
83.574,408,2333,29889
83.608,392,2330,29855
83.636,391,2328,29832
83.669,399,2326,29804
83.697,399,2325,29786
83.730,396,2322,29755
83.759,389,2321,29734
83.791,401,2318,29701
83.824,390,2315,29666
83.853,392,2315,29660
83.885,390,2315,29661
83.914,393,2314,29653
83.947,388,2312,29616
83.976,398,2310,29594
84.008,397,2308,29565
84.037,396,2305,29532
84.070,395,2303,29506
84.099,396,2300,29474
84.131,401,2300,29464
84.160,387,2299,29455
84.192,396,2299,29450
84.225,400,2298,29440
84.254,405,2297,29427
84.286,399,2295,29408
84.316,388,2295,29403
84.348,396,2292,29371
84.377,399,2289,29322
84.410,402,2287,29303
84.438,393,2285,29282
84.471,402,2284,29257
84.500,397,2282,29237
84.533,390,2278,29190
84.561,390,2277,29175
84.595,397,2276,29162
84.623,400,2275,29153
84.656,386,2275,29148
84.688,395,2275,29145
84.717,395,2273,29126
84.749,400,2271,29102
84.778,389,2271,29097
84.811,392,2271,29102
84.839,396,2271,29096
84.872,390,2270,29086
84.901,388,2271,29096
84.934,394,2269,29071
84.963,383,2269,29073
84.996,394,2268,29056
85.024,401,2268,29056
85.057,391,2268,29053
85.089,395,2267,29049
85.119,398,2267,29043
85.151,403,2267,29040
85.180,398,2267,29040
85.212,398,2266,29037
85.241,405,2265,29015
85.274,392,2263,28992
85.303,395,2261,28969
85.335,398,2259,28937
85.364,398,2256,28903
85.397,405,2255,28894
85.426,399,2255,28890
85.458,392,2255,28891
85.491,401,2254,28885
85.520,397,2254,28876
85.552,398,2251,28840
85.581,396,2247,28795
85.614,395,2245,28761
85.643,394,2241,28715
85.676,393,2240,28701
85.705,395,2240,28702
85.737,397,2239,28692
85.766,392,2238,28679
85.799,401,2234,28629
85.828,392,2231,28579
85.860,395,2229,28559
85.892,396,2227,28537
85.922,393,2227,28532
85.954,403,2227,28537
85.983,396,2228,28540
86.015,395,2223,28478
86.044,398,2220,28446
86.077,408,2219,28426
86.106,399,2218,28417
86.138,398,2218,28412
86.167,404,2216,28387
86.199,393,2215,28384
86.228,399,2215,28377
86.261,391,2214,28368
86.289,395,2214,28371
86.322,397,2215,28374
86.355,401,2214,28365
86.384,391,2213,28355
86.416,402,2215,28382
86.445,397,2220,28442
86.478,396,2220,28439
86.507,398,2220,28445
86.539,396,2224,28496
86.568,398,2229,28552
86.601,403,2224,28496
86.629,394,2223,28481
86.662,391,2223,28479
86.691,392,2221,28461
86.724,407,2219,28436
86.756,402,2215,28377
86.785,392,2211,28323
86.818,402,2206,28263
86.847,396,2201,28196
86.879,402,2198,28158
86.908,395,2182,27955
86.940,394,2175,27873
86.969,395,2175,27864
87.002,399,2175,27867
87.031,393,2174,27851
87.064,398,2174,27853
87.096,400,2174,27856
87.125,390,2173,27842
87.157,398,2169,27786
87.186,395,2166,27748
87.219,390,2162,27702
87.248,403,2160,27679
87.280,397,2160,27677
87.309,393,2159,27663
87.342,396,2157,27633
87.371,393,2156,27628
87.404,397,2156,27620
87.432,403,2155,27608
87.465,392,2154,27596
87.497,395,2153,27579
87.526,388,2150,27548
87.559,391,2148,27516
87.588,398,2145,27486
87.620,408,2144,27475
87.649,394,2143,27461
87.682,404,2143,27459
87.711,398,2144,27473
87.743,391,2144,27471
87.772,403,2145,27481
87.805,406,2145,27485
87.834,390,2146,27491
87.866,398,2147,27502
87.899,389,2147,27504
87.928,400,2147,27505
87.960,401,2148,27515
87.989,400,2147,27507
88.022,395,2148,27521
88.051,397,2148,27525
88.083,400,2148,27527
88.112,402,2148,27522
88.145,399,2148,27526
88.174,399,2149,27530
88.207,401,2149,27537
88.235,400,2150,27543
88.268,395,2150,27541
88.300,395,2149,27537
88.329,401,2149,27531
88.361,393,2148,27524
88.391,404,2148,27522
88.423,400,2147,27512
88.452,395,2148,27516
88.485,395,2148,27520
88.513,406,2148,27525
88.546,396,2148,27518
88.575,398,2147,27514
88.608,396,2148,27521
88.636,396,2148,27514
88.669,400,2148,27523
88.698,394,2148,27526
88.731,398,2148,27526
88.763,404,2148,27523
88.792,389,2148,27525
88.824,395,2149,27530
88.854,392,2149,27533
88.886,398,2149,27535
88.915,392,2149,27537
88.948,400,2150,27540
88.977,409,2149,27536
89.010,398,2150,27541
89.038,396,2149,27537
89.071,398,2150,27547
89.099,397,2150,27546
89.132,403,2150,27548
89.164,402,2150,27546
89.193,397,2150,27543
89.226,397,2149,27539
89.255,410,2150,27546
89.288,395,2150,27543
89.316,401,2150,27546
89.349,396,2150,27542
89.378,396,2149,27537
89.411,401,2149,27533
89.440,398,2146,27490
89.472,396,2142,27449
89.501,400,2142,27440
89.534,400,2141,27429
89.566,402,2140,27424
89.595,398,2140,27417
89.628,389,2139,27400
89.657,401,2136,27362
89.689,393,2131,27298
89.718,395,2126,27233
89.751,400,2125,27227
89.779,399,2125,27223
89.812,402,2123,27197
89.841,396,2118,27132
89.874,394,2116,27116
89.902,395,2115,27103
89.935,395,2115,27094
89.967,393,2113,27071
89.997,399,2112,27062
90.029,393,2112,27059
90.058,395,2113,27070
90.091,398,2113,27079
90.120,398,2114,27084
90.152,400,2115,27093
90.181,388,2115,27096
90.214,406,2115,27096
90.242,395,2115,27098
90.275,399,2115,27098
90.304,400,2115,27095
90.337,397,2115,27097
90.369,403,2115,27101
90.398,406,2115,27100
90.431,397,2115,27101
90.459,400,2116,27106
90.492,396,2116,27112
90.522,391,2117,27119
90.554,401,2118,27139
90.582,400,2121,27170
90.615,402,2123,27197
90.644,398,2123,27200
90.677,407,2124,27211
90.705,396,2123,27207
90.738,391,2124,27212
90.770,392,2124,27215
90.799,402,2125,27225
90.832,400,2126,27233
90.862,400,2127,27245
90.894,394,2130,27290
90.922,405,2131,27309
90.955,397,2133,27331
90.984,401,2134,27346
91.017,395,2136,27361
91.045,398,2138,27391
91.078,395,2138,27399
91.107,401,2140,27414
91.140,391,2140,27416
91.172,396,2140,27413
91.201,400,2140,27421
91.233,402,2144,27464
91.262,394,2146,27498
91.295,405,2148,27518
91.324,393,2148,27516
91.356,404,2148,27527
91.385,400,2150,27549
91.418,402,2151,27562
91.446,400,2152,27572
91.479,401,2154,27601
91.508,403,2155,27610
91.540,411,2156,27622
91.569,395,2158,27655
91.602,394,2160,27673
91.635,399,2160,27680
91.664,401,2161,27681
91.696,397,2161,27686
91.726,401,2162,27697
91.758,397,2163,27717
91.787,400,2165,27743
91.819,404,2170,27799
91.848,390,2173,27847
91.881,401,2175,27864
91.909,402,2175,27870
91.942,397,2182,27957
91.971,400,2190,28062
92.004,399,2195,28120
92.036,396,2199,28180
92.065,397,2205,28251
92.097,403,2214,28363
92.127,394,2219,28433
92.159,395,2221,28458
92.188,398,2226,28517
92.220,395,2229,28554
92.249,400,2230,28567
92.282,395,2230,28578
92.311,402,2233,28615
92.343,393,2236,28645
92.372,396,2239,28687
92.405,402,2239,28681
92.438,391,2241,28707
92.466,398,2245,28767
92.499,394,2250,28822
92.528,398,2255,28891
92.561,398,2255,28898
92.590,401,2258,28933
92.622,406,2258,28931
92.651,395,2258,28936
92.684,402,2260,28952
92.712,396,2266,29037
92.746,395,2275,29143
92.774,400,2278,29184
92.807,393,2289,29324
92.839,391,2300,29467
92.868,397,2310,29593
92.900,396,2319,29706
92.929,393,2330,29849
92.962,403,2335,29923
92.991,401,2341,29995
93.024,392,2350,30108
93.052,397,2354,30158
93.085,395,2354,30158
93.114,392,2354,30161
93.147,397,2357,30200
93.175,392,2359,30223
93.208,394,2360,30235
93.240,391,2361,30251
93.269,392,2365,30304
93.302,391,2368,30340
93.331,397,2373,30406
93.363,392,2375,30425
93.392,391,2378,30468
93.425,393,2379,30487
93.454,393,2380,30493
93.486,393,2381,30503
93.515,395,2387,30581
93.548,388,2390,30628
93.577,392,2396,30696
93.609,398,2400,30748
93.641,388,2405,30808
93.670,391,2411,30886
93.703,395,2415,30937
93.732,388,2417,30963
93.764,391,2423,31043
93.793,390,2430,31133
93.826,402,2433,31171
93.855,394,2435,31193
93.887,383,2435,31197
93.916,386,2435,31201
93.949,383,2436,31210
93.978,391,2437,31229
94.010,396,2441,31280
94.039,388,2445,31321
94.072,386,2446,31337
94.104,393,2448,31363
94.133,390,2454,31443
94.166,393,2455,31460
94.195,382,2458,31486
94.227,389,2457,31486
94.256,387,2459,31505
94.289,398,2460,31518
94.318,374,2460,31516
94.350,378,2461,31527
94.379,380,2462,31544
94.412,384,2462,31547
94.440,380,2463,31553
94.473,388,2462,31546
94.506,375,2463,31561
94.535,389,2464,31568
94.567,379,2464,31573
94.596,376,2464,31572
94.629,386,2464,31565
94.657,382,2463,31563
94.690,374,2463,31552
94.719,384,2462,31539
94.752,386,2461,31527
94.780,380,2461,31526
94.813,373,2460,31524
94.842,386,2460,31520
94.875,379,2459,31509
94.907,389,2458,31489
94.936,387,2455,31459
94.968,387,2454,31438
94.997,382,2452,31413
95.030,382,2448,31361
95.059,380,2445,31332
95.091,388,2445,31327
95.120,388,2445,31323
95.153,389,2442,31291
95.182,391,2438,31241
95.214,383,2435,31204
95.243,386,2435,31197
95.276,385,2435,31194
95.304,384,2435,31192
95.337,390,2434,31187
95.370,383,2432,31158
95.399,384,2431,31147
95.431,384,2431,31149
95.460,391,2430,31138
95.493,385,2430,31136
95.522,390,2430,31138
95.554,390,2430,31139
95.583,382,2430,31132
95.616,390,2429,31127
95.644,384,2429,31124
95.677,394,2429,31120
95.706,398,2429,31121
95.739,386,2429,31122
95.771,387,2429,31121
95.800,390,2429,31122
95.833,386,2429,31126
95.862,391,2429,31127
95.894,383,2429,31120
95.923,392,2429,31120
95.956,385,2429,31127
95.984,379,2429,31122
96.017,378,2429,31116
96.046,385,2428,31114
96.079,390,2428,31104
96.107,382,2428,31114
96.140,389,2429,31118
96.173,396,2429,31117
96.201,394,2429,31124
96.234,396,2429,31127
96.263,405,2430,31130
96.295,396,2430,31128
96.324,388,2430,31136
96.357,385,2430,31134
96.386,381,2431,31147
96.418,389,2431,31145
96.447,392,2431,31153
96.480,384,2434,31179
96.509,386,2435,31192
96.542,389,2434,31191
96.571,392,2435,31197
96.603,396,2435,31197
96.636,383,2435,31195
96.665,387,2435,31199
96.697,395,2435,31203
96.726,387,2437,31221
96.759,384,2438,31242
96.788,390,2440,31257
96.820,390,2441,31271
96.849,381,2443,31301
96.882,387,2443,31305
96.910,383,2444,31315
96.943,389,2445,31320
96.971,390,2445,31324
97.004,383,2445,31327
97.037,382,2445,31326
97.066,384,2445,31327
97.098,372,2446,31333
97.127,390,2445,31329
97.160,392,2445,31325
97.189,382,2446,31341
97.221,382,2446,31344
97.250,379,2448,31367
97.283,391,2449,31374
97.311,385,2448,31369
97.344,386,2448,31368
97.373,384,2448,31366
97.406,382,2447,31355
97.435,382,2447,31357
97.468,385,2449,31376
97.500,381,2449,31373
97.530,385,2448,31365
97.561,387,2449,31376
97.590,390,2449,31375
97.623,389,2449,31379
97.652,386,2448,31362
97.685,388,2448,31368
97.713,388,2449,31375
97.746,393,2449,31374
97.775,384,2449,31372
97.808,384,2449,31375
97.836,382,2448,31369
97.869,385,2449,31378
97.902,389,2450,31393
97.930,390,2451,31406
97.963,384,2452,31414
97.992,390,2453,31427
98.024,382,2454,31437
98.054,389,2454,31439
98.086,381,2454,31440
98.114,386,2454,31436
98.147,378,2454,31436
98.176,383,2454,31443
98.208,382,2455,31448
98.237,380,2454,31444
98.270,387,2455,31453
98.303,382,2455,31455
98.332,383,2457,31482
98.364,385,2459,31507
98.393,384,2459,31510
98.426,386,2460,31517
98.455,380,2460,31521
98.487,382,2460,31524
98.516,371,2461,31526
98.549,389,2460,31524
98.577,380,2461,31529
98.610,386,2462,31541
98.639,386,2462,31544
98.672,385,2463,31554
98.704,380,2464,31568
98.733,380,2465,31577
98.765,380,2465,31589
98.794,380,2466,31598
98.827,382,2468,31617
98.856,389,2468,31621
98.888,385,2468,31625
98.917,384,2469,31631
98.950,383,2469,31633
98.979,383,2469,31639
99.011,379,2470,31642
99.040,378,2470,31647
99.073,381,2470,31651
99.102,379,2470,31652
99.134,379,2470,31649
99.167,384,2470,31652
99.196,383,2470,31649
99.228,375,2470,31648
99.257,384,2471,31653
99.290,372,2470,31651
99.319,382,2470,31652
99.352,383,2471,31661
99.380,383,2471,31664
99.413,382,2471,31663
99.442,383,2471,31658
99.474,385,2471,31654
99.503,384,2472,31666
99.536,386,2472,31670
99.568,393,2472,31676
99.597,379,2473,31687
99.630,378,2474,31692
99.659,380,2473,31689
99.692,378,2474,31693
99.720,382,2474,31694
99.753,382,2473,31689
99.782,374,2474,31699
99.815,379,2474,31704
99.844,381,2475,31706
99.877,374,2474,31703
99.905,376,2475,31709
99.938,376,2475,31709
99.970,380,2475,31711
99.999,381,2475,31710
100.031,376,2475,31710
100.060,381,2475,31709
100.093,374,2475,31712
100.123,381,2475,31714
100.155,380,2475,31711
100.184,380,2475,31708
100.216,387,2475,31706
100.244,375,2475,31715
100.277,377,2475,31714
100.306,381,2476,31718
100.338,386,2475,31716
100.367,381,2475,31716
100.400,380,2476,31721
100.432,379,2476,31717
100.461,382,2475,31715
100.494,376,2476,31721
100.523,378,2475,31712
100.555,385,2475,31711
100.585,380,2476,31720
100.617,372,2476,31723
100.646,377,2476,31725
100.679,376,2476,31724
100.708,378,2476,31719
100.740,370,2476,31726
100.769,378,2475,31714
100.803,375,2477,31731
100.834,376,2477,31742
100.863,367,2478,31744
100.895,373,2477,31738
100.925,379,2478,31745
100.957,377,2478,31745
100.986,380,2478,31745
101.019,379,2478,31754
101.047,385,2478,31751
101.080,381,2478,31744
101.109,370,2478,31747
101.142,378,2478,31754
101.171,378,2478,31748
101.203,381,2479,31762
101.235,374,2479,31766
101.264,384,2480,31771
101.297,378,2480,31772
101.326,372,2480,31771
101.358,378,2480,31774
101.387,378,2480,31774
101.420,377,2480,31774
101.449,377,2480,31776
101.481,375,2480,31774
101.511,378,2480,31773
101.543,371,2480,31771
101.572,381,2480,31777
101.605,376,2481,31781
101.633,381,2481,31782
101.666,369,2481,31786
101.698,377,2481,31789
101.728,375,2482,31799
101.760,370,2483,31808
101.789,378,2484,31824
101.821,377,2484,31823
101.850,374,2484,31829
101.883,374,2484,31832
101.911,380,2485,31834
101.945,373,2486,31845
101.973,376,2486,31846
102.006,375,2486,31856
102.035,377,2486,31854
102.067,375,2487,31865
102.099,374,2488,31872
102.129,376,2489,31891
102.161,370,2489,31895
102.190,372,2490,31906
102.222,381,2490,31906
102.251,374,2491,31922
102.284,370,2492,31932
102.312,370,2493,31941
102.345,369,2494,31950
102.374,370,2494,31958
102.407,371,2495,31964
102.435,377,2495,31966
102.468,371,2495,31963
102.497,372,2495,31967
102.530,371,2494,31957
102.562,368,2495,31964
102.591,366,2495,31968
102.624,371,2495,31969
102.652,361,2495,31965
102.685,366,2495,31969
102.714,362,2495,31969
102.747,374,2495,31966
102.775,363,2495,31963
102.808,370,2495,31972
102.837,373,2495,31971
102.870,371,2496,31974
102.898,369,2495,31970
102.931,366,2495,31969
102.963,373,2496,31976
102.993,369,2496,31975
103.025,370,2496,31977
103.054,369,2495,31972
103.086,365,2496,31973
103.115,364,2495,31971
103.148,371,2495,31971
103.177,360,2495,31972
103.209,367,2496,31975
103.238,374,2495,31972
103.271,370,2496,31976
103.300,364,2495,31972
103.333,369,2496,31973
103.361,369,2496,31973
103.394,365,2496,31975
103.426,365,2495,31970
103.455,365,2495,31969
103.488,363,2495,31968
103.517,368,2495,31963
103.549,367,2495,31971
103.578,367,2495,31970
103.611,362,2495,31969
103.640,363,2495,31973
103.672,366,2495,31970
103.701,369,2496,31974
103.734,367,2495,31962
103.762,363,2495,31972
103.795,370,2495,31973
103.828,369,2495,31968
103.857,366,2495,31962
103.889,372,2496,31973
103.918,369,2495,31967
103.951,371,2496,31973
103.980,369,2495,31969
104.012,371,2495,31968
104.041,371,2496,31974
104.074,367,2496,31974
104.103,363,2495,31972
104.135,367,2496,31975
104.164,368,2496,31974
104.197,375,2495,31969
104.229,367,2496,31974
104.258,364,2495,31969
104.291,365,2495,31971
104.320,364,2496,31974
104.352,366,2495,31970
104.381,370,2496,31977
104.414,372,2496,31974
104.443,376,2495,31971
104.475,367,2496,31977
104.504,368,2495,31965
104.537,366,2495,31971
104.565,370,2495,31970
104.598,376,2495,31971
104.627,373,2495,31969
104.659,375,2495,31970
104.692,370,2495,31967
104.721,369,2495,31968
104.754,363,2495,31968
104.782,372,2495,31968
104.815,358,2495,31961
104.844,372,2495,31965
104.876,364,2495,31965
104.905,367,2495,31966
104.938,367,2495,31965
104.967,369,2495,31966
105.000,370,2495,31963
105.029,369,2495,31966
105.061,366,2495,31962
105.090,371,2494,31960
105.123,363,2495,31965
105.155,373,2495,31967
105.184,367,2495,31966
105.217,367,2495,31965
105.246,365,2494,31959
105.278,364,2495,31966
105.308,375,2495,31963
105.340,372,2495,31964
105.369,373,2495,31963
105.401,370,2495,31964
105.430,369,2495,31962
105.463,365,2494,31958
105.492,377,2495,31963
105.525,376,2495,31963
105.557,368,2495,31962
105.586,369,2495,31965
105.618,373,2495,31965
105.647,369,2495,31962
105.679,372,2495,31962
105.709,375,2495,31964
105.741,372,2494,31959
105.770,374,2495,31962
105.803,366,2495,31965
105.831,368,2494,31957
105.864,371,2494,31958
105.893,368,2494,31953
105.926,375,2492,31930
105.958,369,2491,31911
105.988,379,2489,31896
106.020,379,2487,31866
106.049,380,2486,31848
106.081,379,2485,31842
106.110,381,2484,31830
106.143,375,2483,31810
106.171,382,2481,31790
106.204,380,2481,31782
106.233,370,2480,31780
106.265,382,2480,31772
106.294,386,2480,31771
106.327,381,2479,31762
106.356,384,2476,31720
106.389,379,2474,31703
106.421,381,2472,31666
106.450,387,2469,31637
106.482,378,2468,31618
106.511,388,2465,31587
106.545,381,2462,31549
106.573,383,2460,31524
106.606,388,2460,31521
106.634,381,2460,31515
106.667,384,2459,31508
106.696,379,2460,31512
106.728,380,2458,31494
106.757,383,2456,31463
106.790,389,2455,31449
106.822,385,2454,31438
106.851,384,2454,31438
106.884,388,2454,31440
106.913,387,2453,31427
106.945,385,2452,31411
106.975,383,2448,31366
107.007,383,2447,31358
107.036,383,2446,31343
107.068,389,2446,31337
107.097,383,2444,31317
107.129,386,2441,31281
107.158,383,2439,31251
107.191,381,2437,31219
107.223,381,2435,31202
107.253,390,2435,31197
107.285,391,2435,31197
107.314,384,2435,31198
107.346,387,2434,31191
107.376,387,2434,31182
107.408,395,2431,31145
107.437,387,2430,31133
107.470,395,2426,31083
107.499,393,2420,31011
107.531,389,2417,30966
107.560,398,2415,30939
107.593,387,2414,30924
107.622,396,2408,30846
107.654,387,2405,30808
107.686,392,2401,30764
107.715,393,2400,30749
107.748,390,2399,30742
107.777,378,2398,30724
107.810,392,2397,30717
107.839,387,2398,30719
107.871,400,2397,30714
107.900,393,2396,30695
107.933,387,2394,30667
107.961,396,2391,30633
107.994,388,2389,30609
108.023,394,2384,30546
108.056,394,2380,30494
108.088,385,2379,30475
108.117,395,2375,30426
108.149,395,2369,30355
108.179,385,2365,30303
108.211,400,2366,30308
108.240,396,2365,30302
108.272,390,2365,30300
108.301,389,2364,30295
108.334,390,2363,30270
108.363,390,2361,30248
108.396,392,2360,30243
108.425,391,2360,30238
108.457,397,2360,30235
108.489,394,2360,30234
108.518,391,2360,30233
108.551,398,2360,30234
108.580,387,2359,30229
108.612,395,2360,30232
108.641,388,2359,30231
108.674,394,2360,30236
108.703,395,2360,30234
108.735,391,2359,30227
108.764,391,2355,30171
108.797,399,2351,30120
108.826,392,2350,30103
108.858,382,2347,30066
108.887,387,2343,30014
108.920,392,2340,29981
108.952,387,2335,29921
108.981,388,2333,29894
109.013,391,2326,29801
109.043,391,2324,29772
109.075,397,2317,29684
109.104,390,2315,29659
109.137,385,2309,29583
109.165,394,2301,29483
109.198,396,2300,29463
109.227,398,2296,29422
109.259,397,2293,29384
109.288,392,2288,29309
109.321,401,2285,29276
109.353,397,2285,29276
109.382,398,2285,29280
109.415,394,2283,29256
109.444,394,2279,29199
109.477,395,2279,29196
109.505,392,2279,29198
109.539,396,2278,29182
109.567,397,2276,29164
109.600,393,2276,29156
109.628,391,2275,29150
109.661,393,2275,29146
109.690,399,2273,29122
109.723,398,2270,29083
109.755,394,2264,29012
109.784,398,2260,28950
109.816,399,2256,28899
109.845,396,2254,28884
109.878,396,2251,28846
109.907,395,2249,28821
109.940,393,2247,28790
109.968,399,2246,28779
110.001,396,2245,28768
110.030,407,2246,28774
110.062,401,2245,28766
110.091,400,2245,28758
110.124,394,2243,28738
110.156,397,2241,28715
110.185,395,2240,28706
110.218,399,2240,28703
110.246,403,2240,28702
110.279,395,2240,28703
110.308,401,2240,28696
110.341,390,2238,28676
110.370,395,2237,28661
110.402,395,2236,28655
110.431,399,2237,28655
110.464,399,2237,28662
110.493,399,2238,28669
110.526,397,2238,28674
110.554,400,2239,28685
110.587,398,2240,28697
110.619,397,2241,28706
110.648,389,2241,28707
110.681,395,2241,28707
110.710,397,2243,28734
110.742,397,2245,28760
110.772,404,2245,28762
110.804,393,2246,28776
110.833,394,2246,28780
110.865,388,2246,28771
110.895,402,2244,28754
110.927,398,2241,28708
110.955,406,2240,28703
110.988,401,2240,28703
111.020,391,2240,28698
111.049,399,2240,28700
111.082,398,2240,28696
111.111,390,2238,28669
111.143,405,2235,28632
111.172,395,2234,28627
111.205,398,2233,28608
111.234,405,2232,28593
111.266,392,2230,28575
111.295,393,2227,28538
111.328,396,2222,28473
111.357,395,2220,28446
111.390,396,2220,28440
111.418,393,2217,28408
111.451,395,2216,28396
111.483,409,2216,28389
111.512,408,2214,28364
111.545,395,2206,28262
111.573,402,2205,28253
111.606,399,2204,28232
111.635,395,2200,28191
111.667,397,2200,28187
111.697,404,2200,28183
111.730,402,2198,28162
111.759,400,2197,28148
111.791,398,2195,28123
111.820,397,2193,28099
111.852,400,2194,28105
111.885,405,2192,28086
111.914,398,2191,28070
111.946,396,2191,28071
111.975,397,2191,28065
112.008,393,2191,28067
112.037,395,2190,28057
112.070,394,2190,28056
112.098,398,2190,28056
112.131,399,2190,28058
112.160,399,2190,28055
112.192,402,2190,28059
112.221,402,2190,28060
112.253,398,2190,28056
112.286,396,2189,28045
112.315,399,2188,28028
112.348,399,2184,27986
112.377,401,2180,27932
112.409,399,2177,27889
112.438,406,2175,27866
112.471,397,2175,27866
112.500,400,2175,27865
112.532,395,2175,27866
112.561,406,2175,27863
112.594,400,2175,27864
112.622,400,2175,27866
112.655,397,2173,27842
112.684,404,2169,27791
112.717,403,2166,27747
112.749,399,2165,27742
112.778,402,2165,27737
112.811,395,2164,27728
112.840,401,2164,27721
112.872,396,2164,27729
112.901,395,2165,27734
112.934,400,2163,27719
112.963,401,2163,27711
112.996,400,2161,27686
113.024,396,2160,27674
113.057,400,2160,27673
113.086,405,2160,27678
113.118,395,2160,27675
113.150,396,2159,27665
113.179,408,2160,27669
113.212,404,2160,27669
113.241,388,2159,27664
113.273,405,2159,27659
113.302,386,2155,27610
113.335,399,2149,27537
113.364,406,2150,27544
113.397,403,2151,27559
113.426,398,2151,27555
113.459,399,2150,27548
113.487,402,2153,27579
113.520,396,2157,27631
113.548,397,2159,27663
113.581,401,2159,27666
113.613,387,2160,27673
113.642,397,2160,27673
113.674,400,2160,27673
113.704,406,2160,27673
113.736,396,2160,27675
113.765,400,2160,27674
113.797,394,2160,27670
113.826,400,2160,27673
113.859,396,2160,27673
113.888,402,2159,27668
113.920,404,2160,27672
113.949,406,2159,27658
113.982,397,2159,27664
114.014,397,2159,27666
114.045,400,2160,27673
114.076,402,2159,27668
114.105,399,2159,27664
114.138,401,2160,27671
114.167,401,2160,27673
114.199,403,2159,27664
114.228,398,2158,27644
114.260,403,2159,27663
114.290,399,2158,27648
114.322,396,2157,27640
114.351,394,2155,27611
114.384,393,2150,27546
114.416,399,2146,27501
114.445,396,2144,27473
114.477,404,2144,27470
114.507,397,2143,27457
114.539,395,2143,27460
114.568,402,2142,27448
114.601,399,2145,27478
114.630,393,2145,27480
114.662,399,2144,27474
114.691,397,2146,27491
114.724,399,2146,27498
114.752,396,2146,27498
114.785,398,2146,27493
114.814,400,2146,27492
114.847,394,2145,27479
114.879,402,2147,27507
114.908,396,2147,27507
114.940,397,2147,27506
114.969,398,2146,27494
115.001,400,2147,27507
115.030,399,2140,27413
115.063,391,2135,27358
115.092,399,2135,27356
115.125,395,2138,27391
115.154,397,2140,27419
115.186,401,2144,27465
115.215,402,2144,27467
115.247,397,2145,27487
115.280,396,2146,27495
115.309,398,2146,27496
115.342,391,2149,27539
115.370,402,2149,27534
115.403,401,2146,27494
115.432,402,2147,27502
115.465,396,2143,27455
115.493,396,2134,27344
115.526,399,2126,27238
115.555,397,2135,27358
115.588,406,2139,27408
115.617,395,2137,27384
115.649,396,2139,27403
115.678,404,2139,27410
115.711,392,2140,27418
115.743,403,2141,27428
115.772,400,2141,27436
115.805,402,2141,27431
115.834,403,2141,27434
115.866,396,2145,27480
115.895,401,2145,27486
115.928,404,2144,27463
115.956,396,2143,27456
115.989,399,2147,27512
116.017,399,2147,27514
116.050,401,2149,27535
116.079,400,2151,27554
116.112,409,2150,27543
116.144,399,2148,27520
116.173,391,2147,27510
116.206,396,2145,27477
116.235,406,2142,27441
116.267,402,2141,27425
116.296,398,2141,27426
116.329,405,2145,27477
116.358,399,2146,27493
116.391,403,2149,27539
116.419,397,2150,27543
116.452,398,2150,27546
116.481,392,2148,27522
116.513,402,2140,27420
116.542,401,2140,27418
116.575,400,2140,27414
116.607,400,2140,27414
116.637,398,2140,27414
116.669,402,2140,27415
116.698,403,2140,27414
116.730,394,2135,27360
116.760,403,2135,27352
116.793,399,2134,27348
116.821,396,2135,27354
116.854,396,2135,27349
116.882,403,2133,27323
116.915,397,2126,27238
116.944,397,2129,27275
116.976,393,2134,27341
117.009,404,2127,27250
117.038,404,2125,27221
117.070,402,2125,27227
117.099,394,2130,27292
117.132,405,2134,27345
117.161,403,2135,27358
117.193,391,2138,27394
117.222,398,2137,27378
117.255,389,2136,27364
117.283,398,2135,27352
117.316,406,2136,27365
117.345,391,2138,27392
117.378,405,2140,27415
117.406,395,2140,27418
117.439,399,2140,27416
117.471,395,2140,27417
117.500,400,2140,27417
117.533,397,2140,27418
117.562,394,2140,27414
117.595,401,2140,27415
117.624,399,2140,27418
117.657,397,2140,27420
117.685,399,2140,27417
117.718,399,2140,27421
117.747,405,2140,27420
117.779,398,2141,27427
117.808,407,2145,27486
117.841,403,2148,27523
117.873,399,2150,27548
117.902,399,2154,27597
117.935,390,2160,27669
117.963,400,2161,27684
117.996,405,2165,27739
118.025,405,2166,27749
118.057,399,2166,27752
118.086,405,2166,27745
118.119,391,2165,27744
118.148,402,2165,27740
118.180,398,2166,27748
118.209,408,2170,27803
118.242,398,2175,27865
118.274,391,2182,27954
118.303,399,2190,28054
118.336,407,2196,28135
118.364,406,2198,28164
118.397,408,2198,28162
118.426,400,2198,28163
118.458,390,2199,28171
118.487,397,2199,28177
118.520,396,2200,28185
118.549,402,2200,28191
118.582,398,2204,28245
118.610,394,2205,28256
118.643,391,2211,28326
118.672,400,2215,28385
118.704,401,2215,28385
118.737,396,2217,28411
118.766,400,2219,28427
118.798,404,2218,28423
118.827,398,2217,28408
118.860,397,2218,28413
118.889,403,2219,28427
118.921,398,2218,28416
118.950,391,2218,28422
118.983,399,2220,28445
119.012,396,2220,28446
119.044,400,2225,28513
119.073,400,2232,28597
119.106,395,2237,28664
119.138,404,2240,28695
119.167,398,2240,28699
119.200,394,2243,28739
119.229,400,2245,28765
119.261,402,2245,28768
119.290,386,2248,28804
119.323,393,2251,28836
119.352,399,2250,28828
119.384,393,2250,28829
119.413,399,2251,28835
119.446,404,2251,28838
119.474,391,2253,28865
119.507,395,2254,28885
119.540,407,2255,28890
119.569,396,2256,28907
119.601,402,2262,28987
119.630,405,2271,29090
119.663,391,2273,29126
119.692,397,2274,29141
119.724,393,2275,29144
119.753,389,2275,29147
119.786,399,2275,29146
119.814,406,2275,29152
119.847,398,2276,29162
119.876,385,2279,29203
119.909,399,2281,29224
119.937,394,2283,29249
119.970,402,2285,29272
120.003,400,2285,29271
120.031,395,2284,29267
120.064,392,2287,29302
120.093,398,2292,29369
120.126,395,2296,29414
120.154,397,2300,29462
120.187,393,2301,29476
120.216,392,2308,29567
120.249,394,2311,29605
120.277,391,2314,29646
120.310,396,2315,29656
120.339,395,2314,29654
120.371,393,2315,29660
120.404,396,2315,29659
120.433,397,2315,29666
120.465,390,2318,29703
120.494,396,2324,29776
120.527,389,2327,29818
120.556,397,2333,29890
120.588,393,2335,29911
120.617,392,2335,29913
120.650,399,2335,29923
120.678,398,2335,29922
120.711,400,2336,29934
120.740,403,2338,29949
120.773,394,2340,29976
120.805,393,2344,30035
120.834,401,2349,30098
120.867,394,2351,30121
120.896,394,2355,30171
120.929,393,2357,30200
120.958,397,2359,30224
120.990,389,2360,30235
121.019,396,2360,30237
121.052,396,2360,30235
121.080,394,2360,30240
121.113,401,2360,30242
121.142,400,2364,30291
121.175,399,2369,30354
121.203,395,2376,30436
121.236,395,2380,30491
121.268,391,2381,30508
121.298,388,2385,30560
121.330,384,2389,30610
121.359,396,2390,30626
121.391,388,2391,30639
121.420,394,2394,30670
121.453,399,2395,30685
121.482,388,2398,30722
121.515,384,2400,30746
121.543,390,2400,30751
121.576,393,2401,30759
121.605,397,2403,30788
121.638,387,2405,30813
121.669,395,2406,30824
121.699,392,2409,30864
121.731,393,2412,30900
121.760,388,2415,30936
121.793,388,2415,30936
121.822,384,2416,30950
121.854,394,2416,30958
121.883,383,2418,30985
121.916,389,2419,30995
121.945,386,2420,31011
121.978,387,2423,31047
122.007,389,2427,31097
122.039,393,2430,31131
122.068,389,2432,31158
122.101,389,2435,31192
122.133,391,2435,31197
122.162,391,2435,31199
122.194,381,2435,31201
122.223,387,2436,31208
122.256,391,2437,31220
122.285,392,2438,31238
122.317,386,2441,31271
122.346,389,2443,31306
122.379,384,2445,31328
122.407,381,2446,31335
122.441,382,2449,31380
122.469,383,2453,31433
122.502,383,2454,31440
122.534,391,2455,31460
122.563,393,2456,31461
122.595,384,2457,31477
122.624,380,2458,31493
122.657,386,2459,31502
122.686,377,2459,31503
122.718,386,2460,31515
122.747,386,2460,31516
122.780,382,2460,31516
122.808,390,2460,31519
122.841,390,2460,31519
122.870,381,2460,31521
122.903,377,2460,31524
122.935,387,2461,31531
122.964,391,2462,31549
122.997,384,2464,31574
123.026,382,2466,31598
123.059,377,2468,31625
123.087,378,2469,31635
123.120,387,2470,31641
123.149,379,2470,31647
123.182,386,2470,31650
123.210,386,2470,31650
123.243,380,2470,31648
123.272,381,2471,31661
123.304,387,2471,31665
123.333,383,2472,31676
123.366,383,2474,31696
123.398,387,2474,31699
123.427,382,2475,31710
123.460,379,2475,31716
123.489,382,2475,31712
123.521,382,2477,31730
123.550,383,2476,31729
123.583,383,2477,31735
123.612,380,2477,31742
123.644,376,2478,31747
123.674,383,2479,31757
123.706,381,2479,31765
123.735,380,2479,31767
123.767,384,2480,31768
123.799,380,2480,31775
123.828,381,2480,31770
123.861,377,2480,31774
123.890,376,2480,31781
123.923,388,2481,31785
123.952,372,2481,31785
123.984,379,2481,31787
124.014,382,2481,31789
124.046,377,2481,31786
124.075,379,2481,31787
124.107,372,2481,31791
124.136,382,2482,31803
124.169,376,2483,31809
124.197,379,2483,31815
124.230,383,2484,31823
124.262,372,2484,31828
124.292,371,2485,31833
124.324,375,2485,31837
124.353,376,2485,31836
124.385,379,2484,31832
124.414,370,2485,31836
124.447,373,2485,31837
124.476,380,2485,31840
124.509,370,2485,31841
124.538,383,2485,31842
124.571,380,2485,31843
124.599,373,2486,31847
124.632,370,2486,31853
124.664,375,2486,31856
124.694,371,2487,31861
124.725,377,2487,31865
124.754,377,2488,31874
124.787,374,2488,31881
124.816,379,2490,31898
124.849,376,2491,31910
124.877,374,2491,31918
124.909,379,2492,31933
124.938,376,2493,31937
124.971,377,2494,31952
125.000,376,2494,31952
125.033,366,2494,31954
125.061,380,2494,31957
125.094,372,2494,31957
125.127,367,2495,31965
125.156,374,2495,31966
125.188,368,2495,31963
125.217,367,2495,31966
125.250,365,2495,31966
125.279,373,2495,31966
125.311,362,2494,31959
125.340,363,2495,31968
125.373,371,2495,31968
125.401,370,2495,31968
125.435,370,2495,31969
125.463,375,2495,31969
125.496,362,2495,31967
125.525,369,2495,31971
125.557,373,2495,31969
125.590,366,2495,31967
125.619,368,2495,31971
125.651,369,2495,31968
125.681,372,2495,31966
125.713,371,2495,31969
125.742,372,2495,31972
125.774,371,2496,31974
125.803,374,2495,31968
125.836,367,2495,31966
125.865,372,2495,31970
125.897,369,2496,31973
125.926,376,2495,31970
125.959,369,2495,31968
125.991,371,2495,31970
126.020,366,2495,31973
126.052,363,2495,31969
126.081,368,2495,31969
126.114,368,2495,31968
126.143,369,2495,31965
126.175,374,2495,31960
126.204,364,2495,31969
126.237,367,2495,31967
126.266,375,2495,31968
126.298,368,2495,31966
126.327,365,2495,31967
126.360,368,2495,31962
126.392,369,2495,31962
126.422,373,2495,31961
126.454,373,2494,31960
126.483,372,2495,31964
126.515,369,2494,31959
126.545,372,2494,31955
126.577,368,2494,31953
126.607,369,2493,31940
126.639,368,2493,31937
126.667,368,2492,31923
126.700,372,2490,31904
126.729,373,2489,31890
126.762,372,2488,31873
126.790,371,2487,31861
126.823,376,2486,31853
126.855,378,2485,31843
126.884,374,2485,31840
126.917,383,2485,31838
126.946,375,2485,31834
126.978,376,2484,31825
127.007,379,2483,31810
127.040,373,2481,31788
127.069,376,2480,31779
127.101,372,2480,31776
127.130,383,2480,31776
127.162,386,2480,31773
127.191,383,2480,31772
127.224,379,2479,31767
127.256,386,2479,31765
127.285,380,2479,31757
127.318,382,2477,31737
127.347,379,2476,31720
127.380,381,2475,31707
127.408,383,2474,31694
127.441,382,2473,31680
127.470,382,2471,31658
127.503,382,2470,31652
127.531,380,2470,31647
127.564,379,2469,31636
127.593,389,2466,31597
127.626,381,2463,31558
127.655,387,2460,31524
127.687,389,2460,31519
127.719,391,2460,31515
127.749,383,2459,31503
127.781,384,2457,31474
127.811,388,2455,31460
127.843,384,2455,31450
127.872,385,2453,31422
127.905,398,2448,31362
127.933,391,2444,31318
127.966,392,2444,31316
127.995,396,2443,31303
128.027,394,2441,31271
128.056,385,2438,31239
128.088,387,2436,31209
128.121,388,2435,31201
128.150,394,2435,31198
128.182,396,2435,31197
128.211,384,2433,31167
128.244,386,2429,31126
128.273,383,2425,31074
128.305,392,2420,31004
128.334,399,2415,30946
128.367,388,2415,30942
128.396,391,2414,30932
128.429,386,2411,30891
128.457,385,2407,30840
128.490,396,2405,30813
128.519,398,2402,30770
128.552,389,2400,30748
128.584,393,2397,30705
128.613,397,2390,30627
128.645,392,2386,30573
128.674,393,2381,30501
128.707,397,2380,30489
128.736,395,2377,30451
128.768,399,2374,30418
128.797,395,2368,30341
128.830,393,2365,30297
128.859,394,2360,30239
128.892,390,2359,30223
128.920,405,2352,30140
128.954,394,2349,30093
128.985,390,2341,29991
129.014,392,2336,29927
129.046,394,2333,29895
129.076,397,2325,29792
129.108,389,2320,29726
129.137,396,2315,29664
129.170,401,2313,29633
129.198,398,2307,29557
129.231,396,2300,29470
129.260,395,2295,29410
129.293,399,2286,29286
129.321,398,2279,29199
129.354,398,2275,29150
129.386,394,2275,29149
129.415,395,2275,29148
129.448,390,2275,29146
129.477,400,2275,29147
129.509,403,2274,29139
129.538,394,2274,29137
129.571,399,2271,29096
129.600,392,2267,29045
129.632,392,2259,28945
129.662,395,2255,28891
129.694,404,2248,28802
129.723,401,2245,28759
129.756,400,2241,28712
129.784,393,2240,28699
129.817,394,2239,28693
129.849,395,2236,28644
129.878,393,2230,28575
129.911,396,2226,28516
129.940,398,2221,28460
129.972,404,2220,28441
130.001,392,2220,28437
130.034,402,2219,28430
130.063,402,2219,28427
130.095,400,2217,28407
130.125,400,2213,28355
130.157,399,2210,28313
130.186,394,2207,28272
130.218,398,2206,28270
130.250,395,2208,28288
130.280,399,2208,28289
130.312,405,2207,28279
130.341,402,2206,28264
130.374,398,2203,28230
130.403,389,2200,28188
130.436,394,2197,28145
130.464,393,2191,28070
130.497,401,2189,28051
130.526,399,2186,28011
130.559,394,2182,27956
130.587,391,2180,27937
130.620,402,2180,27925
130.648,395,2176,27874
130.681,401,2175,27865
130.714,403,2169,27795
130.743,399,2165,27739
130.775,396,2160,27676
130.804,405,2160,27675
130.837,399,2160,27669
130.866,400,2159,27659
130.898,403,2159,27660
130.927,397,2160,27672
130.960,394,2160,27671
130.988,399,2160,27670
131.021,402,2159,27666
131.050,399,2159,27658
131.083,396,2157,27642
131.114,399,2157,27640
131.143,395,2158,27652
131.176,400,2159,27659
131.205,398,2160,27673
131.238,392,2160,27672
131.267,401,2150,27553
131.299,393,2141,27427
131.328,389,2140,27413
131.361,394,2135,27358
131.389,402,2135,27350
131.423,399,2135,27357
131.451,400,2135,27359
131.484,389,2136,27363
131.513,391,2137,27377
131.545,392,2136,27373
131.578,395,2136,27369
131.607,400,2137,27377
131.639,395,2137,27379
131.668,395,2140,27417
131.700,403,2151,27557
131.729,404,2160,27672
131.762,395,2160,27671
131.791,395,2160,27676
131.824,395,2160,27671
131.852,398,2157,27632
131.886,396,2150,27550
131.914,400,2139,27409
131.947,406,2125,27223
131.979,398,2115,27097
132.009,387,2114,27085
132.041,402,2115,27096
132.070,392,2115,27097
132.102,403,2115,27098
132.131,392,2115,27093
132.164,400,2114,27083
132.192,397,2113,27074
132.225,397,2109,27023
132.254,405,2104,26952
132.287,388,2115,27098
132.315,407,2120,27164
132.348,396,2121,27181
132.380,397,2136,27366
132.410,391,2138,27390
132.442,394,2139,27407
132.471,405,2139,27411
132.504,398,2140,27414
132.532,384,2140,27425
132.565,403,2140,27421
132.594,397,2123,27204
132.627,401,2116,27111
132.655,398,2115,27103
132.688,406,2136,27361
132.717,407,2136,27368
132.750,400,2132,27315
132.779,393,2134,27341
132.811,403,2128,27259
132.843,401,2123,27200
132.873,402,2122,27188
132.905,397,2128,27263
132.935,394,2127,27249
132.966,398,2126,27233
132.996,392,2130,27295
133.028,402,2133,27332
133.058,397,2134,27335
133.090,390,2133,27329
133.119,399,2135,27352
133.151,391,2137,27377
133.180,393,2138,27388
133.212,401,2138,27397
133.245,398,2139,27408
133.274,399,2138,27391
133.306,403,2137,27374
133.335,400,2136,27364
133.368,408,2135,27361
133.397,405,2135,27351
133.429,400,2130,27290
133.458,398,2115,27100
133.491,402,2096,26861
133.520,396,2095,26841
133.553,393,2095,26841
133.581,405,2095,26842
133.614,397,2095,26842
133.646,401,2095,26844
133.676,398,2095,26843
133.708,389,2095,26844
133.737,401,2095,26847
133.769,389,2095,26843
133.798,403,2096,26853
133.830,397,2096,26859
133.859,392,2096,26854
133.892,403,2097,26866
133.921,404,2102,26928
133.953,396,2102,26928
133.982,393,2100,26909
134.015,397,2100,26907
134.044,399,2100,26902
134.077,393,2099,26894
134.109,396,2096,26852
134.138,402,2094,26829
134.171,387,2093,26819
134.199,398,2095,26839
134.232,408,2092,26808
134.261,400,2094,26823
134.293,395,2095,26837
134.322,399,2095,26836
134.355,401,2094,26832
134.384,400,2095,26838
134.416,408,2100,26904
134.445,404,2100,26908
134.478,397,2102,26927
134.510,404,2106,26977
134.539,400,2107,26999
134.572,398,2109,27025
134.601,399,2111,27043
134.633,406,2111,27048
134.662,401,2114,27083
134.695,400,2115,27096
134.723,405,2115,27098
134.756,401,2115,27096
134.785,398,2115,27096
134.818,397,2115,27098
134.846,407,2120,27164
134.879,404,2131,27299
134.912,397,2129,27272
134.941,408,2127,27251
134.973,396,2136,27373
135.002,391,2140,27417
135.035,406,2140,27415
135.063,397,2138,27394
135.096,399,2137,27374
135.125,401,2136,27370
135.158,404,2133,27330
135.186,395,2126,27234
135.219,402,2124,27209
135.248,396,2115,27095
135.281,397,2110,27033
135.309,393,2111,27045
135.342,392,2110,27036
135.374,395,2097,26870
135.403,392,2092,26805
135.436,391,2093,26817
135.465,396,2094,26827
135.497,401,2093,26818
135.526,398,2091,26789
135.559,405,2090,26775
135.588,400,2090,26775
135.620,400,2090,26775
135.649,397,2091,26784
135.682,398,2094,26829
135.711,397,2095,26839
135.743,395,2096,26859
135.776,391,2099,26898
135.805,407,2091,26784
135.837,395,2076,26593
135.866,402,2073,26565
135.899,391,2074,26570
135.928,401,2071,26530
135.960,401,2061,26403
135.989,395,2060,26392
136.022,395,2060,26394
136.050,399,2061,26401
136.084,399,2060,26395
136.112,399,2060,26398
136.145,398,2060,26397
136.177,402,2060,26393
136.206,400,2061,26401
136.239,397,2062,26422
136.268,403,2066,26472
136.300,392,2071,26531
136.329,408,2071,26528
136.362,398,2070,26528
136.390,396,2071,26529
136.423,392,2062,26425
136.452,400,2051,26274
136.485,395,2048,26233
136.513,396,2047,26231
136.546,401,2047,26232
136.575,403,2045,26202
136.607,403,2041,26150
136.640,404,2040,26138
136.669,401,2040,26133
136.701,402,2040,26135
136.730,400,2034,26064
136.763,394,2032,26038
136.792,389,2034,26060
136.825,399,2034,26057
136.853,398,2033,26050
136.886,400,2035,26067
136.915,394,2037,26093
136.948,400,2036,26092
136.977,397,2040,26132
137.010,400,2042,26167
137.042,405,2049,26252
137.071,392,2060,26391
137.103,398,2090,26778
137.132,398,2115,27095
137.165,405,2124,27210
137.194,406,2125,27225
137.226,395,2127,27252
137.255,393,2140,27414
137.288,405,2138,27389
137.317,404,2125,27227
137.350,393,2115,27099
137.378,396,2113,27073
137.411,401,2099,26890
137.443,387,2094,26835
137.472,394,2095,26838
137.505,400,2092,26805
137.534,397,2091,26792
137.566,393,2094,26831
137.595,402,2095,26844
137.628,405,2101,26925
137.656,394,2109,27023
137.689,397,2111,27043
137.718,402,2115,27092
137.751,392,2115,27095
137.779,397,2115,27097
137.812,401,2116,27109
137.844,400,2125,27222
137.874,392,2125,27226
137.906,398,2128,27265
137.936,399,2125,27231
137.968,392,2120,27157
137.997,395,2121,27180
138.029,401,2123,27196
138.058,396,2123,27200
138.090,397,2121,27176
138.119,395,2124,27217
138.152,398,2122,27183
138.181,397,2118,27132
138.213,405,2118,27131
138.242,404,2117,27125
138.275,390,2116,27105
138.308,394,2116,27117
138.336,398,2116,27116
138.368,399,2116,27115
138.397,403,2117,27118
138.430,398,2117,27121
138.459,399,2116,27115
138.492,394,2116,27114
138.521,406,2117,27120
138.553,393,2116,27110
138.582,394,2116,27109
138.615,393,2118,27133
138.644,402,2116,27111
138.677,407,2115,27097
138.705,393,2115,27097
138.738,398,2110,27033
138.770,401,2105,26972
138.799,395,2105,26964
138.832,396,2104,26954
138.861,402,2102,26930
138.893,391,2101,26917
138.923,397,2101,26913
138.955,398,2100,26906
138.984,398,2099,26890
139.017,396,2098,26886
139.045,396,2099,26891
139.078,397,2098,26885
139.110,394,2099,26896
139.139,401,2100,26900
139.172,405,2099,26895
139.201,401,2099,26899
139.233,402,2100,26904
139.262,400,2100,26907
139.295,406,2101,26918
139.324,398,2100,26904
139.357,388,2099,26889
139.386,392,2099,26898
139.418,402,2100,26906
139.447,394,2099,26890
139.479,394,2096,26851
139.508,402,2096,26852
139.541,395,2097,26862
139.573,402,2097,26863
139.602,401,2094,26828
139.635,399,2094,26829
139.664,394,2095,26844
139.696,400,2095,26843
139.725,397,2095,26843
139.757,397,2100,26902
139.787,387,2103,26948
139.819,397,2111,27052
139.848,396,2115,27100
139.881,399,2115,27100
139.910,394,2114,27080
139.943,395,2111,27042
139.974,395,2110,27033
140.004,401,2108,27011
140.036,406,2109,27023
140.065,395,2112,27058
140.097,402,2110,27034
140.127,402,2096,26858
140.159,397,2095,26847
140.188,406,2096,26854
140.220,394,2095,26848
140.249,408,2095,26843
140.282,403,2095,26840
140.311,400,2095,26842
140.344,404,2095,26841
140.376,400,2095,26837
140.405,405,2093,26811
140.438,402,2091,26786
140.466,391,2089,26761
140.499,399,2088,26753
140.527,402,2088,26758
140.560,402,2089,26769
140.589,400,2089,26769
140.621,404,2090,26777
140.650,397,2091,26791
140.683,397,2093,26821
140.712,403,2079,26633
140.745,399,2059,26382
140.774,399,2051,26279
140.807,396,2058,26369
140.838,401,2056,26346
140.868,403,2047,26231
140.900,402,2047,26223
140.929,401,2047,26222
140.962,399,2047,26223
140.990,399,2042,26168
141.023,409,2040,26136
141.052,401,2040,26136
141.085,405,2040,26140
141.113,408,2040,26138
141.146,393,2040,26137
141.175,406,2042,26160
141.207,406,2048,26236
141.240,405,2051,26284
141.269,395,2055,26333
141.301,393,2058,26368
141.330,400,2060,26388
141.363,396,2060,26399
141.392,405,2065,26462
141.425,401,2070,26521
141.453,408,2075,26581
141.486,396,2080,26647
141.515,393,2087,26736
141.548,396,2094,26833
141.577,399,2095,26838
141.609,397,2095,26841
141.638,398,2095,26838
141.671,397,2095,26839
141.703,400,2094,26834
141.732,398,2095,26845
141.764,402,2097,26874
141.794,401,2103,26938
141.826,396,2110,27038
141.855,404,2115,27098
141.888,394,2117,27120
141.916,399,2127,27250
141.949,407,2138,27390
141.978,398,2145,27480
142.011,405,2154,27601
142.039,391,2163,27708
142.073,407,2175,27864
142.104,410,2189,28050
142.134,394,2199,28168
142.166,404,2200,28193
142.195,393,2206,28265
142.227,394,2211,28334
142.256,404,2212,28340
142.289,395,2209,28307
142.318,399,2207,28274
142.350,399,2206,28259
142.379,394,2207,28273
142.412,404,2208,28285
142.441,398,2206,28264
142.474,405,2206,28265
142.502,393,2204,28238
142.535,396,2195,28119
142.567,391,2179,27923
142.596,391,2165,27742
142.629,398,2156,27621
142.658,402,2146,27495
142.690,399,2137,27382
142.719,403,2129,27275
142.751,389,2125,27226
142.780,405,2120,27167
142.813,398,2115,27102
142.842,393,2110,27040
142.874,397,2110,27029
142.903,405,2101,26924
142.936,399,2087,26737
142.968,401,2071,26532
142.998,398,2057,26349
143.030,409,2046,26214
143.059,394,2044,26190
143.091,393,2045,26200
143.121,400,2046,26214
143.153,396,2041,26152
143.182,405,2040,26138
143.214,401,2040,26140
143.243,400,2040,26136
143.276,394,2040,26133
143.305,401,2040,26137
143.337,402,2040,26140
143.366,401,2040,26137
143.399,396,2040,26136
143.431,399,2040,26137
143.460,400,2041,26145
143.493,395,2041,26146
143.522,403,2041,26144
143.555,394,2041,26155
143.583,401,2042,26166
143.616,400,2045,26205
143.645,404,2054,26316
143.677,400,2056,26343
143.706,402,2057,26355
143.740,396,2060,26390
143.768,389,2067,26479
143.800,403,2067,26478
143.833,402,2068,26493
143.862,407,2075,26583
143.894,399,2074,26579
143.924,406,2074,26568
143.956,398,2075,26586
143.985,399,2089,26768
144.018,397,2095,26842
144.046,405,2095,26840
144.079,405,2096,26860
144.108,400,2098,26875
144.140,394,2095,26845
144.169,397,2095,26841
144.202,397,2101,26915
144.234,397,2099,26898
144.263,402,2100,26902
144.296,395,2114,27090
144.325,400,2120,27158
144.357,395,2125,27230
144.386,408,2139,27407
144.419,400,2144,27467
144.447,403,2145,27487
144.480,388,2145,27488
144.509,401,2148,27518
144.542,400,2150,27545
144.571,394,2153,27591
144.604,394,2158,27653
144.636,394,2160,27676
144.665,403,2162,27694
144.697,388,2163,27713
144.726,396,2160,27677
144.759,394,2160,27677
144.788,391,2160,27675
144.820,392,2161,27682
144.849,400,2161,27688
144.882,404,2161,27684
144.910,391,2160,27672
144.943,394,2157,27631
144.972,396,2155,27614
145.004,399,2144,27475
145.033,405,2134,27345
145.066,405,2114,27086
145.098,395,2078,26622
145.127,404,2069,26511
145.160,401,2066,26470
145.188,402,2061,26407
145.221,401,2058,26363
145.250,405,2051,26282
145.283,394,2045,26206
145.312,401,2043,26177
145.345,397,2041,26145
145.373,401,2040,26138
145.406,397,2039,26123
145.435,401,2033,26052
145.468,396,2030,26003
145.500,401,2023,25925
145.529,398,2019,25870
145.561,401,2018,25853
145.590,399,2018,25855
145.623,391,2018,25851
145.652,402,2018,25856
145.684,401,2017,25840
145.713,406,2015,25822
145.746,395,2015,25819
145.775,400,2015,25815
145.808,399,2015,25816
145.837,403,2015,25816
145.869,406,2015,25815
145.898,401,2015,25816
145.930,399,2015,25817
145.962,406,2015,25818
145.992,405,2015,25815
146.024,397,2015,25818
146.053,406,2015,25818
146.085,402,2015,25818
146.115,400,2015,25817
146.148,394,2015,25816
146.176,395,2015,25817
146.209,404,2015,25816
146.237,397,2015,25811
146.270,393,2014,25808
146.299,395,2014,25808
146.332,403,2014,25807
146.364,394,2015,25811
146.393,400,2014,25809
146.425,402,2014,25807
146.454,391,2015,25813
146.487,395,2014,25809
146.516,393,2015,25812
146.548,403,2015,25812
146.577,398,2015,25814
146.610,402,2015,25814
146.639,397,2015,25812
146.672,397,2015,25812
146.700,399,2014,25807
146.733,395,2014,25807
146.762,400,2014,25809
146.795,402,2014,25809
146.827,399,2014,25810
146.857,399,2014,25806
146.889,396,2014,25805
146.918,405,2014,25801
146.950,397,2014,25803
146.978,394,2014,25802
147.011,402,2014,25807
147.040,396,2014,25809
147.073,393,2014,25806
147.102,408,2014,25805
147.134,407,2015,25811
147.163,399,2015,25812
147.195,407,2014,25808
147.228,397,2014,25803
147.257,396,2014,25804
147.289,394,2014,25806
147.318,410,2014,25802
147.351,395,2014,25801
147.380,394,2013,25795
147.412,400,2014,25804
147.442,397,2013,25795
147.474,403,2014,25800
147.503,396,2013,25798
147.536,394,2012,25783
147.565,400,2013,25794
147.597,394,2013,25794
147.630,399,2014,25803
147.659,391,2013,25795
147.691,404,2014,25802
147.720,395,2013,25797
147.753,398,2013,25793
147.781,398,2013,25793
147.814,393,2013,25790
147.843,403,2014,25799
147.876,399,2013,25797
147.905,395,2014,25800
147.938,395,2013,25795
147.966,390,2014,25802
147.999,400,2013,25790
148.031,397,2014,25806
148.060,399,2014,25804
148.092,407,2015,25811
148.122,402,2015,25817
148.154,410,2015,25818
148.183,407,2015,25818
148.215,401,2017,25838
148.244,402,2021,25898
148.277,401,2030,26009
148.306,399,2035,26072
148.339,405,2038,26114
148.367,400,2040,26135
148.400,402,2040,26137
148.429,392,2040,26143
148.461,399,2045,26200
148.494,401,2053,26303
148.523,400,2060,26387
148.556,402,2065,26453
148.585,395,2065,26454
148.617,397,2062,26422
148.647,408,2059,26383
148.679,398,2046,26216
148.707,390,2040,26138
148.740,394,2034,26063
148.769,402,2030,26011
148.801,402,2029,25991
148.830,402,2028,25979
148.863,396,2028,25982
148.895,403,2027,25969
148.925,393,2025,25941
148.957,400,2023,25919
148.986,403,2021,25892
149.018,405,2015,25818
149.047,407,2015,25818
149.080,394,2014,25809
149.109,392,2014,25804
149.141,396,2014,25809
149.171,396,2014,25808
149.203,397,2015,25811
149.231,401,2015,25811
149.265,403,2015,25811
149.296,397,2014,25801
149.326,402,2014,25800
149.358,397,2014,25807
149.387,395,2014,25808
149.419,403,2014,25807
149.448,407,2015,25814
149.481,402,2015,25811
149.510,401,2014,25804
149.542,401,2015,25812
149.571,394,2015,25815
149.604,402,2015,25815
149.633,395,2015,25817
149.666,409,2015,25821
149.698,409,2015,25818
149.727,409,2015,25815
149.759,393,2015,25821
149.789,401,2016,25824
149.821,408,2017,25840
149.850,403,2019,25873
149.882,398,2022,25903
149.912,398,2029,25994
149.945,399,2030,26015
149.973,407,2031,26021
150.006,403,2036,26082
150.035,403,2040,26133
150.067,397,2041,26148
150.096,401,2046,26209
150.129,405,2054,26319
150.161,403,2059,26386
150.190,402,2060,26398
150.222,394,2064,26438
150.251,401,2064,26445
150.284,398,2065,26457
150.312,409,2067,26477
150.345,401,2072,26547
150.374,405,2075,26589
150.407,408,2084,26704
150.435,401,2091,26784
150.468,402,2095,26837
150.497,400,2095,26836
150.530,394,2094,26834
150.562,402,2094,26833
150.591,406,2095,26836
150.623,392,2097,26864
150.652,401,2108,27010
150.685,406,2115,27095
150.714,395,2115,27102
150.746,402,2123,27206
150.775,398,2126,27244
150.808,404,2133,27330
150.837,397,2135,27354
150.870,397,2134,27347
150.898,405,2138,27390
150.931,405,2140,27417
150.960,397,2144,27467
150.992,393,2150,27542
151.025,392,2151,27560
151.054,400,2155,27607
151.086,402,2158,27649
151.115,403,2159,27666
151.148,405,2161,27683
151.177,400,2166,27749
151.209,395,2174,27860
151.238,407,2176,27879
151.271,395,2180,27930
151.300,398,2187,28022
151.332,402,2189,28048
151.361,405,2189,28052
151.394,396,2190,28060
151.426,396,2196,28142
151.455,400,2201,28204
151.488,401,2215,28379
151.517,396,2220,28448
151.549,404,2230,28573
151.578,391,2235,28634
151.611,393,2236,28648
151.640,398,2236,28651
151.672,391,2238,28669
151.701,397,2239,28683
151.734,392,2239,28693
151.762,393,2240,28702
151.795,399,2245,28766
151.828,398,2255,28889
151.857,396,2259,28940
151.889,398,2261,28972
151.918,399,2262,28981
151.951,397,2262,28983
151.979,394,2267,29049
152.012,396,2273,29117
152.041,398,2275,29148
152.074,402,2282,29237
152.102,391,2288,29315
152.135,402,2296,29416
152.164,397,2300,29467
152.196,401,2301,29486
152.225,401,2308,29574
152.258,399,2313,29628
152.290,399,2315,29662
152.319,399,2324,29780
152.352,400,2335,29915
152.381,393,2339,29969
152.413,395,2350,30107
152.442,392,2358,30215
152.475,398,2360,30235
152.504,389,2362,30267
152.537,387,2365,30304
152.565,397,2371,30376
152.598,392,2375,30433
152.627,397,2380,30492
152.659,389,2385,30559
152.692,399,2390,30627
152.721,392,2395,30691
152.753,399,2399,30742
152.782,392,2400,30746
152.815,389,2400,30751
152.844,393,2400,30750
152.876,394,2400,30751
152.905,397,2401,30767
152.938,395,2404,30805
152.967,388,2406,30829
153.000,391,2412,30902
153.029,391,2415,30938
153.061,386,2415,30946
153.090,384,2417,30971
153.123,380,2419,30994
153.155,403,2420,31001
153.184,397,2420,31008
153.216,390,2419,30999
153.245,392,2421,31014
153.278,393,2423,31039
153.307,389,2426,31088
153.339,393,2428,31110
153.369,391,2430,31133
153.401,382,2431,31147
153.430,389,2433,31178
153.463,392,2435,31195
153.492,392,2435,31195
153.525,383,2435,31195
153.556,383,2435,31195
153.586,389,2435,31197
153.618,399,2435,31198
153.647,390,2435,31197
153.679,391,2435,31199
153.708,388,2435,31204
153.741,390,2438,31231
153.770,379,2440,31267
153.803,387,2442,31285
153.831,383,2443,31302
153.864,385,2444,31308
153.892,386,2444,31319
153.925,393,2445,31321
153.954,389,2445,31326
153.986,385,2446,31335
154.019,397,2448,31365
154.048,387,2453,31430
154.081,389,2455,31454
154.110,383,2456,31461
154.142,381,2457,31484
154.171,388,2459,31506
154.204,385,2460,31513
154.232,386,2460,31516
154.265,387,2460,31518
154.294,395,2460,31521
154.327,393,2460,31525
154.356,386,2463,31558
154.388,385,2465,31577
154.421,387,2466,31597
154.450,383,2468,31617
154.482,387,2469,31633
154.511,386,2470,31641
154.544,375,2469,31638
154.572,383,2470,31648
154.605,389,2470,31645
154.634,384,2470,31649
154.666,379,2470,31650
154.696,386,2470,31647
154.729,383,2470,31643
154.758,380,2470,31651
154.790,388,2471,31661
154.819,380,2472,31670
154.852,382,2474,31699
154.884,383,2475,31709
154.913,384,2476,31723
154.945,384,2477,31730
154.974,387,2477,31739
155.006,374,2478,31745
155.036,379,2478,31752
155.068,391,2479,31757
155.097,377,2479,31764
155.130,381,2479,31764
155.159,370,2479,31764
155.191,371,2480,31772
155.220,378,2480,31773
155.252,382,2480,31773
155.285,385,2480,31776
155.314,387,2480,31775
155.346,376,2480,31770
155.376,382,2480,31779
155.408,378,2481,31782
155.437,388,2481,31782
155.469,378,2481,31781
155.498,384,2481,31790
155.531,384,2482,31796
155.559,368,2482,31805
155.592,373,2484,31824
155.621,376,2484,31831
155.654,379,2485,31835
155.683,378,2485,31838
155.715,376,2485,31841
155.748,383,2485,31839
155.777,372,2485,31839
155.809,370,2485,31842
155.838,374,2485,31844
155.871,380,2485,31844
155.900,382,2485,31843
155.933,364,2486,31847
155.961,382,2486,31849
155.994,372,2486,31848
156.022,381,2487,31861
156.056,380,2486,31856
156.084,384,2487,31862
156.116,371,2487,31862
156.149,380,2487,31859
156.178,382,2487,31860
156.210,374,2486,31857
156.239,371,2487,31861
156.272,384,2487,31858
156.301,379,2487,31859
156.333,382,2487,31859
156.362,374,2486,31852
156.395,375,2486,31851
156.424,376,2486,31848
156.457,378,2486,31849
156.485,378,2485,31843
156.519,374,2484,31832
156.551,380,2485,31840
156.580,374,2485,31837
156.612,376,2484,31830
156.641,378,2484,31826
156.674,369,2484,31825
156.702,380,2483,31815
156.735,377,2483,31809
156.764,376,2482,31805
156.797,376,2481,31794
156.826,385,2481,31791
156.858,373,2481,31790
156.886,377,2480,31780
156.919,383,2480,31778
156.948,373,2480,31774
156.981,384,2480,31772
157.013,373,2480,31776
157.042,376,2480,31774
157.075,387,2480,31770
157.104,384,2480,31773
157.136,379,2480,31775
157.165,384,2480,31773
157.198,381,2480,31774
157.227,375,2480,31773
157.259,378,2480,31770
157.288,376,2479,31765
157.321,383,2479,31759
157.349,381,2478,31753
157.382,379,2478,31751
157.411,383,2477,31740
157.444,374,2476,31727
157.476,382,2476,31720
157.505,377,2476,31718
157.538,383,2475,31715
157.566,384,2475,31712
157.599,385,2474,31699
157.628,386,2474,31695
157.661,382,2472,31670
157.689,385,2470,31653
157.722,388,2470,31650
157.751,380,2470,31644
157.784,377,2470,31647
157.812,377,2470,31646
157.845,384,2470,31647
157.877,384,2470,31640
157.907,376,2470,31642
157.939,384,2470,31640
157.968,391,2468,31622
158.000,385,2466,31589
158.029,387,2464,31568
158.062,387,2463,31555
158.091,381,2462,31538
158.124,387,2460,31523
158.152,387,2460,31515
158.185,386,2460,31517
158.214,381,2460,31516
158.246,387,2459,31504
158.279,390,2456,31470
158.308,386,2455,31449
158.340,386,2451,31403
158.369,386,2446,31335
158.402,387,2445,31322
158.430,382,2441,31279
158.463,385,2438,31241
158.492,387,2436,31215
158.525,394,2436,31211
158.554,380,2435,31203
158.586,382,2435,31197
158.615,385,2435,31193
158.648,390,2434,31190
158.676,394,2432,31154
158.709,390,2430,31130
158.742,389,2425,31064
158.771,392,2420,31007
158.803,391,2418,30978
158.832,393,2416,30951
158.864,390,2415,30943
158.893,395,2415,30938
158.926,392,2414,30929
158.955,393,2412,30908
158.988,392,2410,30873
159.016,384,2406,30830
159.049,402,2405,30815
159.078,389,2404,30800
159.111,398,2401,30766
159.143,385,2401,30759
159.172,386,2400,30747
159.205,383,2400,30749
159.233,391,2399,30738
159.266,386,2395,30690
159.295,398,2394,30677
159.328,387,2391,30633
159.357,395,2389,30614
159.389,387,2388,30590
159.418,394,2383,30533
159.451,391,2381,30504
159.479,390,2380,30495
159.512,394,2379,30486
159.541,390,2377,30455
159.574,389,2375,30431
159.606,394,2374,30414
159.635,387,2370,30362
159.668,394,2367,30331
159.697,390,2368,30333
159.729,393,2367,30333
159.758,391,2367,30331
159.791,399,2366,30310
159.820,398,2364,30292
159.852,394,2361,30254
159.881,401,2360,30240
159.914,392,2360,30236
159.942,395,2360,30232
159.976,403,2354,30161
160.007,400,2350,30109
160.037,397,2341,30000
160.069,397,2336,29924
160.098,399,2333,29894
160.130,395,2326,29807
160.159,391,2326,29798
160.192,399,2326,29804
160.221,395,2326,29799
160.253,393,2325,29794
160.282,392,2325,29795
160.315,388,2326,29797
160.344,392,2325,29794
160.376,392,2325,29785
160.405,399,2323,29763
160.439,390,2316,29677
160.470,404,2315,29655
160.500,393,2313,29631
160.532,398,2310,29596
160.561,396,2309,29589
160.593,399,2310,29600
160.622,396,2315,29660
160.654,392,2321,29737
160.683,398,2326,29802
160.716,393,2332,29878
160.745,396,2335,29917
160.778,402,2336,29925
160.807,397,2335,29922
160.840,386,2336,29923
160.872,399,2336,29930
160.901,391,2335,29923
160.933,386,2339,29972
160.963,398,2349,30100
160.995,399,2358,30209
161.024,398,2361,30245
161.057,400,2367,30323
161.085,391,2375,30428
161.118,391,2376,30447
161.147,392,2379,30475
161.179,391,2380,30488
161.208,392,2380,30495
161.241,392,2381,30512
161.273,391,2387,30583
161.302,395,2391,30629
161.335,384,2395,30681
161.364,394,2398,30728
161.396,395,2400,30749
161.425,389,2400,30752
161.458,393,2404,30806
161.487,388,2406,30832
161.519,391,2411,30884
161.549,393,2414,30926
161.581,388,2414,30929
161.610,390,2415,30937
161.643,389,2415,30936
161.671,392,2415,30940
161.704,388,2415,30940
161.736,393,2415,30942
161.765,384,2415,30940
161.797,395,2415,30942
161.827,390,2415,30942
161.859,392,2415,30940
161.889,395,2415,30939
161.921,397,2415,30941
161.950,391,2415,30937
161.982,386,2415,30935
162.011,393,2411,30895
162.044,386,2407,30842
162.073,386,2405,30818
162.105,399,2404,30803
162.137,393,2401,30759
162.166,392,2401,30757
162.199,388,2399,30743
162.228,391,2400,30747
162.260,394,2399,30738
162.289,394,2399,30735
162.322,393,2394,30675
162.351,397,2390,30626
162.384,396,2388,30601
162.412,390,2383,30538
162.445,390,2380,30494
162.474,401,2379,30480
162.507,400,2376,30436
162.535,404,2374,30415
162.568,394,2368,30343
162.600,399,2365,30299
162.629,397,2362,30261
162.662,398,2360,30237
162.690,396,2360,30236
162.723,392,2359,30225
162.752,386,2351,30128
162.785,392,2344,30027
162.813,403,2336,29925
162.846,397,2333,29894
162.875,396,2325,29795
162.907,398,2317,29680
162.936,402,2315,29656
162.969,403,2310,29598
163.001,399,2306,29542
163.030,406,2305,29530
163.063,390,2304,29526
163.092,402,2304,29522
163.125,390,2304,29514
163.154,400,2303,29505
163.187,394,2302,29488
163.215,396,2300,29469
163.247,396,2296,29417
163.276,394,2288,29314
163.309,399,2282,29240
163.338,397,2275,29152
163.370,391,2275,29148
163.399,388,2275,29147
163.432,388,2275,29148
163.464,397,2275,29147
163.493,389,2275,29148
163.526,395,2275,29143
163.555,397,2275,29143
163.587,396,2274,29133
163.617,400,2271,29092
163.649,405,2271,29095
163.678,394,2271,29093
163.711,391,2271,29096
163.739,389,2270,29090
163.772,405,2270,29078
163.801,396,2264,29011
163.833,392,2259,28948
163.866,396,2257,28914
163.895,397,2256,28905
163.927,396,2255,28898
163.957,398,2255,28891
163.989,398,2255,28897
164.018,405,2256,28900
164.050,392,2259,28942
164.080,397,2262,28985
164.112,395,2269,29070
164.140,395,2273,29117
164.174,398,2275,29146
164.202,395,2275,29148
164.235,396,2275,29148
164.263,397,2276,29158
164.296,391,2285,29270
164.328,394,2289,29325
164.357,400,2297,29424
164.390,399,2301,29477
164.419,393,2310,29598
164.451,391,2315,29662
164.481,401,2320,29722
164.514,394,2325,29785
164.542,390,2327,29811
164.575,394,2329,29836
164.603,394,2328,29830
164.637,397,2328,29832
164.665,399,2330,29854
164.698,397,2335,29915
164.730,395,2339,29972
164.759,392,2348,30082
164.792,390,2352,30133
164.821,394,2356,30182
164.853,389,2357,30203
164.882,391,2360,30235
164.914,395,2360,30238
164.944,393,2361,30253
164.976,387,2365,30303
165.005,390,2371,30381
165.037,401,2376,30441
165.066,390,2380,30490
165.099,385,2380,30495
165.127,389,2384,30547
165.160,390,2390,30620
165.193,395,2393,30663
165.222,396,2398,30719
165.254,394,2400,30751
165.283,386,2404,30795
165.316,391,2406,30824
165.345,396,2409,30865
165.378,389,2413,30911
165.406,392,2414,30934
165.440,390,2415,30941
165.468,391,2415,30941
165.501,381,2417,30972
165.530,388,2420,31004
165.562,397,2420,31006
165.594,383,2422,31036
165.624,385,2424,31063
165.656,390,2426,31087
165.685,385,2427,31090
165.718,399,2428,31104
165.747,396,2428,31109
165.779,386,2428,31111
165.808,390,2430,31134
165.841,387,2431,31146
165.869,392,2432,31162
165.902,387,2432,31163
165.930,389,2432,31157
165.964,386,2432,31162
165.996,389,2432,31164
166.025,391,2432,31162
166.057,392,2432,31154
166.086,388,2433,31174
166.119,390,2434,31191
166.148,394,2435,31197
166.180,392,2435,31197
166.209,389,2435,31197
166.241,384,2435,31196
166.270,397,2435,31199
166.303,393,2435,31199
166.332,387,2435,31198
166.364,386,2435,31201
166.393,388,2435,31203
166.426,384,2436,31207
166.458,386,2438,31238
166.487,385,2440,31262
166.520,386,2444,31308
166.549,396,2445,31324
166.581,394,2445,31324
166.610,384,2445,31323
166.643,391,2446,31335
166.671,389,2446,31335
166.704,385,2447,31352
166.733,389,2449,31372
166.766,390,2451,31398
166.794,386,2453,31428
166.827,380,2455,31452
166.856,391,2456,31461
166.889,394,2457,31483
166.921,396,2459,31506
166.950,386,2459,31509
166.983,390,2460,31516
167.011,383,2460,31516
167.044,382,2460,31516
167.073,384,2460,31525
167.106,381,2461,31526
167.134,387,2460,31524
167.167,389,2461,31530
167.196,386,2462,31540
167.229,383,2463,31558
167.257,387,2466,31593
167.290,382,2468,31625
167.322,380,2470,31644
167.351,388,2470,31641
167.384,380,2470,31642
167.413,387,2470,31650
167.445,375,2470,31650
167.474,378,2471,31654
167.507,389,2471,31653
167.536,380,2472,31667
167.568,375,2473,31683
167.597,376,2473,31690
167.630,380,2474,31699
167.659,384,2475,31705
167.691,383,2475,31707
167.724,378,2475,31711
167.753,384,2475,31717
167.785,379,2476,31719
167.814,380,2476,31718
167.847,385,2476,31725
167.876,384,2476,31718
167.908,377,2476,31721
167.937,378,2476,31726
167.970,378,2477,31732
167.999,377,2477,31740
168.031,384,2478,31749
168.060,378,2478,31755
168.093,376,2479,31759
168.121,384,2479,31762
168.154,375,2478,31752
168.187,382,2479,31761
168.216,381,2479,31766
168.248,384,2479,31765
168.277,380,2479,31764
168.310,392,2479,31766
168.338,381,2480,31770
168.371,389,2480,31774
168.400,378,2480,31772
168.433,376,2480,31773
168.461,379,2480,31775
168.494,381,2480,31775
168.523,381,2480,31777
168.556,376,2480,31775
168.588,383,2481,31783
168.617,378,2481,31786
168.649,378,2481,31786
168.678,380,2481,31791
168.711,375,2481,31793
168.740,380,2482,31798
168.772,384,2483,31808
168.801,383,2483,31808
168.834,380,2484,31821
168.863,376,2484,31823
168.896,379,2484,31829
168.925,377,2484,31831
168.958,377,2485,31839
168.989,373,2485,31841
169.019,374,2485,31840
169.051,376,2485,31844
169.080,385,2486,31845
169.113,373,2486,31851
169.142,375,2486,31847
169.174,377,2486,31852
169.203,368,2486,31856
169.236,378,2487,31861
169.265,379,2487,31860
169.298,382,2488,31875
169.326,366,2488,31878
169.359,371,2489,31891
169.387,380,2489,31892
169.420,375,2490,31898
169.452,376,2490,31907
169.481,375,2490,31909
169.514,372,2490,31904
169.543,372,2491,31913
169.575,374,2491,31911
169.604,372,2490,31908
169.637,377,2490,31907
169.666,376,2490,31907
169.699,371,2491,31913
169.728,380,2491,31915
169.760,373,2491,31913
169.789,377,2491,31920
169.822,375,2492,31925
169.851,380,2492,31929
169.883,376,2492,31929
169.915,376,2492,31932
169.945,372,2492,31934
169.977,372,2493,31936
170.006,373,2493,31945
170.039,371,2493,31942
170.068,375,2494,31950
170.100,371,2493,31947
170.129,369,2494,31957
170.162,375,2494,31958
170.190,371,2494,31957
170.223,373,2494,31955
170.252,372,2494,31954
170.284,372,2494,31959
170.317,368,2494,31958
170.346,370,2494,31959
170.378,373,2495,31962
170.407,375,2495,31962
170.440,371,2494,31958
170.469,376,2495,31966
170.502,374,2495,31963
170.530,370,2495,31963
170.563,381,2494,31960
170.592,370,2495,31962
170.624,370,2495,31962
170.653,371,2495,31964
170.686,377,2495,31966
170.718,372,2495,31962
170.747,370,2495,31965
170.780,374,2495,31964
170.809,372,2495,31965
170.842,366,2495,31966
170.870,366,2495,31964
170.903,374,2495,31962
170.932,368,2495,31965
170.965,373,2495,31966
170.993,369,2495,31964
171.026,369,2495,31967
171.055,370,2495,31964
171.087,371,2495,31966
171.116,374,2495,31966
171.149,373,2495,31968
171.181,370,2495,31966
171.210,370,2495,31964
171.242,377,2495,31967
171.272,372,2495,31963
171.304,368,2495,31969
171.333,364,2495,31967
171.365,366,2495,31966
171.395,371,2495,31968
171.427,372,2495,31967
171.456,368,2494,31959
171.489,373,2495,31968
171.517,369,2495,31965
171.550,369,2495,31961
171.582,368,2495,31971
171.612,371,2495,31964
171.644,371,2495,31969
171.673,378,2495,31965
171.705,372,2495,31972
171.734,375,2495,31972
171.767,371,2495,31968
171.795,376,2496,31974
171.828,367,2495,31966
171.857,372,2496,31977
171.890,368,2496,31976
171.919,372,2496,31977
171.952,362,2496,31975
171.980,369,2496,31978
172.013,374,2496,31976
172.045,372,2495,31972
172.075,372,2496,31981
172.107,362,2496,31974
172.136,370,2496,31973
172.169,362,2496,31976
172.197,366,2495,31970
172.230,374,2496,31977
172.259,372,2496,31977
172.291,372,2496,31980
172.320,365,2496,31977
172.353,365,2496,31983
172.381,370,2496,31986
172.414,365,2496,31982
172.443,369,2496,31984
172.476,367,2496,31983
172.508,373,2497,31990
172.538,368,2497,31990
172.570,361,2496,31982
172.599,365,2496,31985
172.631,372,2497,31986
172.660,352,2496,31983
172.693,367,2497,31987
172.722,365,2497,31991
172.755,367,2497,31992
172.783,361,2497,31993
172.816,367,2497,31992
172.844,367,2498,32002
172.877,364,2497,31998
172.909,369,2498,32000
172.939,368,2498,32002
172.971,369,2498,32002
173.001,364,2497,31997
173.033,360,2497,31997
173.062,369,2498,32000
173.094,365,2498,32000
173.123,364,2498,31999
173.156,369,2498,32001
173.184,367,2498,32002
173.217,370,2498,32000
173.246,364,2498,32002
173.279,370,2498,32008
173.308,360,2498,32004
173.341,366,2499,32014
173.373,359,2499,32016
173.401,364,2499,32018
173.434,372,2499,32015
173.463,376,2499,32022
173.495,367,2499,32023
173.525,370,2498,32012
173.558,359,2499,32021
173.586,365,2499,32024
173.619,367,2499,32022
173.647,369,2499,32023
173.680,365,2500,32026
173.708,374,2499,32021
173.741,365,2499,32024
173.774,358,2499,32024
173.803,365,2499,32020
173.836,363,2499,32022
173.865,360,2499,32021
173.897,371,2500,32025
173.926,367,2500,32025
173.958,363,2499,32022
173.987,361,2500,32025
174.019,361,2500,32026
174.048,363,2500,32026
174.081,364,2500,32027
174.110,364,2500,32026
174.142,365,2499,32024
174.172,372,2500,32030
174.204,360,2500,32027
174.236,365,2500,32027
174.266,363,2500,32032
174.298,363,2500,32032
174.327,357,2500,32032
174.360,362,2500,32031
174.389,360,2500,32028
174.422,362,2500,32032
174.450,358,2500,32031
174.483,361,2500,32027
174.511,366,2500,32034
174.544,361,2500,32030
174.573,368,2500,32032
174.606,374,2500,32034
174.638,365,2500,32031
174.668,367,2500,32029
174.700,371,2500,32032
174.729,363,2500,32035
174.761,358,2500,32032
174.790,366,2500,32034
174.823,365,2500,32027
174.851,364,2500,32030
174.884,364,2500,32034
174.913,362,2500,32031
174.946,359,2500,32033
174.974,358,2500,32033
175.007,363,2500,32030
175.036,360,2500,32030
175.069,356,2500,32032
175.101,361,2500,32033
175.130,360,2500,32032
175.162,364,2500,32036
175.191,367,2500,32027
175.224,365,2500,32030
175.253,367,2500,32031
175.285,364,2500,32030
175.315,363,2500,32033
175.347,355,2500,32028
175.376,366,2500,32030
175.408,354,2500,32026
175.437,367,2500,32030
175.470,358,2500,32025
175.502,361,2500,32029
175.531,359,2500,32033
175.564,360,2500,32027
175.593,364,2500,32027
175.625,367,2499,32024
175.655,361,2500,32028
175.687,366,2499,32020
175.716,365,2499,32020
175.748,363,2499,32020
175.777,359,2499,32016
175.810,367,2498,32011
175.839,367,2498,32006
175.871,367,2498,32002
175.901,364,2498,32002
175.933,373,2497,31998
175.965,367,2498,31999
175.994,364,2497,31996
176.027,364,2498,32001
176.056,366,2497,31997
176.088,363,2497,31998
176.117,362,2498,32003
176.149,372,2498,32000
176.178,363,2498,32002
176.211,367,2498,32000
176.239,361,2497,31993
176.272,364,2498,32005
176.301,364,2498,32002
176.334,366,2498,32004
176.366,367,2498,32000
176.396,372,2498,32001
176.428,362,2498,32007
176.457,368,2498,32008
176.489,372,2498,32003
176.519,359,2497,31998
176.551,364,2498,32007
176.580,359,2498,32004
176.612,368,2498,32009
176.641,361,2498,32007
176.674,366,2498,32010
176.703,358,2498,32008
176.736,361,2499,32015
176.765,369,2499,32017
176.797,369,2499,32016
176.829,376,2499,32017
176.859,366,2499,32021
176.891,364,2499,32018
176.920,360,2499,32018
176.953,360,2499,32020
176.981,362,2499,32021
177.014,368,2499,32020
177.043,369,2500,32027
177.075,357,2500,32026
177.104,362,2500,32027
177.137,364,2500,32029
177.165,358,2499,32022
177.198,364,2500,32026
177.231,367,2500,32025
177.260,359,2500,32032
177.292,362,2500,32027
177.322,368,2500,32027
177.354,368,2500,32026
177.383,370,2500,32032
177.415,369,2500,32026
177.444,364,2500,32030
177.477,367,2500,32028
177.506,363,2500,32028
177.539,364,2500,32025
177.567,353,2500,32027
177.600,358,2500,32031
177.629,361,2500,32036
177.662,361,2500,32033
177.693,361,2500,32031
177.723,371,2500,32033
177.755,374,2500,32031
177.784,370,2500,32031
177.817,360,2500,32031
177.845,360,2500,32032
177.878,357,2500,32032
177.907,363,2500,32030
177.940,367,2500,32030
177.968,364,2500,32026
178.001,370,2500,32028
178.030,363,2500,32030
178.062,362,2500,32025
178.091,360,2500,32027
178.124,359,2500,32025
178.157,363,2499,32018
178.185,367,2499,32014
178.218,363,2498,32004
178.247,368,2498,32009
178.279,367,2498,32001
178.308,368,2497,31994
178.341,367,2497,31986
178.370,362,2496,31982
178.402,368,2496,31976
178.431,370,2496,31974
178.464,371,2496,31974
178.492,367,2495,31969
178.525,372,2495,31967
178.558,367,2495,31972
178.586,371,2495,31964
178.619,368,2495,31970
178.648,373,2495,31964
178.681,376,2495,31965
178.710,369,2495,31966
178.742,371,2495,31966
178.771,363,2495,31964
178.804,368,2495,31961
178.833,365,2495,31966
178.865,366,2495,31962
178.893,370,2495,31962
178.927,371,2495,31961
178.956,379,2494,31958
178.988,373,2495,31963
179.021,361,2494,31956
179.050,376,2494,31953
179.082,373,2494,31951
179.111,372,2494,31949
179.143,377,2494,31952
179.172,382,2494,31954
179.205,375,2494,31948
179.234,369,2494,31948
179.267,374,2494,31949
179.295,373,2494,31949
179.328,369,2494,31951
179.357,369,2493,31942
179.390,371,2493,31947
179.422,374,2493,31944
179.451,374,2493,31936
179.483,380,2492,31927
179.513,371,2492,31928
179.545,371,2492,31924
179.574,368,2491,31920
179.607,373,2490,31900
179.636,382,2490,31900
179.668,367,2489,31895
179.697,378,2489,31889
179.730,373,2489,31890
179.759,375,2489,31891
179.792,374,2488,31883
179.823,370,2488,31876
179.853,380,2487,31864
179.885,372,2487,31869
179.914,373,2486,31853
179.946,376,2486,31849
179.975,379,2486,31847
180.008,376,2485,31838
180.037,377,2485,31840
180.070,376,2485,31835
180.098,374,2484,31830
180.131,377,2484,31825
180.160,370,2483,31814
180.192,382,2482,31802
180.221,369,2481,31788
180.254,374,2480,31780
180.286,380,2480,31777
180.315,381,2480,31777
180.348,377,2480,31773
180.377,374,2480,31774
180.409,379,2480,31772
180.438,385,2479,31768
180.471,381,2478,31750
180.500,385,2477,31733
180.533,383,2476,31727
180.561,379,2475,31714
180.594,381,2475,31714
180.622,373,2475,31707
180.655,379,2475,31704
180.687,380,2474,31700
180.716,382,2474,31700
180.749,382,2474,31695
180.778,375,2474,31696
180.810,384,2473,31689
180.839,387,2471,31661
180.872,380,2471,31656
180.901,378,2470,31650
180.934,387,2470,31649
180.962,374,2470,31642
180.995,389,2469,31639
181.025,379,2468,31626
181.057,387,2468,31627
181.085,383,2468,31623
181.118,382,2467,31607
181.151,388,2467,31603
181.180,388,2466,31597
181.212,386,2466,31597
181.241,385,2466,31590
181.273,379,2466,31590
181.303,381,2464,31571
181.335,384,2464,31567
181.364,390,2464,31572
181.396,385,2463,31554
181.425,387,2462,31544
181.458,385,2461,31526
181.487,383,2461,31534
181.520,384,2460,31524
181.548,383,2460,31522
181.581,389,2460,31516
181.613,385,2460,31517
181.643,390,2460,31519
181.675,385,2460,31517
181.704,386,2460,31517
181.736,387,2459,31510
181.765,388,2458,31497
181.798,376,2458,31489
181.827,383,2456,31467
181.860,387,2455,31452
181.889,380,2454,31447
181.921,389,2454,31443
181.950,381,2453,31422
181.982,392,2451,31404
182.015,388,2449,31383
182.044,389,2447,31354
182.076,378,2447,31349
182.105,391,2446,31342
182.138,379,2446,31339
182.167,395,2446,31336
182.199,381,2445,31326
182.228,388,2445,31329
182.260,385,2445,31328
182.289,387,2445,31331
182.322,386,2445,31328
182.351,385,2444,31313
182.383,386,2443,31302
182.416,385,2443,31300
182.445,379,2440,31259
182.477,387,2437,31222
182.506,388,2435,31201
182.539,390,2435,31198
182.568,387,2435,31198
182.600,382,2435,31197
182.629,385,2435,31192
182.662,390,2434,31190
182.691,381,2431,31149
182.723,393,2430,31135
182.752,381,2425,31073
182.785,390,2421,31024
182.813,395,2421,31014
182.846,391,2421,31013
182.879,390,2419,30995
182.908,394,2417,30968
182.940,398,2416,30961
182.969,382,2416,30951
183.002,390,2415,30936
183.030,388,2414,30933
183.063,381,2414,30935
183.092,387,2413,30917
183.125,391,2413,30918
183.153,391,2409,30870
183.186,390,2407,30840
183.215,391,2406,30828
183.248,400,2405,30812
183.280,389,2402,30770
183.309,388,2400,30750
183.342,388,2398,30720
183.370,396,2393,30658
183.403,391,2388,30601
183.432,391,2381,30507
183.465,391,2380,30490
183.493,390,2375,30427
183.526,390,2369,30350
183.555,395,2365,30301
183.587,383,2360,30241
183.616,396,2360,30234
183.649,393,2356,30180
183.681,390,2352,30133
183.710,391,2350,30107
183.743,394,2344,30037
183.772,395,2342,30001
183.804,392,2339,29974
183.833,393,2340,29975
183.866,389,2336,29931
183.895,398,2336,29927
183.927,393,2335,29920
183.956,385,2335,29916
183.989,395,2334,29905
184.018,385,2334,29908
184.050,390,2330,29851
184.079,393,2329,29838
184.112,383,2325,29791
184.144,398,2325,29788
184.173,395,2321,29737
184.206,396,2318,29704
184.235,392,2317,29681
184.267,392,2316,29673
184.296,392,2316,29669
184.329,388,2316,29668
184.358,389,2315,29663
184.391,395,2315,29661
184.419,393,2315,29661
184.452,395,2314,29648
184.481,391,2314,29641
184.514,391,2312,29616
184.546,390,2311,29614
184.575,388,2309,29582
184.607,399,2305,29534
184.636,393,2300,29473
184.669,397,2300,29469
184.698,385,2300,29464
184.730,397,2296,29411
184.760,395,2293,29383
184.792,398,2291,29349
184.821,389,2288,29320
184.853,395,2289,29323
184.882,399,2288,29315
184.915,399,2289,29324
184.943,398,2288,29316
184.976,390,2291,29348
185.009,400,2290,29346
185.038,388,2291,29354
185.070,397,2292,29360
185.099,391,2292,29366
185.132,398,2291,29356
185.160,389,2290,29335
185.193,397,2289,29327
185.222,401,2287,29297
185.254,401,2285,29278
185.283,394,2285,29278
185.316,395,2284,29269
185.345,405,2275,29144
185.377,400,2273,29122
185.410,405,2271,29094
185.439,391,2270,29090
185.471,404,2270,29084
185.501,396,2269,29068
185.533,392,2264,29001
185.562,391,2263,28996
185.595,400,2262,28978
185.624,397,2261,28965
185.656,402,2260,28961
185.685,398,2260,28956
185.718,399,2259,28947
185.747,395,2256,28910
185.779,397,2255,28898
185.808,397,2255,28893
185.841,392,2255,28891
185.873,386,2255,28889
185.902,395,2255,28894
185.935,396,2255,28894
185.964,382,2256,28901
185.996,395,2256,28907
186.025,388,2256,28905
186.057,388,2256,28901
186.086,393,2255,28893
186.119,400,2255,28892
186.148,397,2255,28887
186.181,388,2255,28891
186.209,384,2255,28889
186.242,384,2254,28883
186.274,395,2252,28858
186.304,394,2250,28826
186.336,396,2245,28769
186.365,405,2244,28753
186.397,393,2240,28701
186.427,390,2235,28631
186.459,391,2230,28572
186.488,398,2224,28491
186.521,394,2220,28445
186.550,395,2219,28428
186.582,395,2215,28382
186.611,396,2214,28364
186.644,394,2211,28325
186.675,385,2206,28261
186.705,392,2204,28236
186.737,396,2200,28190
186.766,403,2199,28172
186.799,395,2189,28052
186.828,401,2177,27896
186.861,396,2174,27857
186.890,392,2166,27749
186.922,393,2162,27694
186.951,400,2160,27674
186.983,403,2155,27611
187.012,400,2150,27546
187.045,393,2145,27485
187.077,397,2140,27423
187.106,403,2136,27372
187.139,397,2126,27234
187.168,398,2117,27124
187.200,396,2115,27097
187.229,404,2114,27091
187.262,392,2115,27092
187.290,400,2115,27094
187.323,403,2115,27095
187.352,403,2115,27098
187.384,392,2114,27091
187.413,391,2111,27043
187.446,397,2110,27028
187.474,396,2104,26959
187.507,397,2104,26963
187.540,393,2103,26949
187.569,397,2103,26948
187.601,399,2103,26941
187.631,396,2102,26928
187.663,391,2100,26912
187.692,400,2101,26917
187.724,389,2101,26916
187.753,395,2100,26906
187.786,398,2100,26905
187.815,394,2100,26908
187.848,406,2100,26907
187.876,395,2099,26899
187.909,404,2099,26898
187.941,390,2100,26902
187.971,394,2100,26903
188.003,399,2100,26907
188.032,385,2100,26905
188.065,401,2101,26916
188.094,395,2104,26954
188.126,396,2104,26956
188.155,393,2104,26952
188.188,395,2101,26921
188.216,401,2099,26891
188.249,396,2100,26900
188.278,392,2099,26889
188.311,400,2096,26858
188.343,397,2096,26850
188.372,405,2095,26847
188.404,405,2095,26842
188.434,405,2095,26844
188.466,395,2095,26845
188.495,399,2095,26846
188.527,407,2098,26876
188.557,394,2102,26926
188.590,389,2110,27034
188.618,401,2110,27040
188.651,394,2112,27060
188.679,394,2114,27082
188.712,398,2115,27100
188.744,397,2133,27331
188.774,397,2150,27543
188.806,401,2165,27741
188.835,393,2187,28027
188.867,400,2200,28187
188.897,396,2204,28243
188.929,392,2205,28255
188.958,398,2206,28264
188.991,404,2210,28316
189.019,396,2220,28441
189.052,397,2227,28537
189.081,397,2237,28655
189.113,394,2240,28701
189.146,391,2240,28703
189.175,392,2242,28728
189.207,401,2244,28755
189.236,395,2245,28764
189.269,396,2249,28812
189.298,405,2253,28864
189.330,389,2255,28895
189.359,401,2261,28968
189.392,394,2269,29071
189.421,388,2271,29095
189.454,392,2274,29133
189.482,394,2275,29147
189.514,394,2280,29214
189.547,401,2287,29299
189.576,391,2296,29415
189.608,388,2300,29471
189.637,399,2309,29580
189.670,398,2315,29659
189.699,395,2317,29690
189.732,393,2325,29783
189.760,396,2330,29854
189.794,393,2335,29920
189.822,391,2341,29989
189.855,398,2348,30085
189.883,395,2353,30141
189.916,395,2358,30214
189.948,392,2360,30233
189.978,390,2360,30238
190.010,394,2360,30240
190.039,399,2360,30237
190.072,401,2362,30258
190.100,394,2364,30293
190.133,385,2366,30309
190.162,395,2372,30385
190.194,392,2375,30434
190.223,388,2378,30465
190.256,398,2379,30481
190.285,390,2380,30492
190.318,393,2381,30502
190.346,394,2387,30587
190.379,389,2392,30650
190.411,391,2398,30726
190.441,394,2400,30747
190.473,395,2404,30803
190.502,385,2405,30814
190.534,393,2407,30839
190.563,392,2408,30857
190.596,394,2410,30871
190.625,394,2412,30899
190.657,386,2414,30929
190.686,388,2415,30940
190.720,387,2415,30941
190.748,395,2415,30942
190.780,389,2415,30944
190.813,388,2415,30948
190.842,393,2416,30955
190.874,396,2417,30968
190.903,391,2419,30996
190.936,388,2420,31011
190.965,386,2422,31031
190.997,391,2424,31057
191.026,388,2426,31087
191.059,390,2428,31112
191.088,393,2429,31127
191.120,397,2429,31127
191.149,390,2431,31144
191.182,396,2431,31153
191.214,382,2433,31166
191.243,382,2433,31169
191.275,387,2433,31170
191.305,387,2433,31178
191.337,380,2434,31189
191.367,387,2434,31189
191.399,394,2434,31191
191.428,385,2434,31186
191.460,383,2435,31192
191.489,389,2435,31195
191.522,387,2435,31195
191.551,393,2435,31194
191.583,393,2435,31198
191.612,389,2435,31197
191.645,387,2435,31198
191.677,385,2435,31198
191.706,388,2435,31198
191.738,396,2435,31197
191.767,388,2435,31199
191.800,393,2435,31202
191.828,394,2436,31213
191.861,382,2437,31219
191.890,393,2438,31240
191.923,387,2439,31251
191.952,383,2442,31290
191.984,384,2444,31314
192.013,394,2445,31330
192.046,385,2446,31340
192.078,389,2449,31379
192.107,379,2452,31416
192.140,388,2454,31437
192.169,384,2455,31450
192.201,389,2456,31465
192.230,393,2458,31491
192.263,394,2460,31515
192.292,384,2460,31517
192.324,381,2460,31514
192.354,386,2460,31521
192.386,387,2461,31527
192.415,375,2461,31530
192.448,387,2462,31549
192.480,379,2463,31557
192.509,385,2465,31576
192.541,380,2466,31595
192.571,378,2467,31605
192.603,379,2467,31611
192.632,390,2468,31619
192.664,377,2469,31634
192.693,373,2470,31641
192.726,382,2470,31647
192.755,382,2470,31647
192.788,381,2470,31648
192.817,386,2470,31648
192.849,382,2471,31665
192.878,377,2473,31687
192.910,384,2474,31701
192.942,384,2474,31704
192.972,381,2475,31714
193.004,377,2476,31720
193.033,381,2477,31736
193.066,385,2478,31743
193.094,378,2479,31758
193.127,387,2479,31763
193.156,384,2480,31770
193.189,378,2480,31772
193.217,388,2480,31773
193.250,384,2480,31775
193.279,380,2480,31779
193.312,383,2480,31780
193.344,383,2481,31787
193.374,385,2482,31796
193.405,379,2483,31811
193.435,380,2483,31818
193.467,380,2484,31825
193.496,370,2484,31831
193.529,371,2484,31832
193.558,385,2485,31836
193.590,381,2485,31836
193.619,381,2485,31838
193.652,375,2485,31839
193.680,381,2485,31842
193.713,375,2485,31840
193.742,377,2485,31844
193.775,373,2486,31847
193.807,377,2486,31849
193.836,381,2485,31844
193.868,380,2486,31847
193.898,373,2485,31840
193.930,376,2486,31847
193.959,368,2486,31850
193.991,365,2486,31846
194.020,380,2486,31855
194.052,376,2486,31845
194.081,376,2486,31846
194.114,373,2486,31850
194.143,376,2486,31852
194.175,379,2486,31848
194.208,376,2486,31849
194.237,372,2486,31849
194.269,380,2486,31849
194.299,373,2487,31858
194.331,366,2487,31861
194.361,378,2487,31863
194.393,374,2488,31871
194.422,372,2487,31868
194.455,374,2487,31869
194.483,374,2488,31874
194.516,377,2488,31881
194.545,376,2488,31872
194.577,376,2489,31884
194.606,379,2489,31887
194.639,369,2489,31887
194.671,376,2489,31887
194.700,369,2489,31884
194.733,372,2489,31894
194.762,380,2490,31897
194.794,370,2489,31887
194.824,377,2490,31897
194.856,374,2489,31890
194.885,379,2489,31894
194.917,379,2490,31900
194.946,380,2490,31902
194.979,369,2490,31906
195.008,375,2491,31910
195.041,376,2491,31910
195.073,378,2490,31907
195.102,367,2490,31907
195.134,371,2490,31908
195.163,381,2491,31915
195.195,376,2491,31919
195.224,368,2490,31909
195.257,362,2491,31919
195.286,378,2492,31923
195.318,375,2491,31912
195.347,374,2491,31910
195.380,372,2491,31921
195.409,373,2491,31912
195.441,371,2492,31922
195.474,374,2491,31916
195.503,372,2492,31922
195.535,370,2491,31921
195.565,366,2491,31918
195.597,375,2492,31926
195.626,372,2492,31926
195.658,372,2492,31928
195.687,373,2492,31923
195.719,377,2492,31924
195.748,375,2492,31928
195.782,378,2492,31927
195.810,377,2492,31928
195.843,368,2492,31926
195.871,377,2492,31928
195.904,366,2492,31925
195.936,374,2492,31929
195.966,367,2492,31934
195.998,370,2493,31935
196.028,387,2493,31941
196.060,373,2494,31951
196.089,364,2494,31949
196.121,372,2493,31943
196.150,362,2494,31955
196.183,369,2494,31955
196.211,374,2494,31949
196.244,372,2494,31958
196.273,371,2494,31949
196.305,370,2495,31961
196.338,370,2495,31963
196.367,365,2495,31966
196.399,373,2495,31963
196.428,373,2495,31966
196.461,366,2495,31964
196.490,374,2495,31965
196.523,370,2495,31967
196.551,370,2495,31966
196.585,366,2495,31963
196.613,373,2495,31966
196.646,376,2495,31966
196.675,376,2495,31965
196.707,368,2495,31964
196.736,371,2494,31959
196.769,363,2495,31967
196.801,363,2495,31964
196.830,363,2495,31963
196.862,372,2495,31972
196.891,364,2495,31969
196.924,365,2495,31968
196.953,368,2495,31973
196.986,368,2495,31972
197.015,374,2495,31966
197.047,372,2495,31971
197.076,366,2496,31973
197.109,365,2496,31977
197.138,367,2496,31976
197.170,370,2496,31978
197.202,356,2496,31979
197.231,374,2496,31984
197.264,373,2496,31977
197.293,364,2496,31983
197.325,365,2496,31983
197.355,366,2496,31983
197.387,380,2496,31984
197.416,369,2497,31990
197.449,372,2497,31993
197.477,358,2498,32001
197.510,356,2498,32005
197.539,358,2499,32014
197.572,358,2498,32004
197.600,361,2499,32014
197.633,365,2498,32008
197.666,358,2499,32012
197.694,364,2498,32006
197.727,363,2498,32008
197.756,368,2498,32011
197.788,366,2499,32012
197.817,360,2499,32015
197.850,361,2499,32014
197.879,361,2499,32017
197.912,363,2499,32016
197.940,359,2499,32013
197.973,369,2499,32014
198.001,362,2499,32015
198.035,362,2499,32016
198.067,361,2499,32013
198.096,358,2499,32020
198.128,364,2499,32014
198.157,364,2498,32010
198.189,362,2499,32017
198.218,359,2499,32016
198.251,357,2499,32015
198.280,365,2499,32014
198.312,355,2499,32014
198.341,370,2499,32016
198.374,365,2499,32015
198.402,371,2499,32017
198.435,355,2499,32017
198.467,359,2499,32019
198.497,364,2499,32019
198.529,366,2499,32022
198.558,370,2500,32026
198.591,370,2500,32029
198.620,357,2500,32030
198.652,362,2500,32032
198.681,365,2500,32033
198.714,358,2500,32034
198.742,358,2500,32032
198.775,365,2500,32034
198.804,362,2501,32038
198.837,361,2500,32036
198.865,361,2501,32044
198.898,369,2501,32041
198.931,358,2500,32035
198.959,359,2500,32036
198.992,363,2501,32044
199.021,359,2501,32049
199.054,363,2501,32040
199.082,363,2501,32042
199.115,365,2501,32038
199.144,362,2501,32041
199.176,364,2500,32034
199.205,348,2500,32036
199.238,359,2500,32031
199.267,350,2501,32039
199.299,360,2500,32033
199.328,359,2500,32035
199.361,359,2500,32026
199.393,355,2500,32026
199.422,356,2500,32027
199.455,363,2500,32034
199.484,368,2500,32027
199.516,362,2499,32018
199.545,367,2498,32008
199.578,368,2498,32002
199.607,359,2497,31995
199.639,356,2496,31982
199.668,369,2495,31971
199.701,363,2496,31976
199.729,368,2495,31972
199.762,367,2496,31976
199.795,369,2495,31971
199.824,365,2495,31967
199.856,375,2495,31966
199.885,368,2495,31963
199.918,373,2494,31958
199.947,360,2495,31965
199.979,358,2495,31961
200.008,371,2494,31957
200.041,365,2493,31940
200.070,369,2492,31926
200.102,374,2491,31915
200.131,374,2489,31891
200.164,374,2488,31872
200.192,377,2486,31856
200.225,375,2485,31842
200.258,377,2485,31838
200.287,379,2485,31839
200.319,374,2484,31830
200.348,373,2484,31825
200.381,378,2483,31807
200.409,380,2481,31788
200.442,376,2481,31783
200.471,381,2480,31779
200.504,372,2480,31776
200.532,380,2480,31770
200.565,374,2480,31770
200.594,383,2479,31757
200.626,387,2476,31729
200.659,383,2476,31717
200.688,383,2475,31707
200.720,378,2473,31690
200.749,386,2473,31680
200.782,380,2472,31672
200.811,375,2471,31660
200.843,386,2470,31651
200.872,372,2470,31649
200.905,380,2470,31646
200.934,380,2469,31629
200.967,388,2467,31609
200.996,385,2466,31595
201.028,377,2465,31586
201.060,389,2465,31576
201.090,384,2463,31554
201.122,393,2462,31539
201.152,386,2461,31533
201.184,392,2462,31540
201.212,383,2461,31526
201.245,381,2460,31518
201.274,378,2460,31518
201.307,376,2460,31518
201.336,382,2459,31508
201.369,392,2458,31489
201.397,384,2457,31474
201.430,380,2456,31466
201.458,396,2456,31467
201.491,377,2456,31464
201.523,389,2454,31446
201.553,384,2454,31447
201.585,393,2454,31438
201.614,383,2453,31428
201.646,376,2451,31408
201.676,382,2450,31385
201.708,385,2447,31350
201.737,395,2445,31328
201.770,389,2445,31324
201.798,382,2444,31315
201.831,393,2443,31299
201.860,378,2442,31282
201.893,394,2440,31267
201.925,381,2440,31260
201.954,388,2438,31235
201.986,384,2437,31223
202.016,386,2435,31202
202.048,380,2435,31199
202.077,389,2435,31198
202.109,378,2435,31195
202.139,386,2435,31197
202.171,387,2434,31189
202.200,389,2434,31186
202.232,389,2432,31155
202.261,393,2430,31139
202.294,379,2427,31098
202.323,394,2424,31053
202.356,381,2421,31018
202.388,392,2419,30994
202.417,382,2416,30958
202.450,386,2415,30938
202.478,399,2414,30928
202.511,390,2412,30903
202.540,381,2409,30860
202.572,384,2406,30826
202.601,386,2405,30811
202.634,388,2404,30799
202.662,388,2402,30776
202.695,388,2401,30759
202.724,386,2400,30753
202.757,385,2400,30749
202.789,384,2399,30740
202.819,389,2398,30727
202.851,387,2396,30694
202.879,391,2395,30679
202.912,388,2393,30664
202.941,388,2392,30644
202.973,399,2391,30631
203.002,402,2390,30620
203.035,389,2389,30608
203.063,389,2386,30575
203.096,393,2384,30547
203.125,388,2382,30520
203.159,397,2381,30503
203.187,383,2380,30499
203.219,380,2380,30495
203.252,383,2380,30488
203.281,394,2379,30479
203.314,390,2377,30449
203.342,391,2375,30426
203.375,393,2373,30402
203.404,394,2371,30376
203.436,383,2368,30336
203.466,387,2365,30304
203.498,391,2365,30297
203.527,390,2364,30284
203.559,405,2362,30268
203.588,400,2361,30250
203.621,388,2360,30240
203.653,390,2360,30238
203.683,390,2359,30225
203.715,394,2358,30214
203.745,399,2356,30186
203.776,397,2356,30181
203.806,390,2356,30180
203.838,384,2355,30175
203.867,392,2355,30173
203.899,401,2356,30183
203.928,386,2356,30187
203.961,392,2357,30196
203.990,403,2359,30226
204.023,390,2360,30234
204.055,402,2360,30241
204.084,397,2361,30253
204.116,391,2361,30256
204.146,384,2361,30255
204.178,397,2363,30270
204.206,398,2364,30290
204.239,397,2365,30300
204.268,390,2365,30302
204.301,384,2366,30312
204.330,391,2367,30327
204.362,396,2369,30355
204.391,396,2372,30386
204.424,388,2375,30427
204.453,393,2376,30448
204.485,390,2379,30477
204.517,391,2380,30489
204.547,386,2380,30492
204.579,390,2380,30494
204.608,393,2382,30517
204.640,391,2386,30572
204.670,390,2389,30606
204.702,393,2391,30628
204.731,387,2395,30679
204.764,392,2399,30732
204.792,393,2400,30744
204.825,396,2400,30751
204.854,391,2404,30795
204.887,390,2405,30814
204.915,383,2407,30844
204.948,392,2411,30894
204.980,383,2414,30933
205.009,402,2415,30943
205.042,383,2415,30943
205.072,389,2416,30953
205.103,384,2418,30977
205.132,382,2419,30996
205.165,391,2422,31025
205.193,386,2426,31077
205.226,387,2429,31123
205.255,386,2430,31138
205.288,394,2431,31148
205.316,386,2434,31182
205.349,396,2435,31194
205.382,395,2435,31195
205.411,389,2435,31198
205.444,388,2435,31201
205.473,389,2437,31226
205.505,390,2441,31280
205.534,385,2444,31320
205.567,384,2445,31331
205.595,382,2446,31343
205.628,385,2448,31366
205.657,386,2452,31412
205.690,389,2453,31425
205.718,384,2454,31439
205.751,388,2455,31451
205.783,386,2456,31461
205.812,379,2457,31474
205.845,387,2458,31487
205.874,381,2459,31505
205.906,388,2459,31510
205.935,382,2460,31514
205.968,389,2460,31517
205.997,381,2460,31519
206.029,390,2460,31520
206.058,383,2460,31522
206.091,385,2461,31526
206.119,381,2462,31543
206.153,375,2464,31563
206.181,373,2465,31587
206.214,390,2467,31604
206.246,387,2469,31628
206.275,384,2470,31642
206.308,380,2470,31646
206.337,378,2470,31647
206.369,382,2470,31652
206.398,383,2471,31653
206.431,379,2471,31662
206.459,377,2472,31667
206.492,372,2472,31677
206.521,387,2473,31685
206.554,383,2474,31699
206.583,382,2475,31705
206.615,381,2475,31712
206.647,383,2476,31717
206.676,379,2476,31720
206.709,384,2476,31725
206.738,380,2478,31745
206.771,389,2479,31765
206.800,370,2479,31768
206.832,377,2480,31772
206.861,377,2480,31775
206.893,380,2480,31771
206.922,368,2480,31776
206.955,374,2480,31777
206.984,378,2481,31783
207.017,379,2482,31794
207.045,373,2483,31807
207.078,373,2484,31822
207.110,378,2484,31830
207.140,386,2485,31834
207.172,373,2485,31837
207.201,374,2485,31837
207.233,383,2486,31850
207.262,379,2486,31846
207.295,369,2486,31852
207.324,379,2487,31863
207.356,374,2487,31870
207.385,373,2489,31892
207.418,370,2490,31902
207.446,378,2491,31910
207.479,375,2492,31929
207.511,373,2493,31943
207.540,380,2493,31944
207.573,373,2494,31957
207.603,366,2495,31961
207.635,372,2495,31961
207.663,372,2495,31965
207.696,378,2495,31961
207.726,375,2495,31963
207.758,368,2495,31966
207.787,376,2495,31963
207.820,365,2495,31965
207.849,365,2495,31968
207.881,369,2495,31968
207.910,370,2495,31968
207.942,370,2495,31972
207.975,378,2495,31970
208.004,373,2495,31969
208.036,375,2495,31971
208.065,365,2496,31974
208.098,362,2496,31975
208.127,361,2495,31972
208.159,366,2496,31978
208.189,369,2496,31979
208.220,369,2496,31986
208.249,365,2498,32001
208.282,366,2498,32004
208.311,368,2498,32011
208.344,370,2498,32009
208.376,365,2499,32019
208.405,372,2499,32023
208.437,360,2499,32022
208.466,362,2500,32027
208.499,358,2500,32029
208.528,361,2500,32030
208.560,362,2500,32031
208.590,367,2500,32028
208.622,358,2501,32039
208.651,360,2501,32041
208.684,357,2501,32038
208.712,360,2501,32040
208.745,357,2501,32048
208.774,358,2501,32043
208.807,358,2501,32045
208.839,362,2500,32037
208.868,358,2501,32044
208.900,362,2501,32049
208.929,351,2501,32042
208.962,351,2501,32046
208.991,365,2501,32047
209.023,362,2501,32048
209.052,359,2501,32043
209.085,355,2502,32059
209.113,362,2502,32057
209.147,357,2502,32057
209.175,356,2502,32055
209.208,362,2502,32057
209.240,359,2502,32062
209.269,349,2503,32066
209.302,356,2503,32065
209.331,357,2503,32066
209.363,355,2503,32068
209.392,354,2503,32065
209.425,362,2504,32076
209.454,356,2503,32071
209.486,359,2504,32078
209.515,356,2503,32075
209.548,356,2503,32073
209.576,357,2504,32082
209.609,350,2504,32081
209.637,353,2504,32083
209.670,349,2504,32086
209.703,344,2504,32079
209.732,352,2505,32090
209.764,353,2504,32087
209.794,355,2504,32083
209.826,351,2505,32095
209.855,356,2505,32092
209.888,354,2505,32092
209.917,352,2505,32089
209.949,357,2504,32083
209.978,356,2504,32084
210.011,351,2504,32084
210.039,354,2505,32100
210.073,354,2504,32085
210.105,352,2504,32088
210.133,359,2505,32091
210.166,352,2505,32097
210.195,352,2504,32087
210.227,355,2505,32091
210.256,350,2505,32096
210.289,351,2504,32087
210.318,354,2505,32092
210.350,350,2505,32093
210.379,351,2505,32097
210.412,351,2505,32090
210.441,353,2505,32095
210.473,352,2505,32096
210.502,357,2505,32095
210.535,354,2505,32100
210.567,358,2505,32091
210.597,349,2505,32093
210.629,353,2504,32088
210.658,351,2505,32095
210.690,356,2504,32082
210.720,355,2505,32090
210.752,354,2505,32091
210.781,353,2505,32092
210.814,353,2505,32092
210.842,360,2504,32088
210.875,355,2505,32093
210.903,354,2504,32088
210.936,356,2505,32090
210.965,353,2505,32092
210.998,358,2505,32092
211.030,354,2505,32093
211.059,351,2505,32090
211.092,353,2505,32095
211.120,353,2504,32086
211.153,356,2504,32085
211.182,352,2505,32095
211.215,357,2505,32091
211.243,352,2504,32088
211.276,363,2504,32086
211.305,354,2504,32083
211.338,351,2504,32081
211.366,354,2504,32078
211.399,358,2503,32074
211.432,354,2504,32078
211.461,352,2503,32076
211.493,362,2503,32072
211.523,360,2503,32069
211.555,356,2502,32058
211.584,363,2503,32064
211.616,358,2502,32055
211.645,360,2502,32055
211.677,359,2501,32045
211.707,357,2501,32048
211.739,367,2501,32043
211.768,357,2500,32034
211.800,355,2501,32042
211.832,358,2501,32042
211.862,361,2500,32035
211.894,359,2501,32041
211.923,359,2500,32034
211.956,357,2501,32041
211.984,346,2500,32037
212.017,361,2500,32035
212.047,361,2500,32035
212.079,354,2500,32028
212.108,366,2500,32027
212.140,359,2500,32026
212.169,366,2500,32025
212.202,366,2499,32021
212.230,362,2499,32022
212.263,363,2499,32019
212.296,363,2499,32014
212.324,368,2498,32011
212.357,362,2499,32014
212.387,372,2498,32010
212.419,361,2498,32000
212.448,364,2498,32003
212.481,365,2497,31992
212.509,368,2497,31994
212.542,366,2496,31983
212.571,362,2496,31981
212.603,364,2496,31982
212.632,366,2497,31989
212.665,367,2496,31980
212.697,365,2496,31978
212.726,358,2496,31973
212.759,370,2495,31971
212.788,368,2495,31967
212.820,375,2495,31969
212.849,369,2495,31960
212.882,364,2494,31960
212.910,374,2495,31966
212.943,367,2495,31967
212.972,367,2495,31965
213.005,365,2495,31966
213.033,365,2495,31966
213.066,375,2495,31965
213.095,373,2495,31964
213.128,367,2495,31966
213.160,371,2495,31962
213.189,378,2495,31961
213.221,374,2495,31961
213.250,370,2494,31951
213.283,369,2493,31943
213.312,374,2494,31948
213.344,367,2492,31934
213.373,376,2492,31934
213.406,373,2492,31933
213.435,370,2491,31915
213.467,372,2491,31915
213.496,377,2491,31913
213.529,375,2490,31909
213.558,375,2490,31904
213.590,369,2490,31901
213.623,376,2490,31898
213.652,375,2489,31885
213.684,368,2488,31874
213.713,371,2488,31874
213.746,378,2487,31868
213.775,375,2487,31864
213.808,372,2486,31857
213.836,383,2486,31849
213.869,378,2486,31846
213.898,373,2486,31845
213.931,367,2485,31844
213.959,381,2485,31841
213.992,378,2485,31838
214.024,385,2485,31834
214.053,377,2484,31828
214.085,377,2483,31817
214.114,378,2482,31798
214.147,378,2481,31785
214.176,380,2480,31780
214.208,375,2480,31777
214.237,381,2480,31774
214.270,377,2480,31775
214.299,379,2480,31771
214.331,374,2480,31770
214.360,376,2480,31771
214.393,373,2479,31761
214.422,375,2479,31761
214.454,366,2477,31742
214.487,379,2477,31734
214.516,385,2475,31713
214.548,388,2475,31706
214.577,386,2474,31697
214.610,384,2472,31669
214.639,379,2471,31659
214.671,381,2470,31645
214.700,377,2469,31630
214.733,382,2467,31602
214.761,388,2465,31586
214.794,383,2464,31566
214.823,384,2461,31529
214.856,380,2461,31526
214.888,378,2460,31524
214.917,382,2460,31516
214.950,384,2460,31519
214.979,374,2460,31518
215.011,387,2460,31515
215.040,390,2459,31508
215.073,382,2458,31496
215.101,380,2457,31480
215.134,383,2456,31465
215.163,378,2455,31458
215.196,375,2453,31434
215.224,383,2452,31411
215.257,381,2448,31359
215.290,387,2445,31328
215.318,379,2444,31310
215.351,389,2440,31261
215.380,388,2436,31210
215.413,383,2435,31202
215.441,388,2435,31200
215.474,391,2435,31199
215.503,380,2435,31197
215.536,388,2434,31189
215.564,391,2432,31158
215.597,387,2430,31137
215.626,383,2429,31127
215.658,389,2428,31114
215.691,386,2425,31072
215.720,390,2422,31037
215.752,391,2420,31010
215.781,388,2418,30985
215.814,378,2416,30955
215.843,394,2415,30941
215.875,396,2413,30915
215.904,394,2407,30838
215.937,387,2405,30809
215.966,401,2402,30771
215.998,392,2400,30755
216.027,404,2400,30748
216.060,387,2398,30729
216.089,396,2396,30698
216.121,400,2394,30670
216.154,387,2394,30670
216.183,389,2391,30637
216.215,385,2390,30620
216.244,387,2389,30608
216.277,391,2387,30579
216.306,392,2385,30552
216.338,387,2382,30521
216.367,383,2380,30499
216.400,397,2380,30491
216.429,382,2380,30494
216.461,386,2378,30467
216.490,394,2376,30438
216.523,398,2373,30405
216.555,387,2367,30322
216.584,393,2364,30294
216.616,383,2361,30251
216.645,386,2360,30237
216.678,393,2360,30233
216.707,386,2358,30212
216.740,392,2355,30168
216.768,391,2354,30163
216.801,401,2352,30140
216.830,393,2352,30131
216.863,394,2351,30116
216.892,395,2350,30107
216.924,388,2350,30113
216.953,397,2350,30107
216.986,394,2349,30096
217.019,403,2348,30090
217.048,392,2348,30079
217.080,400,2345,30050
217.109,396,2346,30053
217.142,396,2343,30017
217.170,392,2341,29991
217.203,398,2342,30007
217.232,391,2340,29980
217.264,390,2339,29967
217.293,394,2338,29950
217.326,386,2336,29923
217.355,396,2335,29914
217.387,400,2335,29918
217.420,387,2335,29919
217.449,396,2335,29917
217.481,391,2335,29916
217.510,400,2335,29917
217.543,393,2335,29913
217.572,395,2334,29908
217.604,402,2334,29899
217.633,401,2333,29896
217.666,393,2333,29889
217.695,399,2332,29877
217.727,393,2331,29869
217.756,393,2330,29857
217.789,391,2330,29856
217.821,402,2331,29860
217.850,400,2330,29850
217.882,394,2329,29837
217.912,395,2330,29856
217.944,399,2330,29854
217.973,396,2332,29873
218.007,385,2332,29882
218.035,392,2333,29886
218.067,388,2333,29888
218.096,397,2334,29902
218.129,395,2335,29913
218.157,387,2335,29915
218.190,390,2335,29915
218.219,391,2335,29919
218.251,390,2336,29927
218.284,395,2337,29942
218.313,392,2338,29961
218.346,396,2340,29976
218.375,387,2341,29991
218.407,396,2343,30023
218.436,392,2348,30085
218.469,397,2350,30113
218.497,394,2352,30140
218.530,394,2358,30208
218.558,383,2360,30238
218.591,388,2362,30259
218.620,395,2366,30312
218.653,391,2372,30390
218.685,390,2376,30440
218.714,377,2379,30487
218.747,398,2381,30500
218.776,393,2385,30562
218.809,387,2389,30613
218.838,390,2392,30651
218.870,390,2397,30707
218.899,386,2400,30749
218.932,394,2401,30764
218.960,394,2405,30818
218.993,389,2411,30896
219.022,387,2415,30938
219.055,391,2418,30984
219.087,393,2426,31085
219.116,388,2430,31131
219.148,376,2433,31169
219.178,388,2435,31192
219.210,379,2435,31195
219.239,382,2436,31206
219.271,386,2438,31238
219.300,389,2443,31303
219.333,391,2445,31330
219.362,383,2449,31373
219.394,377,2453,31432
219.423,384,2456,31464
219.456,378,2459,31511
219.488,374,2460,31520
219.518,387,2463,31553
219.550,386,2466,31593
219.579,384,2470,31641
219.611,369,2470,31649
219.640,379,2473,31682
219.673,377,2476,31720
219.701,381,2478,31754
219.734,373,2479,31764
219.763,376,2480,31772
219.795,375,2480,31772
219.824,382,2481,31782
219.857,378,2480,31781
219.886,374,2481,31785
219.918,376,2482,31794
219.951,375,2484,31821
219.980,383,2485,31833
220.012,370,2485,31838
220.041,369,2485,31843
220.074,378,2485,31844
220.103,376,2486,31857
220.135,374,2489,31884
220.164,367,2490,31903
220.197,372,2491,31913
220.226,373,2492,31923
220.258,374,2492,31933
220.287,374,2494,31952
220.320,370,2494,31951
220.352,371,2494,31959
220.381,374,2495,31962
220.414,370,2494,31959
220.443,377,2495,31961
220.475,371,2495,31964
220.504,369,2495,31965
220.537,372,2495,31966
220.565,374,2495,31964
220.598,369,2495,31966
220.627,372,2495,31965
220.660,366,2495,31961
220.688,369,2495,31965
220.721,368,2495,31966
220.753,366,2495,31968
220.782,369,2495,31969
220.815,359,2495,31965
220.844,369,2495,31968
220.876,376,2495,31969
220.905,373,2495,31967
220.938,370,2495,31970
220.967,363,2495,31970
221.000,370,2496,31973
221.028,370,2496,31975
221.061,359,2496,31976
221.090,365,2496,31976
221.123,368,2496,31974
221.151,366,2496,31975
221.184,358,2496,31973
221.216,364,2496,31980
221.245,358,2497,31989
221.278,370,2497,31991
221.307,364,2497,31989
221.339,363,2497,31996
221.368,364,2497,31995
221.401,362,2497,31998
221.430,365,2498,32001
221.462,365,2497,31998
221.491,364,2498,32001
221.524,363,2498,32002
221.553,364,2498,32004
221.585,362,2498,32009
221.614,359,2498,32011
221.647,361,2498,32010
221.679,361,2499,32018
221.708,365,2499,32015
221.741,362,2499,32015
221.770,368,2499,32018
221.802,360,2499,32015
221.831,363,2499,32022
221.864,360,2499,32024
221.893,362,2500,32029
221.925,361,2500,32031
221.954,365,2500,32029
221.987,358,2500,32031
222.016,369,2500,32037
222.049,351,2500,32029
222.081,364,2500,32033
222.110,354,2500,32037
222.142,360,2500,32034
222.172,355,2500,32036
222.204,354,2501,32038
222.233,364,2501,32039
222.265,359,2500,32031
222.294,355,2501,32044
222.327,357,2501,32037
222.356,356,2501,32046
222.388,364,2502,32057
222.418,357,2502,32058
222.450,357,2501,32045
222.482,359,2501,32046
222.512,356,2502,32053
222.544,357,2502,32052
222.573,358,2502,32060
222.606,351,2502,32057
222.635,351,2502,32057
222.667,352,2502,32059
222.695,359,2502,32060
222.728,359,2503,32075
222.757,352,2503,32065
222.790,352,2505,32089
222.819,347,2504,32084
222.851,353,2504,32084
222.880,349,2505,32090
222.912,351,2505,32089
222.945,354,2504,32080
222.974,357,2505,32096
223.006,350,2505,32090
223.035,353,2505,32090
223.068,353,2504,32088
223.097,354,2506,32102
223.129,350,2505,32100
223.158,354,2505,32099
223.191,350,2506,32105
223.220,353,2506,32111
223.252,356,2506,32113
223.282,351,2506,32113
223.314,351,2507,32123
223.343,351,2508,32127
223.376,347,2507,32122
223.408,349,2507,32121
223.437,357,2507,32119
223.469,351,2507,32120
223.499,348,2508,32128
223.531,349,2507,32123
223.560,346,2507,32124
223.592,354,2507,32124
223.622,352,2508,32129
223.654,351,2506,32114
223.683,345,2507,32126
223.715,348,2507,32118
223.744,343,2508,32127
223.777,348,2507,32124
223.809,347,2508,32134
223.839,349,2508,32130
223.871,349,2508,32137
223.900,358,2508,32132
223.933,347,2509,32140
223.961,344,2509,32143
223.994,347,2508,32130
224.023,341,2509,32141
224.055,348,2509,32141
224.084,344,2508,32134
224.117,353,2508,32132
224.146,348,2508,32137
224.179,346,2508,32139
224.207,345,2509,32140
224.240,347,2508,32133
224.272,351,2509,32142
224.301,340,2509,32141
224.334,342,2509,32142
224.362,345,2508,32128
224.395,344,2509,32145
224.424,343,2508,32138
224.457,343,2509,32140
224.486,346,2509,32142
224.518,339,2509,32142
224.548,343,2508,32137
224.580,339,2509,32143
224.609,340,2509,32150
224.641,342,2509,32147
224.670,345,2510,32153
224.703,340,2509,32142
224.735,345,2509,32143
224.764,342,2509,32146
224.796,345,2509,32144
224.826,345,2509,32150
224.858,343,2509,32146
224.887,349,2509,32147
224.920,337,2509,32149
224.948,344,2509,32149
224.981,345,2509,32148
225.010,336,2509,32143
225.043,339,2509,32149
225.072,344,2509,32149
225.104,343,2509,32147
225.136,339,2509,32145
225.166,343,2509,32141
225.198,345,2509,32151
225.226,344,2509,32151
225.259,339,2509,32148
225.288,342,2509,32147
225.320,340,2509,32147
225.349,339,2509,32151
225.382,345,2509,32147
225.411,342,2508,32139
225.444,348,2509,32146
225.473,345,2509,32144
225.506,344,2508,32135
225.534,339,2509,32141
225.567,340,2509,32140
225.599,345,2509,32145
225.628,346,2508,32138
225.661,346,2508,32135
225.690,347,2508,32133
225.722,350,2508,32129
225.751,340,2507,32126
225.784,346,2507,32123
225.813,353,2507,32117
225.845,351,2507,32123
225.874,344,2507,32119
225.907,348,2506,32113
225.936,349,2506,32105
225.969,348,2506,32109
226.000,342,2505,32099
226.030,348,2505,32096
226.062,349,2505,32097
226.091,353,2504,32079
226.124,345,2504,32078
226.152,351,2504,32081
226.185,359,2503,32072
226.214,357,2503,32072
226.246,355,2503,32070
226.275,355,2503,32063
226.308,362,2502,32060
226.337,352,2502,32057
226.370,363,2502,32053
226.398,354,2502,32053
226.432,351,2501,32046
226.464,355,2500,32037
226.493,351,2501,32042
226.525,362,2501,32039
226.554,360,2501,32045
226.587,359,2500,32031
226.616,357,2500,32029
226.648,356,2500,32037
226.677,362,2500,32032
226.709,361,2500,32030
226.739,361,2500,32030
226.771,357,2500,32033
226.800,358,2500,32031
226.833,353,2500,32035
226.865,362,2500,32030
226.894,362,2499,32023
226.926,354,2500,32026
226.955,367,2499,32018
226.988,363,2499,32014
227.017,369,2498,32009
227.049,364,2498,32005
227.078,360,2497,31995
227.111,365,2497,31987
227.139,367,2496,31979
227.172,366,2496,31974
227.201,362,2496,31979
227.234,360,2496,31973
227.262,359,2495,31971
227.295,367,2495,31972
227.328,362,2495,31965
227.357,363,2495,31968
227.389,367,2495,31966
227.418,363,2495,31968
227.451,376,2494,31959
227.479,367,2495,31969
227.512,369,2495,31963
227.541,369,2495,31966
227.574,369,2495,31966
227.602,365,2495,31963
227.635,372,2495,31962
227.664,373,2495,31963
227.697,373,2494,31957
227.729,364,2494,31956
227.759,369,2494,31957
227.791,373,2494,31949
227.820,365,2494,31953
227.852,365,2494,31948
227.881,380,2493,31943
227.914,377,2493,31937
227.943,376,2492,31932
227.975,371,2492,31928
228.004,374,2492,31922
228.036,372,2491,31911
228.066,362,2490,31908
228.098,367,2489,31896
228.130,369,2488,31883
228.159,389,2487,31869
228.192,367,2487,31860
228.221,371,2486,31853
228.253,372,2486,31850
228.282,376,2485,31841
228.315,374,2485,31834
228.344,374,2485,31840
228.376,384,2485,31839
228.405,367,2484,31832
228.439,362,2484,31831
228.467,373,2483,31817
228.500,380,2483,31808
228.528,368,2482,31797
228.561,373,2480,31776
228.593,382,2480,31777
228.623,373,2480,31774
228.655,376,2480,31772
228.684,380,2480,31772
228.716,373,2479,31765
228.746,381,2478,31745
228.778,384,2477,31732
228.807,372,2476,31723
228.840,380,2475,31709
228.868,380,2474,31700
228.901,381,2473,31685
228.929,379,2472,31667
228.963,374,2471,31655
228.991,384,2470,31646
229.024,376,2470,31648
229.056,374,2470,31643
229.085,376,2469,31631
229.118,390,2467,31612
229.147,376,2467,31607
229.179,380,2465,31583
229.208,383,2463,31562
229.241,395,2462,31541
229.269,384,2460,31523
229.302,385,2460,31521
229.331,381,2460,31515
229.364,388,2458,31498
229.393,384,2456,31461
229.425,380,2454,31439
229.457,376,2452,31414
229.487,388,2449,31374
229.519,379,2447,31346
229.548,385,2445,31325
229.581,386,2444,31318
229.610,380,2440,31266
229.642,387,2436,31217
229.671,385,2435,31202
229.703,389,2435,31198
229.732,387,2435,31193
229.765,384,2433,31168
229.793,384,2430,31135
229.826,388,2429,31120
229.858,386,2426,31083
229.888,389,2425,31069
229.921,384,2422,31031
229.950,388,2420,31008
229.982,391,2419,30995
230.011,382,2417,30966
230.044,390,2416,30951
230.073,388,2415,30944
230.105,387,2415,30942
230.134,389,2415,30941
230.166,395,2415,30936
230.195,388,2414,30931
230.228,395,2412,30908
230.256,384,2410,30879
230.289,375,2408,30854
230.321,390,2406,30823
230.350,387,2406,30822
230.383,384,2405,30809
230.412,393,2403,30793
230.445,380,2402,30774
230.473,392,2401,30757
230.506,380,2400,30749
230.535,381,2399,30742
230.568,386,2399,30734
230.596,387,2398,30726
230.629,390,2397,30714
230.658,389,2395,30691
230.690,387,2396,30702
230.723,399,2396,30694
230.752,395,2394,30669
230.784,384,2392,30643
230.813,393,2391,30632
230.846,388,2391,30631
230.875,385,2390,30625
230.907,381,2390,30615
230.936,388,2389,30610
230.969,392,2387,30581
230.998,385,2386,30569
231.030,387,2382,30517
231.059,385,2381,30501
231.092,377,2380,30488
231.124,389,2375,30424
231.153,388,2365,30296
231.186,388,2364,30289
231.215,386,2360,30240
231.247,397,2360,30234
231.276,394,2358,30207
231.309,389,2356,30180
231.338,388,2353,30144
231.370,392,2350,30110
231.399,386,2347,30069
231.432,395,2336,29924
231.460,401,2330,29855
231.493,394,2324,29771
231.522,396,2316,29671
231.555,392,2315,29658
231.587,387,2311,29605
231.616,390,2310,29603
231.649,394,2310,29592
231.678,393,2309,29587
231.710,396,2306,29548
231.739,389,2304,29515
231.771,395,2303,29507
231.800,395,2299,29462
231.833,400,2299,29460
231.862,399,2299,29450
231.895,397,2298,29447
231.923,403,2296,29413
231.956,391,2289,29324
231.989,398,2285,29278
232.017,398,2277,29171
232.050,394,2275,29146
232.079,397,2274,29140
232.111,393,2272,29109
232.140,394,2268,29052
232.173,393,2262,28981
232.202,383,2258,28926
232.235,388,2255,28894
232.263,399,2254,28877
232.296,394,2254,28878
232.325,404,2254,28884
232.357,398,2254,28881
232.390,394,2253,28869
232.419,400,2251,28845
232.451,399,2251,28835
232.480,390,2252,28849
232.513,390,2251,28846
232.542,394,2249,28817
232.574,411,2249,28811
232.603,388,2249,28811
232.636,397,2248,28799
232.664,405,2249,28813
232.697,395,2250,28827
232.726,394,2250,28831
232.759,403,2251,28835
232.788,406,2247,28794
232.820,389,2246,28772
232.853,405,2241,28716
232.882,394,2240,28701
232.914,398,2240,28700
232.944,396,2236,28644
232.976,394,2231,28583
233.005,395,2228,28548
233.038,393,2225,28506
233.067,393,2222,28469
233.099,395,2222,28468
233.128,395,2221,28461
233.161,408,2223,28481
233.189,393,2229,28553
233.222,404,2230,28570
233.254,400,2230,28570
233.283,399,2230,28574
233.316,399,2229,28557
233.345,397,2227,28537
233.377,397,2226,28520
233.406,398,2224,28493
233.439,395,2222,28473
233.468,397,2220,28445
233.501,393,2220,28438
233.529,395,2219,28435
233.562,387,2219,28432
233.591,396,2218,28419
233.624,394,2218,28417
233.656,392,2218,28423
233.685,400,2218,28417
233.718,396,2218,28424
233.747,397,2218,28417
233.779,391,2217,28410
233.808,401,2218,28420
233.840,392,2219,28425
233.869,389,2219,28425
233.902,396,2219,28429
233.931,404,2219,28435
233.964,392,2220,28439
233.992,393,2220,28445
234.025,401,2221,28452
234.057,409,2225,28508
234.086,391,2227,28533
234.119,403,2229,28561
234.147,401,2231,28588
234.180,394,2236,28650
234.209,400,2238,28677
234.241,396,2239,28693
234.270,396,2240,28693
234.303,404,2240,28698
234.331,399,2241,28708
234.365,393,2240,28705
234.393,393,2240,28700
234.427,400,2240,28698
234.455,393,2239,28689
234.488,398,2237,28656
234.520,396,2234,28623
234.549,398,2231,28582
234.581,404,2231,28583
234.610,406,2230,28573
234.643,398,2224,28497
234.672,396,2222,28473
234.705,397,2221,28450
234.734,410,2220,28443
234.766,403,2220,28445
234.795,396,2221,28458
234.828,397,2221,28454
234.856,394,2220,28441
234.889,404,2219,28436
234.921,397,2219,28427
234.951,393,2217,28403
234.983,400,2217,28402
235.012,406,2215,28383
235.044,398,2216,28386
235.074,392,2216,28387
235.106,405,2214,28371
235.135,402,2214,28362
235.168,401,2213,28348
235.196,395,2213,28359
235.229,388,2213,28348
235.258,405,2214,28361
235.291,391,2213,28351
235.320,407,2212,28336
235.352,398,2212,28344
235.384,398,2211,28325
235.413,398,2211,28322
235.446,402,2211,28330
235.475,401,2212,28340
235.507,411,2212,28346
235.537,396,2213,28360
235.569,385,2214,28360
235.598,402,2213,28354
235.631,402,2214,28362
235.659,404,2213,28360
235.692,395,2213,28358
235.722,395,2213,28357
235.754,402,2213,28352
235.786,396,2213,28351
235.815,393,2213,28358
235.847,402,2212,28342
235.876,398,2214,28363
235.909,403,2215,28375
235.938,398,2213,28360
235.970,398,2214,28369
236.000,407,2214,28371
236.033,398,2214,28368
236.060,391,2214,28369
236.093,397,2213,28358
236.122,398,2214,28366
236.155,396,2214,28368
236.187,400,2215,28379
236.216,401,2215,28376
236.248,399,2214,28369
236.277,388,2213,28351
236.310,399,2209,28306
236.339,402,2209,28299
236.371,399,2208,28288
236.400,397,2210,28312
236.433,398,2211,28326
236.462,404,2212,28338
236.494,398,2211,28324
236.523,396,2210,28316
236.556,403,2210,28310
236.588,402,2208,28292
236.617,406,2208,28289
236.650,397,2208,28293
236.679,397,2208,28295
236.711,393,2207,28283
236.740,405,2207,28281
236.773,390,2207,28275
236.802,393,2207,28279
236.834,405,2207,28276
236.863,401,2208,28295
236.896,400,2208,28296
236.925,400,2209,28306
236.957,398,2211,28323
236.990,396,2211,28327
237.019,403,2212,28342
237.051,393,2212,28339
237.080,400,2213,28352
237.113,401,2213,28357
237.142,398,2214,28371
237.175,386,2215,28376
237.203,399,2214,28368
237.236,404,2215,28376
237.265,403,2215,28377
237.297,397,2215,28378
237.326,398,2215,28374
237.359,402,2215,28374
237.388,403,2215,28384
237.421,391,2215,28384
237.453,398,2216,28387
237.482,404,2215,28383
237.514,399,2215,28384
237.544,394,2216,28391
237.576,398,2217,28399
237.605,398,2217,28404
237.638,395,2217,28403
237.667,400,2217,28408
237.699,392,2220,28442
237.728,396,2220,28448
237.760,404,2220,28448
237.789,394,2220,28442
237.822,400,2221,28452
237.854,407,2220,28446
237.884,400,2220,28445
237.916,403,2220,28446
237.945,397,2220,28442
237.977,407,2220,28441
238.007,393,2220,28444
238.039,391,2220,28444
238.068,395,2220,28441
238.101,399,2220,28443
238.129,400,2220,28439
238.162,395,2220,28442
238.190,398,2219,28435
238.223,397,2219,28435
238.255,395,2219,28430
238.285,391,2219,28436
238.317,401,2219,28432
238.346,399,2220,28439
238.379,398,2220,28439
238.407,398,2219,28431
238.440,405,2219,28431
238.469,394,2219,28431
238.502,393,2219,28433
238.530,401,2219,28437
238.563,397,2219,28436
238.592,399,2220,28438
238.624,393,2220,28440
238.657,396,2219,28436
238.686,401,2220,28442
238.718,395,2220,28444
238.747,401,2220,28444
238.780,391,2220,28445
238.809,390,2221,28451
238.841,386,2222,28472
238.870,405,2224,28490
238.903,406,2225,28505
238.932,398,2230,28571
238.965,395,2231,28584
238.993,399,2233,28604
239.026,400,2233,28609
239.055,398,2233,28615
239.088,393,2234,28622
239.120,402,2234,28619
239.149,399,2234,28620
239.181,402,2234,28617
239.210,400,2233,28609
239.243,401,2233,28607
239.271,398,2232,28596
239.305,394,2231,28584
239.334,401,2230,28574
239.366,401,2230,28567
239.395,397,2227,28535
239.428,396,2225,28511
239.456,399,2225,28506
239.489,406,2225,28503
239.522,396,2224,28499
239.550,397,2222,28473
239.583,399,2223,28477
239.612,403,2222,28468
239.644,394,2222,28466
239.673,392,2221,28462
239.706,400,2222,28464
239.734,398,2222,28472
239.767,406,2222,28469
239.796,395,2223,28476
239.828,401,2222,28467
239.857,398,2222,28464
239.890,403,2221,28461
239.922,392,2222,28468
239.951,389,2221,28462
239.984,397,2222,28464
240.012,395,2221,28458
240.045,405,2222,28463
240.074,397,2222,28466
240.107,398,2221,28458
240.136,394,2221,28458
240.168,405,2221,28456
240.197,397,2221,28461
240.230,397,2221,28461
240.258,406,2222,28471
240.291,391,2222,28469
240.324,396,2223,28482
240.353,411,2224,28490
240.385,400,2224,28490
240.414,402,2225,28504
240.447,402,2225,28511
240.476,404,2226,28514
240.508,397,2225,28513
240.537,398,2226,28524
240.570,393,2228,28541
240.598,391,2230,28573
240.631,401,2233,28610
240.660,399,2235,28641
240.693,402,2236,28649
240.721,396,2236,28646
240.754,392,2236,28648
240.787,400,2237,28666
240.816,404,2237,28667
240.848,395,2238,28669
240.877,402,2238,28674
240.910,398,2237,28667
240.938,395,2238,28677
240.971,398,2238,28678
241.000,397,2240,28697
241.033,397,2240,28695
241.061,401,2240,28700
241.094,402,2240,28701
241.123,393,2240,28700
241.156,403,2240,28703
241.188,388,2240,28697
241.217,401,2240,28701
241.250,390,2241,28707
241.279,392,2240,28698
241.311,398,2240,28702
241.340,401,2240,28701
241.373,404,2240,28703
241.402,398,2240,28700
241.435,406,2240,28695
241.463,391,2240,28696
241.496,392,2240,28697
241.525,394,2240,28698
241.557,390,2240,28697
241.589,398,2240,28696
241.618,402,2239,28692
241.651,403,2240,28697
241.681,400,2240,28693
241.713,390,2239,28682
241.742,406,2239,28682
241.774,402,2238,28678
241.803,403,2238,28675
241.836,410,2238,28669
241.865,404,2237,28667
241.897,402,2237,28663
241.926,411,2237,28662
241.959,401,2236,28650
241.988,404,2237,28655
242.021,407,2236,28652
242.053,400,2236,28654
242.082,401,2236,28653
242.114,397,2236,28646
242.143,395,2236,28650
242.176,400,2236,28653
242.204,393,2236,28648
242.237,396,2237,28655
242.266,395,2237,28658
242.299,396,2236,28643
242.328,398,2235,28636
242.360,386,2235,28638
242.390,395,2235,28635
242.422,406,2235,28635
242.454,394,2235,28637
242.483,400,2234,28624
242.515,396,2233,28605
242.545,402,2232,28598
242.577,394,2232,28592
242.606,394,2232,28598
242.639,402,2232,28596
242.667,402,2228,28551
242.700,396,2224,28499
242.728,406,2221,28458
242.761,406,2221,28454
242.790,399,2220,28445
242.823,391,2220,28441
242.855,397,2220,28440
242.884,405,2218,28419
242.916,400,2214,28364
242.946,400,2202,28218
242.978,395,2190,28060
243.007,396,2175,27863
243.040,396,2158,27651
243.068,389,2135,27353
243.101,398,2115,27104
243.130,395,2115,27095
243.162,395,2114,27079
243.191,405,2113,27069
243.224,402,2110,27039
243.253,408,2110,27035
243.286,398,2110,27031
243.318,389,2108,27010
243.347,396,2105,26973
243.380,406,2102,26929
243.409,398,2100,26900
243.441,394,2097,26866
243.470,397,2095,26836
243.503,399,2089,26771
243.531,399,2085,26717
243.564,397,2080,26651
243.593,406,2075,26587
243.626,392,2075,26583
243.654,392,2075,26585
243.687,397,2073,26563
243.720,403,2067,26489
243.749,390,2063,26430
243.781,401,2060,26398
243.810,388,2060,26394
243.843,403,2060,26392
243.872,389,2060,26388
243.904,401,2060,26391
243.933,393,2060,26393
243.966,404,2060,26393
243.995,395,2060,26395
244.028,395,2060,26393
244.056,403,2059,26378
244.088,396,2056,26345
244.121,411,2057,26351
244.151,400,2060,26391
244.182,400,2061,26408
244.211,401,2068,26500
244.244,404,2070,26520
244.273,395,2074,26578
244.305,390,2075,26581
244.335,406,2070,26522
244.367,398,2064,26443
244.396,398,2060,26396
244.428,401,2060,26393
244.457,407,2061,26402
244.490,396,2064,26445
244.522,394,2066,26469
244.552,381,2068,26498
244.584,399,2067,26481
244.613,397,2060,26390
244.646,400,2044,26184
244.674,402,2039,26121
244.707,407,2035,26068
244.736,391,2035,26077
244.768,391,2037,26100
244.797,402,2039,26118
244.830,406,2040,26137
244.858,404,2044,26184
244.891,400,2048,26239
244.924,401,2044,26193
244.953,405,2040,26137
244.985,399,2038,26109
245.014,397,2037,26093
245.047,401,2036,26091
245.076,398,2036,26092
245.108,410,2037,26100
245.137,395,2038,26118
245.170,399,2037,26096
245.198,400,2033,26042
245.231,389,2029,25998
245.260,401,2025,25943
245.292,400,2023,25921
245.321,403,2022,25904
245.354,396,2023,25917
245.386,397,2023,25916
245.415,403,2023,25922
245.448,398,2022,25901
245.477,400,2019,25863
245.510,400,2016,25831
245.539,408,2017,25848
245.572,399,2023,25918
245.600,407,2033,26043
245.633,399,2040,26134
245.662,395,2040,26137
245.694,405,2040,26139
245.723,398,2039,26130
245.756,386,2031,26022
245.788,400,2029,25995
245.817,409,2029,25994
245.849,400,2030,26005
245.878,400,2030,26010
245.912,407,2028,25979
245.940,394,2028,25978
245.973,403,2027,25969
246.002,397,2027,25966
246.035,401,2023,25913
246.063,395,2020,25885
246.095,395,2020,25885
246.124,404,2021,25896
246.157,405,2021,25891
246.189,401,2021,25889
246.218,400,2020,25886
246.251,400,2019,25868
246.279,402,2015,25819
246.312,409,2015,25813
246.341,399,2015,25815
246.374,393,2015,25816
246.402,396,2015,25814
246.435,399,2015,25813
246.464,395,2015,25817
246.497,401,2015,25812
246.525,400,2015,25814
246.558,401,2015,25822
246.590,394,2016,25830
246.619,401,2019,25871
246.652,403,2023,25915
246.681,404,2027,25965
246.713,397,2028,25984
246.742,391,2028,25985
246.775,397,2027,25969
246.804,397,2026,25952
246.836,400,2024,25937
246.865,408,2022,25907
246.898,401,2020,25882
246.930,404,2019,25871
246.959,396,2018,25849
246.992,399,2016,25830
247.021,398,2015,25817
247.053,406,2015,25821
247.082,395,2015,25818
247.115,400,2015,25818
247.144,405,2015,25821
247.176,403,2015,25819
247.205,394,2015,25816
247.238,398,2015,25811
247.267,402,2015,25816
247.299,403,2015,25813
247.328,402,2015,25818
247.361,396,2015,25820
247.393,397,2015,25818
247.422,405,2015,25817
247.455,401,2015,25813
247.484,400,2014,25807
247.516,395,2015,25816
247.545,398,2015,25816
247.578,403,2015,25820
247.607,409,2015,25823
247.639,401,2018,25857
247.668,401,2020,25880
247.701,413,2024,25928
247.729,399,2029,25999
247.762,400,2030,26014
247.795,397,2035,26074
247.823,411,2039,26128
247.856,400,2040,26140
247.885,405,2042,26164
247.918,396,2045,26199
247.946,405,2053,26298
247.979,400,2060,26393
248.008,397,2067,26478
248.041,402,2074,26574
248.069,400,2085,26713
248.102,400,2094,26829
248.131,396,2088,26754
248.164,397,2075,26586
248.196,403,2075,26584
248.225,394,2075,26586
248.258,394,2075,26589
248.286,395,2076,26594
248.319,404,2085,26709
248.348,400,2087,26734
248.381,401,2088,26757
248.409,398,2089,26768
248.442,406,2090,26780
248.471,404,2091,26789
248.504,397,2091,26789
248.536,401,2092,26797
248.565,400,2095,26836
248.597,399,2095,26845
248.626,406,2095,26848
248.659,398,2096,26849
248.688,397,2095,26843
248.720,410,2096,26850
248.749,393,2095,26845
248.782,406,2096,26856
248.811,399,2101,26913
248.844,406,2108,27003
248.872,395,2110,27038
248.905,406,2114,27082
248.934,395,2115,27097
248.967,402,2115,27098
248.999,398,2115,27097
249.028,403,2115,27096
249.061,398,2115,27097
249.090,396,2115,27098
249.122,399,2115,27100
249.151,392,2116,27110
249.184,399,2118,27135
249.212,405,2125,27223
249.245,394,2128,27260
249.274,396,2128,27268
249.307,394,2134,27347
249.336,400,2136,27364
249.368,404,2138,27399
249.400,407,2140,27417
249.430,393,2141,27435
249.462,402,2144,27467
249.491,398,2148,27516
249.523,403,2148,27521
249.552,399,2148,27518
249.585,396,2151,27561
249.614,395,2152,27572
249.647,397,2159,27656
249.676,402,2165,27743
249.708,393,2176,27874
249.737,403,2190,28053
249.769,396,2198,28159
249.802,400,2200,28190
249.831,398,2207,28271
249.863,398,2213,28360
249.892,398,2216,28392
249.925,404,2218,28420
249.953,403,2220,28443
249.986,400,2222,28469
250.015,392,2227,28531
250.048,392,2231,28580
250.077,401,2234,28628
250.109,399,2239,28686
250.139,399,2240,28700
250.172,399,2242,28725
250.203,401,2245,28768
250.232,394,2250,28832
250.265,393,2255,28897
250.294,401,2261,28965
250.327,390,2266,29029
250.355,392,2270,29083
250.388,402,2272,29103
250.416,396,2275,29147
250.450,393,2275,29149
250.478,387,2279,29194
250.511,392,2287,29302
250.540,393,2298,29448
250.572,391,2304,29523
250.605,395,2310,29591
250.634,392,2310,29599
250.667,388,2310,29598
250.696,398,2310,29593
250.728,397,2308,29565
250.757,393,2305,29538
250.789,403,2301,29486
250.818,396,2300,29468
250.851,391,2296,29414
250.879,391,2286,29283
250.913,401,2276,29162
250.941,402,2273,29127
250.974,387,2259,28945
251.006,409,2248,28796
251.036,395,2241,28711
251.068,395,2240,28698
251.096,394,2237,28659
251.129,390,2230,28570
251.158,396,2227,28527
251.191,398,2225,28509
251.219,401,2226,28515
251.252,397,2226,28515
251.281,404,2226,28526
251.314,406,2226,28518
251.342,390,2226,28523
251.375,405,2226,28522
251.407,388,2226,28525
251.437,396,2225,28507
251.469,397,2221,28454
251.498,388,2219,28435
251.531,396,2215,28382
251.559,392,2213,28354
251.592,392,2206,28264
251.621,399,2204,28232
251.653,402,2200,28189
251.682,401,2200,28184
251.715,397,2199,28172
251.744,397,2190,28061
251.776,394,2182,27957
251.809,399,2175,27867
251.838,394,2169,27787
251.870,394,2162,27699
251.899,400,2157,27642
251.932,392,2150,27552
251.961,397,2146,27497
251.993,402,2140,27418
252.022,397,2138,27387
252.055,396,2136,27364
252.083,402,2135,27353
252.116,400,2137,27379
252.145,400,2138,27396
252.177,397,2138,27398
252.210,388,2140,27414
252.239,392,2141,27430
252.272,397,2142,27442
252.301,394,2151,27559
252.334,394,2158,27651
252.362,401,2160,27673
252.395,402,2165,27740
252.424,392,2174,27859
252.457,398,2177,27889
252.486,399,2186,28008
252.518,401,2193,28103
252.547,394,2199,28178
252.580,404,2200,28182
252.612,394,2200,28187
252.641,396,2200,28185
252.673,393,2200,28188
252.703,398,2201,28202
252.735,390,2202,28216
252.764,398,2203,28220
252.796,402,2205,28250
252.825,396,2215,28380
252.858,385,2218,28421
252.887,402,2219,28424
252.920,400,2219,28430
252.948,397,2220,28441
252.981,386,2220,28448
253.013,397,2222,28473
253.043,401,2224,28499
253.074,395,2229,28557
253.104,390,2240,28702
253.136,393,2250,28830
253.165,398,2257,28922
253.198,399,2267,29040
253.226,402,2275,29144
253.259,398,2275,29144
253.288,398,2274,29138
253.321,403,2275,29144
253.349,401,2274,29141
253.382,396,2275,29143
253.415,393,2274,29139
253.443,400,2274,29138
253.476,400,2272,29104
253.505,395,2272,29104
253.537,394,2274,29135
253.567,396,2270,29088
253.599,394,2264,29009
253.628,391,2264,29002
253.661,403,2260,28957
253.689,400,2260,28953
253.722,401,2260,28959
253.751,403,2259,28943
253.783,387,2259,28947
253.816,398,2261,28970
253.845,397,2260,28959
253.877,389,2257,28912
253.906,405,2256,28903
253.939,403,2258,28932
253.968,401,2258,28936
254.000,405,2258,28933
254.029,393,2259,28938
254.062,402,2260,28958
254.091,402,2264,29012
254.124,392,2265,29024
254.152,399,2261,28963
254.185,397,2255,28891
254.217,398,2243,28742
254.246,402,2230,28570
254.279,399,2226,28522
254.307,399,2220,28441
254.340,402,2211,28325
254.369,398,2205,28250
254.401,400,2200,28188
254.430,403,2200,28183
254.463,403,2200,28186
254.492,399,2200,28181
254.525,401,2199,28178
254.554,403,2202,28215
254.586,406,2205,28247
254.619,395,2215,28385
254.648,397,2217,28404
254.680,389,2220,28445
254.709,396,2220,28445
254.742,395,2220,28447
254.771,391,2220,28449
254.804,396,2221,28452
254.832,404,2223,28483
254.865,392,2240,28697
254.894,400,2248,28805
254.926,390,2240,28694
254.955,399,2228,28547
254.988,391,2228,28547
255.016,395,2228,28550
255.049,391,2222,28464
255.081,395,2220,28444
255.111,401,2220,28440
255.143,400,2220,28441
255.173,394,2220,28437
255.204,387,2220,28441
255.233,399,2223,28482
255.266,393,2228,28549
255.295,395,2231,28589
255.328,400,2237,28657
255.357,386,2240,28697
255.390,387,2241,28717
255.418,405,2243,28732
255.451,390,2244,28750
255.483,392,2245,28763
255.512,400,2245,28761
255.545,405,2245,28768
255.574,390,2251,28837
255.606,399,2255,28887
255.635,392,2256,28900
255.668,393,2262,28977
255.696,390,2269,29066
255.730,397,2270,29080
255.758,389,2274,29139
255.791,401,2275,29145
255.819,394,2275,29147
255.852,393,2275,29142
255.884,391,2275,29149
255.913,395,2277,29170
255.946,393,2283,29256
255.975,401,2289,29322
256.007,396,2296,29415
256.036,396,2300,29468
256.069,405,2304,29525
256.097,391,2310,29601
256.131,398,2315,29658
256.159,391,2316,29668
256.192,390,2318,29697
256.220,393,2319,29709
256.253,398,2324,29777
256.282,389,2332,29882
256.315,390,2338,29954
256.347,392,2350,30115
256.376,396,2359,30229
256.409,397,2361,30251
256.438,393,2370,30364
256.470,389,2377,30453
256.499,388,2380,30495
256.531,392,2382,30518
256.560,390,2386,30574
256.593,395,2389,30610
256.621,397,2391,30635
256.654,391,2393,30658
256.683,392,2395,30687
256.716,386,2396,30697
256.749,385,2397,30716
256.778,387,2399,30741
256.810,389,2400,30751
256.839,395,2402,30779
256.871,390,2405,30815
256.901,387,2406,30825
256.933,396,2408,30848
256.962,391,2408,30858
256.995,391,2408,30855
257.023,390,2408,30852
257.056,388,2408,30850
257.085,397,2407,30841
257.118,388,2407,30842
257.146,389,2407,30845
257.179,387,2408,30846
257.211,400,2408,30857
257.240,388,2410,30878
257.273,391,2410,30877
257.302,391,2411,30885
257.335,387,2412,30905
257.364,388,2413,30922
257.396,384,2414,30929
257.425,387,2415,30937
257.457,393,2415,30937
257.487,389,2415,30939
257.519,388,2415,30939
257.548,388,2415,30940
257.581,381,2415,30943
257.613,395,2416,30949
257.642,385,2416,30959
257.674,396,2417,30972
257.704,389,2418,30977
257.736,384,2418,30984
257.765,387,2418,30981
257.798,386,2420,31002
257.827,381,2420,31003
257.859,382,2421,31020
257.888,386,2423,31050
257.921,387,2427,31095
257.949,393,2429,31119
257.982,392,2429,31124
258.014,392,2430,31129
258.043,397,2429,31125
258.075,384,2429,31127
258.104,387,2430,31128
258.137,387,2430,31137
258.167,384,2430,31140
258.199,393,2432,31159
258.227,390,2434,31180
258.260,384,2434,31191
258.289,386,2435,31195
258.322,384,2435,31197
258.351,381,2435,31194
258.384,387,2435,31198
258.412,387,2435,31195
258.445,382,2435,31200
258.477,386,2435,31203
258.506,388,2435,31200
258.539,394,2436,31210
258.568,384,2436,31212
258.600,385,2436,31214
258.629,386,2437,31220
258.662,392,2438,31234
258.690,388,2437,31229
258.723,391,2436,31208
258.751,384,2435,31200
258.784,389,2435,31195
258.813,389,2435,31196
258.845,384,2434,31188
258.874,386,2433,31178
258.907,393,2432,31163
258.940,389,2431,31141
258.970,393,2430,31135
259.001,380,2429,31121
259.030,391,2425,31066
259.063,389,2420,31007
259.091,386,2418,30981
259.125,387,2415,30943
259.154,389,2414,30933
259.186,400,2410,30883
259.215,383,2405,30816
259.247,383,2401,30762
259.276,386,2400,30748
259.309,389,2399,30741
259.341,390,2397,30710
259.370,382,2395,30684
259.403,395,2392,30641
259.432,385,2390,30627
259.464,395,2390,30623
259.493,389,2389,30613
259.526,390,2387,30580
259.555,387,2385,30557
259.588,397,2384,30541
259.616,392,2381,30507
259.649,391,2381,30503
259.678,392,2381,30501
259.710,397,2380,30498
259.743,396,2380,30495
259.772,385,2380,30493
259.804,387,2380,30494
259.833,389,2380,30492
259.866,399,2380,30488
259.895,397,2379,30482
259.927,393,2377,30459
259.956,395,2376,30445
259.989,384,2374,30422
260.018,392,2373,30408
260.050,389,2372,30386
260.079,395,2366,30317
260.112,394,2363,30282
260.140,398,2360,30237
260.173,388,2360,30234
260.205,390,2357,30201
260.235,392,2353,30146
260.267,391,2350,30106
260.296,400,2344,30028
260.329,390,2340,29979
260.358,390,2338,29955
260.390,397,2336,29925
260.419,392,2335,29916
260.452,396,2333,29893
260.480,380,2329,29840
260.513,396,2328,29824
260.542,391,2325,29791
260.574,395,2325,29783
260.607,392,2322,29756
260.636,392,2319,29711
260.669,390,2316,29668
260.698,397,2315,29664
260.730,400,2315,29666
260.759,394,2315,29663
260.792,394,2315,29658
260.821,401,2315,29655
260.853,394,2315,29657
260.882,391,2314,29650
260.914,387,2312,29624
260.943,391,2311,29610
260.975,400,2310,29601
261.004,393,2306,29551
261.037,394,2300,29469
261.069,390,2295,29401
261.098,397,2286,29284
261.131,389,2281,29230
261.160,397,2276,29157
261.193,400,2275,29146
261.222,385,2275,29144
261.255,396,2274,29134
261.283,390,2271,29091
261.316,395,2265,29018
261.345,383,2260,28959
261.377,396,2260,28959
261.406,395,2260,28959
261.439,398,2259,28949
261.471,397,2259,28939
261.501,401,2257,28913
261.533,395,2257,28914
261.562,401,2257,28912
261.594,399,2256,28901
261.623,391,2255,28887
261.656,396,2252,28855
261.684,401,2246,28781
261.717,391,2243,28737
261.746,394,2240,28696
261.779,389,2239,28681
261.807,390,2233,28608
261.840,395,2230,28568
261.869,396,2230,28568
261.902,392,2228,28541
261.934,393,2224,28494
261.963,397,2220,28447
261.995,391,2220,28443
262.025,394,2220,28441
262.058,397,2219,28432
262.086,395,2216,28392
262.118,392,2213,28357
262.147,393,2210,28313
262.180,403,2207,28282
262.208,403,2205,28253
262.241,395,2204,28238
262.270,398,2201,28198
262.302,401,2200,28193
262.335,387,2201,28194
262.364,395,2201,28194
262.396,395,2200,28185
262.426,394,2200,28188
262.458,391,2200,28192
262.487,400,2200,28191
262.519,387,2200,28186
262.548,395,2198,28158
262.581,402,2193,28091
262.610,395,2189,28050
262.643,396,2182,27957
262.671,396,2178,27908
262.704,401,2176,27875
262.733,395,2175,27861
262.765,389,2171,27813
262.798,399,2166,27747
262.827,403,2165,27734
262.859,395,2162,27706
262.888,401,2161,27684
262.921,400,2160,27674
262.950,398,2160,27675
262.982,401,2160,27675
263.011,395,2160,27677
263.044,392,2160,27678
263.073,406,2160,27678
263.105,402,2160,27675
263.134,397,2159,27664
263.167,400,2158,27648
263.199,394,2158,27643
263.228,399,2158,27648
263.261,401,2156,27619
263.290,395,2153,27584
263.322,396,2150,27541
263.351,399,2146,27496
263.384,393,2141,27429
263.413,398,2140,27415
263.445,395,2138,27391
263.474,395,2135,27360
263.507,394,2135,27351
263.536,387,2131,27305
263.568,394,2127,27257
263.601,400,2126,27237
263.630,405,2124,27217
263.662,397,2121,27175
263.691,396,2117,27120
263.724,399,2116,27108
263.753,397,2115,27103
263.785,400,2115,27103
263.814,404,2115,27100
263.847,401,2116,27107
263.875,400,2115,27104
263.908,397,2115,27098
263.937,398,2115,27094
263.970,399,2115,27093
263.998,395,2113,27078
264.031,406,2111,27048
264.064,390,2107,26995
264.093,399,2100,26904
264.125,404,2095,26848
264.154,395,2094,26835
264.187,401,2092,26806
264.215,395,2090,26784
264.248,395,2093,26822
264.277,398,2095,26838
264.310,408,2095,26840
264.339,392,2095,26842
264.371,391,2095,26842
264.400,401,2095,26846
264.433,393,2098,26885
264.461,396,2102,26926
264.494,407,2101,26924
264.526,392,2106,26982
264.556,394,2108,27004
264.588,400,2107,26989
264.618,400,2107,26998
264.650,402,2108,27003
264.680,392,2106,26979
264.712,402,2099,26891
264.740,396,2096,26860
264.773,393,2097,26867
264.802,398,2096,26858
264.835,401,2095,26848
264.863,395,2095,26846
264.896,391,2095,26844
264.928,391,2096,26848
264.957,405,2097,26862
264.989,399,2095,26847
265.018,402,2095,26844
265.051,398,2096,26852
265.080,401,2096,26850
265.112,409,2095,26843
265.141,399,2095,26840
265.174,404,2094,26834
265.202,407,2095,26845
265.235,387,2096,26852
265.264,396,2096,26849
265.296,405,2097,26862
265.329,401,2097,26868
265.358,396,2096,26858
265.390,400,2096,26857
265.419,407,2097,26863
265.452,391,2097,26868
265.481,397,2096,26857
265.514,396,2100,26901
265.542,400,2102,26930
265.575,395,2100,26910
265.604,405,2099,26887
265.637,402,2095,26846
265.666,398,2095,26843
265.698,398,2095,26846
265.727,401,2095,26842
265.760,401,2094,26827
265.792,402,2091,26794
265.822,405,2092,26803
265.854,402,2092,26802
265.883,398,2091,26797
265.916,390,2090,26774
265.944,392,2087,26741
265.977,406,2086,26731
266.006,392,2086,26723
266.039,402,2086,26725
266.067,390,2086,26725
266.100,396,2086,26724
266.129,405,2085,26719
266.161,401,2085,26715
266.190,403,2085,26714
266.223,398,2085,26710
266.255,405,2085,26707
266.284,392,2084,26698
266.317,393,2084,26704
266.345,403,2085,26714
266.378,403,2084,26703
266.407,413,2079,26631
266.439,392,2075,26591
266.468,397,2074,26578
266.501,395,2072,26547
266.530,400,2071,26533
266.563,402,2075,26582
266.591,398,2075,26584
266.624,401,2075,26585
266.656,403,2076,26600
266.685,402,2084,26697
266.718,397,2095,26843
266.747,395,2107,27000
266.779,391,2114,27082
266.808,391,2115,27100
266.841,400,2117,27117
266.870,405,2123,27198
266.902,396,2137,27382
266.931,393,2153,27584
266.964,395,2168,27783
266.993,390,2181,27938
267.025,398,2196,28131
267.058,397,2201,28195
267.087,396,2208,28292
267.119,397,2216,28397
267.148,390,2220,28446
267.181,393,2230,28566
267.210,390,2239,28687
267.242,396,2241,28709
267.271,402,2247,28787
267.304,393,2255,28891
267.333,398,2264,29002
267.365,398,2275,29145
267.394,395,2285,29282
267.427,393,2300,29468
267.456,389,2312,29622
267.488,388,2319,29709
267.521,391,2325,29791
267.550,389,2334,29901
267.582,395,2335,29918
267.611,385,2338,29958
267.644,387,2342,30009
267.672,397,2350,30111
267.705,396,2355,30179
267.734,391,2360,30236
267.766,386,2367,30331
267.795,390,2379,30487
267.828,397,2383,30532
267.857,387,2390,30621
267.890,391,2396,30702
267.922,378,2400,30746
267.951,387,2403,30794
267.983,385,2406,30832
268.013,391,2413,30913
268.045,394,2415,30941
268.074,376,2416,30949
268.107,390,2419,30993
268.135,385,2422,31029
268.168,385,2428,31107
268.197,395,2430,31138
268.230,393,2433,31176
268.258,384,2435,31197
268.291,384,2435,31198
268.320,380,2437,31219
268.352,384,2441,31278
268.385,376,2445,31324
268.414,380,2446,31341
268.446,383,2450,31396
268.475,377,2454,31439
268.508,382,2455,31456
268.537,381,2456,31467
268.569,379,2458,31497
268.598,378,2460,31516
268.631,380,2460,31517
268.660,378,2459,31512
268.693,377,2461,31530
268.721,383,2463,31561
268.754,379,2465,31582
268.786,380,2467,31606
268.815,379,2467,31609
268.848,375,2467,31614
268.877,373,2468,31622
268.909,378,2469,31630
268.938,372,2470,31646
268.971,382,2470,31651
269.000,377,2472,31668
269.032,376,2474,31695
269.061,370,2475,31714
269.094,374,2476,31729
269.123,375,2479,31756
269.155,371,2479,31767
269.188,376,2480,31769
269.217,374,2480,31773
269.249,373,2480,31771
269.278,376,2480,31772
269.311,367,2480,31773
269.340,385,2480,31773
269.372,371,2480,31778
269.401,383,2480,31781
269.434,378,2482,31796
269.463,376,2483,31807
269.495,373,2484,31821
269.524,368,2484,31825
269.557,372,2484,31823
269.585,366,2484,31825
269.618,367,2484,31831
269.650,373,2484,31829
269.680,375,2484,31828
269.712,372,2484,31829
269.741,380,2485,31833
269.774,373,2485,31832
269.802,375,2485,31836
269.835,366,2485,31836
269.864,374,2485,31839
269.896,363,2485,31840
269.925,369,2485,31839
269.958,365,2485,31838
269.986,362,2485,31842
270.019,370,2485,31843
270.048,366,2485,31842
270.081,371,2485,31845
270.113,372,2486,31848
270.142,373,2486,31854
270.175,374,2487,31862
270.204,375,2487,31867
270.236,364,2488,31873
270.265,374,2488,31883
270.298,374,2489,31890
270.327,365,2489,31895
270.360,372,2491,31909
270.388,368,2491,31914
270.421,372,2492,31927
270.450,367,2492,31934
270.482,370,2493,31935
270.515,369,2493,31937
270.544,362,2493,31946
270.576,366,2494,31948
270.605,369,2494,31953
270.638,363,2494,31959
270.667,367,2494,31957
270.699,364,2495,31960
270.728,364,2494,31956
270.761,371,2494,31958
270.790,368,2494,31958
270.822,368,2494,31960
270.851,373,2495,31962
270.884,365,2494,31953
270.916,370,2494,31953
270.945,369,2494,31951
270.978,365,2494,31948
271.007,370,2494,31949
271.039,369,2493,31942
271.068,369,2493,31935
271.101,368,2492,31928
271.130,370,2491,31913
271.162,368,2490,31906
271.191,367,2489,31890
271.224,367,2488,31882
271.252,373,2487,31865
271.285,367,2486,31858
271.314,373,2486,31852
271.347,369,2485,31844
271.379,373,2486,31847
271.408,373,2485,31839
271.440,374,2485,31837
271.469,368,2484,31830
271.502,372,2484,31824
271.531,376,2483,31815
271.564,371,2481,31793
271.592,365,2481,31783
271.625,371,2480,31772
271.654,378,2480,31778
271.687,373,2480,31774
271.715,380,2480,31775
271.748,376,2480,31771
271.780,375,2479,31768
271.809,365,2479,31768
271.842,382,2478,31755
271.871,380,2477,31737
271.903,367,2476,31727
271.932,380,2475,31716
271.965,378,2475,31710
271.994,378,2474,31698
272.026,374,2473,31686
272.055,384,2472,31676
272.088,380,2472,31666
272.117,377,2471,31658
272.149,379,2470,31646
272.178,381,2470,31643
272.211,387,2469,31632
272.243,377,2466,31600
272.272,382,2465,31584
272.305,379,2464,31567
272.334,381,2463,31554
272.366,375,2462,31539
272.395,377,2460,31520
272.428,377,2460,31516
272.457,380,2460,31515
272.489,388,2459,31503
272.518,381,2456,31470
272.551,382,2455,31454
272.580,392,2453,31429
272.612,377,2449,31377
272.645,383,2446,31335
272.674,388,2445,31329
272.706,382,2444,31308
272.735,390,2440,31258
272.768,387,2436,31215
272.797,385,2435,31200
272.829,389,2435,31198
272.858,382,2433,31178
272.891,387,2430,31132
272.919,391,2427,31091
272.952,386,2421,31021
272.981,383,2419,30992
273.014,387,2415,30945
273.046,386,2414,30934
273.075,387,2408,30856
273.107,383,2405,30808
273.137,383,2400,30746
273.169,390,2397,30716
273.198,389,2391,30634
273.230,394,2386,30570
273.259,392,2380,30494
273.292,394,2379,30476
273.321,395,2375,30430
273.353,381,2369,30348
273.382,388,2365,30301
273.415,385,2364,30292
273.444,394,2362,30265
273.476,384,2360,30240
273.509,387,2360,30237
273.538,396,2360,30233
273.570,393,2355,30176
273.599,389,2350,30109
273.632,390,2342,30006
273.661,397,2336,29931
273.694,393,2335,29915
273.722,391,2328,29830
273.755,395,2324,29778
273.783,398,2316,29679
273.816,393,2315,29657
273.845,396,2311,29608
273.878,395,2307,29561
273.910,394,2303,29502
273.939,401,2300,29466
273.972,394,2297,29432
274.001,399,2295,29403
274.033,400,2292,29365
274.062,390,2286,29294
274.095,399,2284,29268
274.124,395,2278,29186
274.156,397,2275,29148
274.185,397,2272,29112
274.218,393,2263,28999
274.246,395,2256,28901
274.279,384,2254,28879
274.311,388,2245,28761
274.341,400,2240,28695
274.373,394,2237,28662
274.402,394,2232,28598
274.434,394,2230,28574
274.463,391,2229,28557
274.496,392,2225,28511
274.525,395,2221,28453
274.557,395,2219,28436
274.586,397,2214,28370
274.619,395,2206,28258
274.648,385,2200,28191
274.681,406,2197,28152
274.709,392,2192,28087
274.742,384,2184,27978
274.774,393,2179,27922
274.803,398,2176,27886
274.836,403,2175,27867
274.865,391,2173,27843
274.898,393,2169,27787
274.926,396,2164,27729
274.959,393,2158,27649
274.988,390,2150,27549
275.020,396,2143,27458
275.049,402,2139,27412
275.082,395,2126,27238
275.111,398,2116,27112
275.143,398,2112,27056
275.176,400,2098,26884
275.205,403,2095,26848
275.237,401,2093,26817
275.266,394,2085,26718
275.299,396,2082,26669
275.328,399,2076,26593
275.360,394,2075,26586
275.389,392,2075,26586
275.422,391,2075,26581
275.451,403,2075,26581
275.483,395,2075,26579
275.512,392,2075,26585
275.545,390,2075,26583
275.577,403,2074,26578
275.606,399,2074,26577
275.638,394,2075,26581
275.667,400,2075,26580
275.700,396,2071,26534
275.729,396,2067,26477
275.762,405,2062,26418
275.791,392,2059,26385
275.823,402,2044,26186
275.852,403,2039,26129
275.884,407,2036,26088
275.913,394,2033,26044
275.946,398,2030,26005
275.975,399,2026,25953
276.008,397,2022,25911
276.040,396,2021,25899
276.069,402,2021,25893
276.102,396,2021,25895
276.131,401,2022,25903
276.163,396,2023,25917
276.192,400,2024,25937
276.225,397,2025,25948
276.254,400,2029,25996
276.286,392,2030,26003
276.315,397,2031,26018
276.348,395,2032,26040
276.376,391,2033,26049
276.409,390,2033,26045
276.441,408,2031,26025
276.471,392,2031,26019
276.503,395,2031,26021
276.532,395,2031,26019
276.564,396,2031,26023
276.593,384,2031,26019
276.626,397,2032,26035
276.655,399,2039,26126
276.687,405,2040,26136
276.716,394,2040,26141
276.749,401,2042,26158
276.777,398,2045,26202
276.811,401,2046,26213
276.839,400,2049,26250
276.872,402,2054,26315
276.904,399,2060,26392
276.933,392,2069,26514
276.966,397,2075,26588
276.995,395,2086,26729
277.027,396,2094,26828
277.056,396,2095,26847
277.089,402,2100,26901
277.118,396,2109,27022
277.150,399,2115,27095
277.179,400,2116,27112
277.212,388,2127,27251
277.241,390,2139,27408
277.273,396,2143,27451
277.306,401,2150,27541
277.335,398,2150,27548
277.367,391,2150,27546
277.396,395,2150,27550
277.429,404,2154,27592
277.458,387,2157,27641
277.490,393,2160,27679
277.519,391,2169,27786
277.552,395,2177,27894
277.580,389,2185,27997
277.613,398,2188,28034
277.642,390,2188,28034
277.675,392,2185,27996
277.707,404,2180,27929
277.736,389,2175,27861
277.768,395,2168,27777
277.798,392,2167,27764
277.830,397,2170,27804
277.859,395,2175,27866
277.892,394,2180,27926
277.920,395,2185,27992
277.953,392,2190,28055
277.982,396,2185,27993
278.015,394,2177,27889
278.043,399,2172,27830
278.076,391,2165,27737
278.105,401,2160,27670
278.138,404,2154,27603
278.170,392,2140,27419
278.199,398,2127,27248
278.231,398,2115,27099
278.260,397,2112,27054
278.293,397,2105,26964
278.322,390,2100,26901
278.354,400,2096,26852
278.383,400,2095,26842
278.416,398,2091,26790
278.445,392,2085,26710
278.477,396,2081,26668
278.506,396,2077,26616
278.539,398,2075,26588
278.567,390,2075,26587
278.600,396,2075,26585
278.633,397,2075,26586
278.662,394,2075,26585
278.694,393,2075,26586
278.723,401,2075,26585
278.756,399,2075,26585
278.784,391,2074,26575
278.817,400,2069,26508
278.846,409,2063,26426
278.879,404,2061,26405
278.907,396,2060,26394
278.940,397,2060,26395
278.969,401,2060,26393
279.001,396,2060,26389
279.034,402,2060,26390
279.063,392,2060,26388
279.095,401,2059,26386
279.124,395,2060,26393
279.157,393,2060,26395
279.186,401,2060,26393
279.219,396,2060,26392
279.247,397,2060,26396
279.280,399,2060,26397
279.309,402,2060,26396
279.342,398,2060,26396
279.370,394,2060,26391
279.403,396,2060,26391
279.436,404,2060,26391
279.465,399,2059,26382
279.497,392,2058,26367
279.526,401,2058,26364
279.558,400,2056,26345
279.587,391,2055,26329
279.620,398,2052,26295
279.649,400,2048,26242
279.681,393,2046,26215
279.710,401,2045,26205
279.743,399,2045,26205
279.772,397,2045,26203
279.804,394,2045,26205
279.837,401,2046,26210
279.866,395,2045,26205
279.898,389,2046,26209
279.927,389,2046,26210
279.960,398,2046,26211
279.989,401,2045,26203
280.021,400,2046,26214
280.050,397,2047,26224
280.083,398,2051,26279
280.112,395,2055,26334
280.144,386,2055,26333
280.173,398,2055,26331
280.206,402,2055,26329
280.234,396,2055,26324
280.267,392,2053,26306
280.300,401,2051,26278
280.329,397,2054,26311
280.361,396,2053,26309
280.390,390,2050,26260
280.423,400,2046,26216
280.452,399,2046,26212
280.484,398,2046,26213
280.513,402,2045,26206
280.546,390,2046,26209
280.574,392,2045,26204
280.607,404,2046,26210
280.636,396,2045,26205
280.668,397,2045,26205
280.697,398,2046,26214
280.730,391,2046,26214
280.762,393,2046,26215
280.791,387,2046,26210
280.824,394,2046,26208
280.853,398,2046,26219
280.885,392,2046,26214
280.914,405,2046,26216
280.947,397,2046,26218
280.976,403,2045,26204
281.009,402,2046,26210
281.037,402,2047,26220
281.070,403,2047,26222
281.099,402,2046,26220
281.131,401,2048,26240
281.164,399,2048,26234
281.193,392,2048,26240
281.225,384,2048,26238
281.254,394,2047,26223
281.287,401,2052,26288
281.316,396,2055,26333
281.349,403,2053,26304
281.378,399,2054,26311
281.410,396,2049,26258
281.439,400,2047,26222
281.472,405,2048,26240
281.500,393,2053,26299
281.533,394,2051,26278
281.565,397,2049,26251
281.595,397,2048,26241
281.627,396,2049,26257
281.656,392,2053,26305
281.688,398,2053,26308
281.717,398,2052,26296
281.750,401,2051,26278
281.779,401,2051,26272
281.811,399,2050,26265
281.840,398,2050,26268
281.873,393,2049,26247
281.902,392,2048,26240
281.935,396,2048,26240
281.963,392,2048,26235
281.996,397,2048,26244
282.028,397,2048,26241
282.057,398,2049,26250
282.090,389,2049,26254
282.119,401,2048,26241
282.151,396,2047,26226
282.180,398,2047,26221
282.213,388,2047,26229
282.242,404,2046,26215
282.274,399,2047,26222
282.303,393,2046,26211
282.336,395,2046,26208
282.365,389,2045,26207
282.397,395,2045,26205
282.426,395,2046,26208
282.459,399,2045,26202
282.491,396,2045,26206
282.520,398,2046,26219
282.553,397,2048,26234
282.582,388,2049,26250
282.614,399,2049,26250
282.643,400,2048,26241
282.676,403,2046,26220
282.705,397,2045,26205
282.737,396,2045,26199
282.766,397,2043,26178
282.799,397,2042,26167
282.827,395,2043,26175
282.860,392,2043,26180
282.892,395,2042,26164
282.922,389,2041,26149
282.954,396,2040,26143
282.983,400,2040,26140
283.016,391,2040,26141
283.044,401,2040,26138
283.077,388,2040,26139
283.106,395,2040,26138
283.139,393,2040,26141
283.167,390,2040,26138
283.200,394,2040,26134
283.229,401,2040,26135
283.262,393,2040,26135
283.294,400,2039,26119
283.323,395,2037,26100
283.355,401,2035,26068
283.384,385,2032,26038
283.417,394,2030,26014
283.446,388,2030,26006
283.478,397,2029,25995
283.507,388,2028,25982
283.540,398,2026,25959
283.569,392,2024,25934
283.601,400,2023,25923
283.630,405,2022,25912
283.663,393,2023,25918
283.692,400,2023,25925
283.724,402,2022,25908
283.757,398,2023,25915
283.786,393,2023,25922
283.818,400,2026,25957
283.847,397,2031,26017
283.880,395,2040,26134
283.909,394,2044,26185
283.941,397,2053,26303
283.970,396,2058,26370
284.003,396,2059,26380
284.032,394,2056,26341
284.064,396,2059,26382
284.093,384,2060,26393
284.126,393,2070,26522
284.158,391,2080,26652
284.187,405,2095,26843
284.219,392,2110,27035
284.249,395,2116,27110
284.281,393,2126,27244
284.310,398,2136,27362
284.343,399,2141,27431
284.371,391,2152,27569
284.404,393,2164,27732
284.433,395,2187,28015
284.466,392,2210,28313
284.494,400,2239,28685
284.527,389,2255,28893
284.556,395,2273,29118
284.589,386,2278,29188
284.621,393,2289,29325
284.650,392,2300,29468
284.683,385,2310,29599
284.711,401,2318,29704
284.744,381,2335,29915
284.773,393,2347,30070
284.806,391,2360,30237
284.834,389,2369,30349
284.867,389,2380,30490
284.896,395,2386,30565
284.929,385,2391,30640
284.957,384,2400,30746
284.990,387,2404,30802
285.022,386,2412,30900
285.051,388,2415,30942
285.084,382,2421,31015
285.113,381,2429,31125
285.145,382,2435,31192
285.174,382,2435,31200
285.207,390,2440,31266
285.236,383,2445,31330
285.268,380,2451,31407
285.297,389,2455,31455
285.330,382,2459,31506
285.359,380,2460,31518
285.391,383,2462,31543
285.420,385,2466,31595
285.453,372,2470,31640
285.485,375,2470,31649
285.514,383,2471,31656
285.547,381,2472,31670
285.575,371,2473,31691
285.608,379,2475,31707
285.637,382,2475,31716
285.670,371,2478,31743
285.698,379,2480,31769
285.731,371,2480,31774
285.760,376,2480,31772
285.793,387,2481,31786
285.821,373,2482,31806
285.854,373,2483,31818
285.886,375,2483,31819
285.916,377,2484,31826
285.948,374,2483,31818
285.977,368,2483,31816
286.010,370,2482,31804
286.039,370,2481,31791
286.071,379,2480,31778
286.100,372,2480,31774
286.133,378,2479,31767
286.161,377,2477,31731
286.194,377,2475,31707
286.223,371,2471,31665
286.256,378,2470,31640
286.288,372,2469,31629
286.317,386,2467,31609
286.349,379,2465,31586
286.379,382,2462,31547
286.411,373,2460,31520
286.440,382,2459,31511
286.473,385,2458,31493
286.501,390,2455,31453
286.534,383,2453,31425
286.563,377,2448,31366
286.596,378,2445,31332
286.624,383,2443,31305
286.657,381,2440,31267
286.686,387,2437,31218
286.719,384,2435,31203
286.751,385,2435,31195
286.780,391,2434,31191
286.812,382,2431,31149
286.841,384,2429,31121
286.874,378,2425,31068
286.903,386,2420,31003
286.935,394,2416,30958
286.964,391,2415,30939
286.997,392,2411,30884
287.026,386,2405,30817
287.059,392,2400,30752
287.087,384,2396,30700
287.120,382,2390,30622
287.149,395,2383,30531
287.181,391,2380,30491
287.214,393,2375,30426
287.243,399,2366,30318
287.275,394,2361,30244
287.304,390,2355,30172
287.337,394,2343,30014
287.366,383,2334,29906
287.398,381,2324,29771
287.427,392,2315,29661
287.460,403,2310,29599
287.489,394,2302,29489
287.521,390,2297,29427
287.550,392,2287,29299
287.583,391,2284,29262
287.616,400,2275,29146
287.644,393,2270,29087
287.677,391,2260,28961
287.706,394,2255,28889
287.738,391,2247,28788
287.767,393,2243,28732
287.799,390,2240,28705
287.828,398,2240,28698
287.861,397,2235,28639
287.890,391,2234,28627
287.922,396,2231,28578
287.951,391,2225,28504
287.984,393,2220,28443
288.013,394,2214,28361
288.046,399,2204,28244
288.078,389,2201,28201
288.107,402,2201,28201
288.139,396,2201,28204
288.169,402,2201,28201
288.201,401,2201,28201
288.230,395,2200,28193
288.263,400,2200,28190
288.291,396,2200,28189
288.324,391,2200,28189
288.353,395,2207,28272
288.386,394,2220,28440
288.414,389,2221,28462
288.447,394,2229,28557
288.479,380,2237,28663
288.508,391,2244,28745
288.541,390,2255,28898
288.570,398,2271,29102
288.602,389,2277,29178
288.631,392,2295,29405
288.664,391,2303,29513
288.693,385,2315,29659
288.726,391,2324,29779
288.754,391,2335,29918
288.787,394,2348,30082
288.816,393,2360,30235
288.848,392,2366,30310
288.881,389,2379,30486
288.910,388,2384,30538
288.942,391,2392,30643
288.971,396,2399,30743
289.004,386,2404,30796
289.033,394,2410,30874
289.065,382,2415,30938
289.094,391,2416,30960
289.127,384,2420,31009
289.156,389,2425,31076
289.188,385,2430,31136
289.217,387,2433,31170
289.250,384,2435,31192
289.278,384,2435,31200
289.311,383,2437,31228
289.344,389,2444,31319
289.373,389,2446,31344
289.405,377,2452,31420
289.434,380,2456,31462
289.467,383,2459,31506
289.496,387,2459,31509
289.528,376,2460,31519
289.557,380,2460,31522
289.590,378,2462,31540
289.618,377,2464,31565
289.651,380,2464,31576
289.680,384,2464,31573
289.713,381,2464,31573
289.745,375,2464,31575
289.774,380,2466,31591
289.806,375,2467,31605
289.836,379,2469,31632
289.868,383,2470,31648
289.897,374,2470,31652
289.930,373,2472,31671
289.958,379,2474,31695
289.991,381,2475,31705
290.020,381,2475,31705
290.053,375,2475,31714
290.081,383,2475,31714
290.114,378,2475,31712
290.146,381,2477,31731
290.175,372,2478,31751
290.208,371,2479,31763
290.237,375,2480,31771
290.269,371,2480,31773
290.298,381,2480,31774
290.331,372,2480,31778
290.360,372,2480,31779
290.392,377,2480,31777
290.421,375,2481,31789
290.454,377,2482,31801
290.483,377,2483,31807
290.516,368,2483,31812
290.544,377,2484,31827
290.577,376,2483,31819
290.609,377,2484,31831
290.638,371,2484,31830
290.671,381,2485,31837
290.700,379,2485,31838
290.732,376,2485,31836
290.761,373,2485,31841
290.794,373,2486,31854
290.823,376,2487,31869
290.855,367,2489,31891
290.884,374,2490,31899
290.917,376,2491,31915
290.945,363,2493,31942
290.978,371,2494,31948
291.010,368,2494,31955
291.039,377,2494,31960
291.072,367,2495,31964
291.101,371,2495,31965
291.134,372,2495,31965
291.162,372,2495,31964
291.195,369,2495,31966
291.224,372,2495,31963
291.256,365,2495,31968
291.286,363,2495,31967
291.318,361,2496,31973
291.347,373,2496,31974
291.380,361,2496,31979
291.408,363,2496,31980
291.441,370,2496,31981
291.473,366,2497,31987
291.502,370,2497,31990
291.535,368,2497,31996
291.564,363,2498,32001
291.596,364,2498,32006
291.625,365,2499,32013
291.658,367,2499,32015
291.687,364,2499,32021
291.719,375,2499,32015
291.748,361,2500,32027
291.781,359,2499,32022
291.810,364,2500,32029
291.842,362,2500,32027
291.871,364,2500,32034
291.904,365,2500,32028
291.936,369,2500,32035
291.965,359,2501,32037
291.998,358,2500,32031
292.027,360,2501,32039
292.059,357,2501,32040
292.088,361,2501,32043
292.121,361,2500,32036
292.150,353,2501,32039
292.182,356,2500,32037
292.211,357,2501,32044
292.244,351,2501,32043
292.273,356,2501,32044
292.305,359,2501,32048
292.337,359,2501,32042
292.367,362,2502,32053
292.399,358,2502,32054
292.428,357,2502,32061
292.460,357,2502,32057
292.489,360,2502,32063
292.522,357,2503,32064
292.551,356,2503,32071
292.584,358,2503,32073
292.613,356,2503,32068
292.645,355,2503,32072
292.674,351,2503,32069
292.707,358,2503,32075
292.735,357,2503,32073
292.768,355,2503,32065
292.800,357,2503,32067
292.830,358,2502,32059
292.862,358,2502,32056
292.891,359,2502,32060
292.924,355,2502,32053
292.953,357,2500,32036
292.985,358,2501,32045
293.014,357,2500,32036
293.047,359,2500,32027
293.075,363,2500,32028
293.108,361,2500,32027
293.137,363,2500,32026
293.169,368,2499,32017
293.202,366,2498,32011
293.231,365,2497,31999
293.263,359,2497,31991
293.292,366,2496,31985
293.325,369,2496,31981
293.354,364,2496,31976
293.386,359,2496,31975
293.415,360,2496,31976
293.448,365,2495,31969
293.477,367,2495,31971
293.510,366,2495,31968
293.538,372,2495,31964
293.571,365,2495,31965
293.600,370,2495,31968
293.632,371,2495,31969
293.665,370,2495,31965
293.694,372,2495,31964
293.726,364,2495,31962
293.755,358,2495,31966
293.788,364,2495,31966
293.817,372,2495,31965
293.849,368,2495,31965
293.878,373,2495,31961
293.911,367,2494,31960
293.940,363,2495,31964
293.972,372,2495,31960
294.001,365,2494,31960
294.034,376,2494,31957
294.066,378,2495,31963
294.095,367,2494,31957
294.128,369,2494,31958
294.157,369,2494,31960
294.189,368,2494,31959
294.218,364,2494,31955
294.250,371,2494,31958
294.279,368,2494,31957
294.312,373,2494,31952
294.341,369,2494,31950
294.373,375,2493,31942
294.402,376,2492,31923
294.435,369,2490,31908
294.464,372,2490,31903
294.496,371,2489,31895
294.529,370,2489,31894
294.558,367,2489,31890
294.590,375,2489,31888
294.619,364,2489,31887
294.652,383,2488,31874
294.681,376,2486,31857
294.713,375,2487,31859
294.742,373,2486,31847
294.775,372,2486,31847
294.803,376,2485,31845
294.836,381,2486,31847
294.865,377,2486,31846
294.898,366,2485,31841
294.930,374,2485,31837
294.959,376,2485,31837
294.992,378,2485,31836
295.021,375,2484,31828
295.053,382,2484,31826
295.082,385,2483,31817
295.115,375,2483,31810
295.144,372,2483,31808
295.176,369,2482,31799
295.205,373,2482,31794
295.238,372,2481,31792
295.266,376,2481,31787
295.299,378,2480,31781
295.331,378,2480,31779
295.361,377,2480,31778
295.393,374,2480,31773
295.422,378,2480,31776
295.455,383,2480,31777
295.483,376,2480,31771
295.516,378,2480,31777
295.545,374,2480,31776
295.577,384,2480,31772
295.606,377,2480,31774
295.639,378,2480,31772
295.668,371,2480,31770
295.701,376,2480,31776
295.729,381,2480,31772
295.762,384,2480,31770
295.794,378,2479,31767
295.823,377,2480,31769
295.856,383,2480,31771
295.885,370,2479,31768
295.917,376,2479,31765
295.946,377,2479,31759
295.979,379,2478,31750
296.008,375,2478,31745
296.040,381,2477,31734
296.069,367,2476,31729
296.102,377,2476,31728
296.131,381,2476,31722
296.163,379,2476,31720
296.196,375,2476,31722
296.225,385,2476,31724
296.257,379,2476,31722
296.286,377,2476,31718
296.319,379,2476,31723
296.348,377,2476,31722
296.380,379,2476,31724
296.409,379,2475,31710
296.442,382,2475,31711
296.471,382,2474,31701
296.503,379,2473,31681
296.532,377,2472,31666
296.565,377,2471,31662
296.593,378,2470,31651
296.626,381,2470,31643
296.659,373,2470,31642
296.688,382,2469,31636
296.720,381,2468,31616
296.749,377,2466,31589
296.782,382,2464,31572
296.810,382,2462,31548
296.843,384,2460,31524
296.872,379,2460,31517
296.905,381,2460,31515
296.933,378,2460,31518
296.966,384,2460,31516
296.995,390,2460,31515
297.028,388,2459,31512
297.060,389,2459,31503
297.089,383,2458,31490
297.122,381,2456,31469
297.151,377,2455,31456
297.183,378,2454,31445
297.212,389,2453,31428
297.245,388,2449,31380
297.274,387,2447,31353
297.306,381,2445,31330
297.335,381,2445,31323
297.368,385,2442,31283
297.396,377,2438,31232
297.429,384,2435,31204
297.458,388,2435,31197
297.490,378,2435,31193
297.523,389,2434,31190
297.552,390,2432,31163
297.585,384,2431,31147
297.614,388,2431,31140
297.646,388,2430,31137
297.675,383,2430,31132
297.707,386,2430,31131
297.737,386,2429,31115
297.769,385,2427,31091
297.798,380,2424,31059
297.831,384,2421,31018
297.859,384,2420,31008
297.892,394,2419,30991
297.924,381,2417,30970
297.954,388,2415,30948
297.986,393,2415,30944
298.015,392,2415,30936
298.048,392,2415,30936
298.076,391,2410,30882
298.109,384,2407,30843
298.138,390,2406,30827
298.171,391,2405,30817
298.199,389,2404,30806
298.232,383,2401,30758
298.261,387,2400,30750
298.294,380,2400,30750
298.322,384,2400,30750
298.355,392,2400,30746
298.387,384,2399,30734
298.416,386,2396,30693
298.449,394,2392,30651
298.478,388,2391,30629
298.510,383,2390,30621
298.539,396,2390,30625
298.572,393,2390,30624
298.601,396,2390,30616
298.633,385,2390,30617
298.662,385,2390,30616
298.695,392,2390,30617
298.724,397,2389,30604
298.756,385,2389,30614
298.789,391,2389,30611
298.818,388,2389,30608
298.850,390,2389,30607
298.879,394,2387,30580
298.912,392,2382,30519
298.941,386,2380,30497
298.973,394,2378,30469
299.002,400,2375,30425
299.035,396,2370,30363
299.063,385,2365,30301
299.096,390,2365,30300
299.125,396,2365,30296
299.157,394,2364,30295
299.190,386,2364,30289
299.219,390,2360,30242
299.251,389,2360,30232
299.281,394,2352,30133
299.313,401,2345,30048
299.342,382,2338,29952
299.375,394,2335,29915
299.404,390,2330,29853
299.436,394,2325,29792
299.465,390,2322,29751
299.498,393,2316,29673
299.526,392,2315,29654
299.559,393,2308,29576
299.588,403,2300,29474
299.621,398,2297,29434
299.653,390,2291,29353
299.682,395,2284,29259
299.714,392,2275,29152
299.743,393,2275,29147
299.776,390,2269,29074
299.805,394,2259,28946
299.838,399,2255,28890
299.866,389,2253,28865
299.899,394,2247,28787
299.928,394,2243,28743
299.961,391,2240,28706
299.989,388,2240,28697
300.022,394,2239,28682
300.054,392,2232,28601
300.084,401,2229,28561
300.116,395,2224,28501
300.145,391,2221,28452
300.177,404,2221,28451
300.206,394,2221,28450
300.239,400,2221,28453
300.268,390,2219,28435
300.300,395,2209,28308
300.329,396,2200,28191
300.362,395,2196,28134
300.391,399,2191,28065
300.423,393,2180,27935
300.452,401,2176,27884
300.485,398,2175,27868
300.517,399,2175,27865
300.546,398,2174,27851
300.579,393,2165,27744
300.608,399,2160,27679
300.640,397,2155,27608
300.669,390,2151,27553
300.702,409,2144,27471
300.731,387,2140,27414
300.763,398,2131,27309
300.792,401,2123,27206
300.825,399,2115,27099
300.853,405,2114,27092
300.886,392,2109,27022
300.918,397,2098,26883
300.948,396,2095,26841
300.980,395,2085,26720
301.009,393,2078,26623
301.042,401,2075,26583
301.071,404,2068,26491
301.103,402,2060,26393
301.132,403,2055,26330
301.165,401,2054,26311
301.193,401,2052,26293
301.226,391,2051,26273
301.255,400,2048,26238
301.287,395,2045,26203
301.320,396,2041,26153
301.349,395,2040,26140
301.381,398,2040,26139
301.410,401,2034,26057
301.443,395,2029,25995
301.472,393,2026,25963
301.505,394,2026,25955
301.533,399,2026,25953
301.566,391,2026,25959
301.595,398,2025,25941
301.628,396,2023,25924
301.656,402,2021,25890
301.689,403,2016,25831
301.718,400,2014,25799
301.751,400,2012,25774
301.783,404,2009,25744
301.812,402,2008,25721
301.844,397,2007,25719
301.873,395,2007,25720
301.906,399,2007,25708
301.935,394,2006,25702
301.967,396,2006,25698
301.996,406,2005,25686
302.029,395,2005,25687
302.058,402,2004,25675
302.091,404,2004,25676
302.119,405,2004,25671
302.152,403,2003,25669
302.184,402,2003,25663
302.213,404,2002,25646
302.246,397,2001,25641
302.275,400,2000,25629
302.307,405,2000,25622
302.336,401,2000,25621
302.369,399,2000,25627
302.398,392,2000,25622
302.430,404,1999,25615
302.459,397,1998,25596
302.492,394,1997,25583
302.520,401,1996,25578
302.553,398,1996,25571
302.582,392,1996,25568
302.615,407,1995,25566
302.647,399,1995,25563
302.676,401,1995,25565
302.709,397,1995,25565
302.738,397,1995,25561
302.770,397,1995,25565
302.799,405,1995,25564
302.832,392,1995,25562
302.861,406,1996,25568
302.893,404,1995,25566
302.922,403,1996,25567
302.955,406,1995,25564
302.983,401,1995,25566
303.016,406,1995,25564
303.048,404,1996,25568
303.078,396,1995,25562
303.110,393,1995,25564
303.139,400,1995,25566
303.171,396,1995,25565
303.200,403,1995,25566
303.233,399,1997,25588
303.262,399,2000,25625
303.295,404,2005,25693
303.323,401,2015,25818
303.356,393,2030,26008
303.385,400,2040,26134
303.418,401,2042,26167
303.450,401,2047,26221
303.479,399,2053,26303
303.511,397,2059,26384
303.540,399,2065,26456
303.573,398,2075,26585
303.602,395,2085,26717
303.634,410,2097,26868
303.663,398,2115,27096
303.696,400,2124,27216
303.725,403,2138,27395
303.757,396,2147,27511
303.786,403,2155,27610
303.819,403,2160,27671
303.848,396,2161,27687
303.880,397,2164,27722
303.913,400,2165,27740
303.942,399,2171,27810
303.974,399,2174,27851
304.003,396,2175,27873
304.036,397,2182,27955
304.065,392,2190,28053
304.097,399,2198,28162
304.126,400,2200,28186
304.159,404,2200,28184
304.188,403,2200,28184
304.220,394,2200,28186
304.249,398,2196,28131
304.282,397,2184,27981
304.314,399,2175,27867
304.343,390,2165,27733
304.376,406,2159,27661
304.405,387,2151,27556
304.437,397,2144,27474
304.466,401,2140,27421
304.499,398,2140,27413
304.527,403,2136,27362
304.560,401,2129,27281
304.589,400,2125,27223
304.622,402,2121,27174
304.650,396,2118,27131
304.683,406,2118,27132
304.712,396,2118,27136
304.745,400,2118,27137
304.777,397,2118,27137
304.806,398,2119,27150
304.838,397,2119,27150
304.867,399,2119,27154
304.900,402,2120,27158
304.929,404,2118,27142
304.962,400,2118,27142
304.990,401,2118,27143
305.023,399,2117,27121
305.052,406,2117,27120
305.085,399,2116,27114
305.113,397,2116,27113
305.146,398,2117,27118
305.178,401,2117,27119
305.207,398,2118,27130
305.240,391,2118,27138
305.269,399,2120,27157
305.301,395,2120,27164
305.330,402,2120,27163
305.363,394,2118,27139
305.392,395,2117,27123
305.424,402,2118,27131
305.453,404,2118,27132
305.486,396,2118,27140
305.515,396,2118,27143
305.547,395,2120,27162
305.579,396,2121,27173
305.609,392,2122,27191
305.641,404,2123,27195
305.670,405,2125,27221
305.703,398,2125,27227
305.731,393,2125,27224
305.765,400,2125,27220
305.793,401,2125,27221
305.826,390,2126,27244
305.854,396,2126,27244
305.887,398,2127,27249
305.916,405,2126,27244
305.949,395,2125,27229
305.977,403,2126,27234
306.010,392,2126,27237
306.043,395,2128,27271
306.072,398,2135,27350
306.104,397,2139,27412
306.133,402,2141,27432
306.166,399,2143,27459
306.194,403,2146,27489
306.227,400,2150,27541
306.256,400,2153,27579
306.289,399,2159,27666
306.317,401,2166,27746
306.350,397,2179,27920
306.379,398,2200,28185
306.412,399,2215,28375
306.444,395,2227,28538
306.473,400,2239,28689
306.505,392,2243,28737
306.535,395,2251,28840
306.567,403,2256,28899
306.596,397,2267,29052
306.628,396,2274,29136
306.657,404,2275,29151
306.690,396,2284,29268
306.719,403,2296,29412
306.752,387,2304,29514
306.780,395,2313,29639
306.813,395,2315,29665
306.845,394,2323,29761
306.875,389,2325,29789
306.907,389,2328,29831
306.936,399,2331,29869
306.968,398,2334,29900
306.997,390,2335,29913
307.030,395,2336,29930
307.058,391,2341,29991
307.091,391,2349,30090
307.120,394,2353,30143
307.153,395,2357,30204
307.182,396,2360,30237
307.214,397,2361,30244
307.243,382,2362,30261
307.276,394,2363,30274
307.308,397,2364,30288
307.337,393,2365,30305
307.370,391,2369,30358
307.399,396,2374,30417
307.431,398,2376,30437
307.460,394,2376,30446
307.493,393,2375,30435
307.522,388,2375,30433
307.554,397,2376,30438
307.583,391,2376,30440
307.616,390,2376,30447
307.644,393,2377,30454
307.677,400,2379,30476
307.709,382,2379,30481
307.739,394,2380,30492
307.771,399,2380,30493
307.800,399,2382,30524
307.833,392,2388,30597
307.862,394,2392,30641
307.894,396,2398,30721
307.923,392,2400,30749
307.956,398,2404,30806
307.984,393,2410,30872
308.017,388,2415,30938
308.046,388,2417,30962
308.078,386,2421,31021
308.107,387,2427,31095
308.140,390,2430,31138
308.172,392,2434,31187
308.202,389,2435,31198
308.234,389,2435,31198
308.263,391,2438,31234
308.295,385,2443,31299
308.324,391,2445,31332
308.357,388,2448,31367
308.386,397,2454,31439
308.418,388,2455,31456
308.447,390,2460,31514
308.480,391,2460,31517
308.509,383,2461,31531
308.542,388,2464,31572
308.574,383,2468,31619
308.603,380,2470,31644
308.635,391,2471,31659
308.664,383,2472,31667
308.697,382,2474,31694
308.726,383,2475,31712
308.758,379,2476,31725
308.787,383,2477,31732
308.820,374,2478,31746
308.849,383,2479,31759
308.881,383,2480,31771
308.910,382,2480,31772
308.943,381,2480,31778
308.972,381,2480,31779
309.004,376,2481,31784
309.037,381,2481,31787
309.066,378,2481,31787
309.098,376,2481,31782
309.127,382,2482,31795
309.160,388,2482,31797
309.189,378,2482,31799
309.221,383,2482,31803
309.250,386,2482,31804
309.283,378,2483,31816
309.312,378,2484,31822
309.344,374,2485,31834
309.373,380,2485,31837
309.406,379,2485,31839
309.434,381,2485,31841
309.467,377,2485,31844
309.500,375,2485,31839
309.529,379,2485,31837
309.561,376,2485,31843
309.590,377,2485,31834
309.622,375,2485,31836
309.652,378,2485,31838
309.684,385,2484,31830
309.713,387,2485,31834
309.746,386,2484,31826
309.774,384,2484,31829
309.807,383,2484,31826
309.836,382,2484,31822
309.868,380,2483,31818
309.901,370,2483,31811
309.930,378,2482,31806
309.962,374,2482,31803
309.991,381,2482,31802
310.024,381,2482,31797
310.053,384,2482,31797
310.085,382,2481,31791
310.114,379,2482,31796
310.147,382,2482,31796
310.175,376,2481,31790
310.208,383,2481,31792
310.237,380,2483,31807
310.270,384,2484,31821
310.302,375,2484,31827
310.331,377,2485,31833
310.364,379,2485,31837
310.393,379,2485,31838
310.425,384,2485,31844
310.454,379,2486,31852
310.487,381,2488,31883
310.515,372,2491,31915
310.548,375,2492,31933
310.577,375,2494,31955
310.610,375,2495,31964
310.638,363,2495,31962
310.671,373,2495,31967
310.700,375,2495,31972
310.732,363,2496,31980
310.765,367,2497,31994
310.794,367,2499,32015
310.826,363,2500,32028
310.855,362,2500,32035
310.888,366,2501,32049
310.917,358,2503,32069
310.950,360,2505,32095
310.978,359,2506,32113
311.011,357,2507,32121
311.040,354,2509,32142
311.072,351,2510,32154
311.101,345,2509,32152
311.134,342,2510,32159
311.163,338,2510,32164
311.195,335,2510,32159
311.228,333,2510,32161
311.257,321,2511,32166
311.289,314,2510,32164
311.318,313,2512,32181
311.351,305,2512,32185
311.380,297,2512,32182
311.412,288,2513,32196
311.441,279,2513,32193
311.474,272,2512,32189
311.502,265,2513,32195
311.535,254,2513,32196
311.564,245,2513,32193
311.597,235,2513,32201
311.625,225,2513,32197
311.658,216,2513,32200
