t_s,pwm,hall_mV,adc16
0.009,18,2493,31941
0.029,19,2492,31924
0.050,20,2490,31909
0.071,21,2489,31889
0.091,22,2488,31873
0.111,23,2486,31852
0.132,24,2485,31836
0.152,25,2484,31821
0.173,26,2484,31821
0.194,27,2482,31806
0.217,28,2481,31790
0.238,29,2481,31782
0.259,30,2480,31777
0.279,31,2480,31769
0.300,32,2479,31757
0.320,33,2478,31747
0.341,34,2477,31734
0.361,35,2476,31721
0.382,36,2474,31703
0.402,37,2473,31689
0.422,38,2473,31682
0.443,39,2471,31661
0.467,40,2470,31650
0.488,41,2469,31633
0.508,42,2468,31617
0.529,43,2467,31602
0.549,44,2465,31587
0.570,45,2464,31573
0.591,46,2463,31562
0.611,47,2462,31547
0.632,48,2461,31537
0.652,49,2460,31522
0.672,50,2459,31511
0.697,51,2459,31502
0.717,52,2458,31488
0.738,53,2457,31476
0.759,54,2456,31463
0.779,55,2454,31446
0.800,56,2453,31427
0.820,57,2451,31408
0.840,58,2450,31389
0.861,59,2449,31379
0.881,60,2448,31364
0.902,61,2446,31337
0.926,62,2444,31316
0.947,63,2443,31299
0.967,64,2442,31291
0.988,65,2441,31271
1.008,66,2440,31259
1.029,67,2438,31242
1.050,68,2438,31235
1.070,69,2437,31230
1.090,70,2437,31221
1.111,71,2436,31209
1.132,72,2435,31194
1.152,73,2434,31185
1.176,74,2433,31173
1.197,75,2433,31169
1.217,76,2431,31151
1.238,77,2431,31146
1.258,78,2430,31140
1.279,79,2429,31125
1.299,80,2428,31107
1.320,81,2426,31085
1.340,82,2425,31072
1.360,83,2424,31057
1.381,84,2423,31044
1.405,85,2421,31022
1.426,86,2421,31013
1.446,87,2420,31002
1.467,88,2419,30996
1.488,89,2418,30975
1.508,90,2416,30952
1.528,91,2414,30932
1.549,92,2414,30932
1.570,93,2413,30920
1.590,94,2412,30903
1.611,95,2411,30886
1.634,96,2410,30877
1.656,97,2409,30867
1.676,98,2408,30856
1.697,99,2408,30846
1.717,100,2406,30827
1.738,101,2405,30815
1.758,102,2405,30808
1.779,103,2403,30794
1.799,104,2402,30780
1.819,105,2401,30761
1.840,106,2400,30750
1.864,107,2400,30743
1.885,108,2398,30728
1.905,109,2398,30721
1.926,110,2397,30709
1.946,111,2396,30692
1.967,112,2395,30680
1.987,113,2393,30662
2.008,114,2392,30652
2.028,115,2392,30645
2.049,116,2391,30636
2.073,117,2389,30609
2.093,118,2388,30598
2.114,119,2387,30585
2.135,120,2387,30577
2.155,121,2385,30558
2.176,122,2384,30546
2.196,123,2383,30526
2.217,124,2382,30518
2.237,125,2381,30509
2.258,126,2380,30493
2.282,127,2378,30471
2.302,128,2377,30456
2.323,129,2376,30444
2.344,130,2375,30427
2.364,131,2373,30405
2.385,132,2372,30393
2.405,133,2372,30393
2.425,134,2371,30373
2.446,135,2369,30355
2.466,136,2368,30344
2.491,137,2368,30340
2.511,138,2367,30323
2.532,139,2365,30300
2.552,140,2364,30289
2.573,141,2363,30282
2.593,142,2363,30271
2.614,143,2361,30254
2.634,144,2361,30245
2.655,145,2360,30232
2.675,146,2359,30228
2.699,147,2358,30214
2.720,148,2356,30191
2.741,149,2356,30183
2.761,150,2355,30176
2.782,151,2354,30161
2.802,152,2353,30146
2.823,153,2351,30127
2.843,154,2351,30118
2.864,155,2350,30104
2.884,156,2348,30083
2.908,157,2346,30060
2.929,158,2345,30049
2.949,159,2344,30038
2.970,160,2343,30019
2.990,161,2342,30002
3.011,162,2341,29996
3.031,163,2340,29983
3.052,164,2339,29970
3.073,165,2338,29950
3.093,166,2336,29929
3.117,167,2335,29915
3.138,168,2334,29902
3.159,169,2333,29893
3.179,170,2332,29878
3.199,171,2331,29861
3.220,172,2330,29857
3.240,173,2329,29845
3.261,174,2328,29827
3.282,175,2326,29807
3.302,176,2325,29788
3.323,177,2324,29778
3.347,178,2323,29761
3.367,179,2322,29749
3.388,180,2321,29739
3.408,181,2320,29727
3.429,182,2319,29714
3.449,183,2318,29695
3.470,184,2317,29686
3.491,185,2316,29678
3.511,186,2315,29663
3.532,187,2314,29652
3.556,188,2313,29636
3.576,189,2313,29631
3.597,190,2313,29629
3.617,191,2311,29615
3.638,192,2310,29596
3.659,193,2309,29584
3.679,194,2308,29567
3.700,195,2307,29554
3.720,196,2306,29539
3.741,197,2305,29527
3.765,198,2304,29516
3.785,199,2303,29510
3.806,200,2303,29500
3.827,201,2301,29485
3.848,202,2300,29466
3.868,203,2299,29450
3.888,204,2298,29441
3.908,205,2297,29424
3.929,206,2296,29422
3.949,207,2295,29402
3.973,208,2294,29393
3.994,209,2292,29369
4.014,210,2291,29352
4.035,211,2290,29335
4.056,212,2289,29324
4.077,213,2286,29295
4.097,214,2285,29274
4.117,215,2283,29253
4.138,216,2282,29242
4.158,217,2281,29225
4.182,218,2280,29212
4.203,219,2279,29194
4.224,220,2278,29183
4.245,221,2277,29167
4.265,222,2276,29159
4.285,223,2275,29150
4.306,224,2275,29151
4.326,225,2275,29146
4.347,226,2274,29134
4.367,227,2274,29136
4.388,228,2273,29127
4.412,229,2272,29115
4.432,230,2271,29102
4.453,231,2270,29086
4.473,232,2269,29065
4.494,233,2267,29052
4.515,234,2267,29039
4.535,235,2265,29014
4.555,236,2263,28995
4.575,237,2262,28975
4.596,238,2260,28959
4.621,239,2259,28941
4.642,240,2258,28924
4.662,241,2256,28908
4.682,242,2256,28902
4.703,243,2256,28899
4.724,244,2255,28893
4.744,245,2255,28894
4.765,246,2254,28885
4.785,247,2253,28866
4.805,248,2251,28839
4.829,249,2249,28819
4.850,250,2248,28799
4.870,251,2246,28780
4.891,252,2245,28767
4.911,253,2245,28765
4.932,254,2244,28755
4.952,255,2243,28732
4.973,0,2457,31484
4.993,1,2500,32036
5.014,2,2510,32161
5.035,3,2509,32149
5.055,4,2509,32142
5.080,5,2507,32122
5.100,6,2505,32096
5.120,7,2503,32064
5.141,8,2502,32050
5.162,9,2501,32041
5.183,10,2500,32028
5.203,11,2498,32011
5.223,12,2497,31991
5.244,13,2496,31975
5.264,14,2495,31971
5.285,15,2495,31967
5.305,16,2495,31963
5.329,17,2494,31959
5.350,18,2493,31944
5.371,19,2492,31925
5.391,20,2491,31909
5.411,21,2489,31888
5.432,22,2488,31871
5.452,23,2486,31852
5.473,24,2485,31837
5.494,25,2484,31823
5.514,26,2483,31815
5.535,27,2483,31811
5.559,28,2482,31798
5.579,29,2481,31787
5.600,30,2480,31774
5.620,31,2479,31764
5.641,32,2479,31756
5.662,33,2478,31743
5.682,34,2477,31731
5.703,35,2476,31719
5.723,36,2475,31709
5.743,37,2474,31699
5.765,38,2473,31679
5.788,39,2472,31668
5.809,40,2470,31653
5.830,41,2469,31634
5.850,42,2467,31613
5.870,43,2466,31600
5.891,44,2465,31588
5.911,45,2465,31578
5.932,46,2464,31573
5.953,47,2463,31553
5.973,48,2462,31539
5.994,49,2461,31526
6.014,50,2460,31512
6.038,51,2458,31499
6.059,52,2458,31487
6.080,53,2456,31472
6.100,54,2456,31464
6.120,55,2455,31453
6.141,56,2453,31433
6.161,57,2452,31414
6.182,58,2450,31395
6.202,59,2449,31379
6.223,60,2448,31366
6.243,61,2446,31343
6.267,62,2444,31316
6.288,63,2443,31302
6.309,64,2442,31288
6.329,65,2441,31279
6.349,66,2440,31264
6.370,67,2439,31251
6.390,68,2438,31237
6.411,69,2437,31230
6.431,70,2437,31221
6.451,71,2436,31206
6.472,72,2435,31201
6.496,73,2434,31187
6.517,74,2434,31180
6.537,75,2433,31167
6.558,76,2432,31159
6.578,77,2431,31142
6.599,78,2430,31132
6.619,79,2429,31120
6.640,80,2428,31104
6.660,81,2427,31090
6.681,82,2425,31074
6.701,83,2425,31066
6.722,84,2424,31051
6.746,85,2422,31032
6.767,86,2421,31019
6.787,87,2420,31004
6.808,88,2419,30989
6.828,89,2417,30973
6.849,90,2416,30950
6.869,91,2415,30942
6.890,92,2414,30934
6.910,93,2413,30921
6.931,94,2412,30908
6.951,95,2411,30887
6.976,96,2410,30872
6.996,97,2409,30862
7.016,98,2409,30862
7.037,99,2407,30838
7.058,100,2406,30826
7.078,101,2405,30810
7.099,102,2405,30808
7.119,103,2404,30799
7.140,104,2403,30785
7.160,105,2401,30764
7.181,106,2400,30755
7.205,107,2399,30741
7.225,108,2398,30728
7.246,109,2398,30723
7.267,110,2397,30712
7.287,111,2396,30701
7.308,112,2395,30692
7.328,113,2394,30671
7.349,114,2392,30649
7.369,115,2392,30642
7.390,116,2391,30629
7.414,117,2389,30613
7.434,118,2388,30594
7.455,119,2387,30581
7.476,120,2387,30578
7.496,121,2385,30560
7.516,122,2384,30546
7.537,123,2383,30526
7.557,124,2382,30517
7.578,125,2381,30503
7.598,126,2380,30489
7.623,127,2378,30468
7.643,128,2377,30459
7.664,129,2376,30445
7.684,130,2376,30436
7.705,131,2374,30416
7.725,132,2373,30400
7.746,133,2372,30390
7.766,134,2371,30378
7.787,135,2370,30359
7.807,136,2368,30342
7.832,137,2368,30339
7.852,138,2367,30332
7.873,139,2366,30311
7.893,140,2364,30293
7.914,141,2364,30291
7.934,142,2363,30276
7.955,143,2361,30255
7.975,144,2360,30243
7.996,145,2359,30228
8.016,146,2360,30231
8.040,147,2358,30217
8.061,148,2357,30204
8.081,149,2356,30189
8.102,150,2355,30172
8.123,151,2354,30160
8.143,152,2353,30151
8.164,153,2352,30131
8.184,154,2350,30112
8.205,155,2349,30102
8.225,156,2349,30091
8.249,157,2347,30066
8.270,158,2346,30053
8.290,159,2345,30042
8.311,160,2343,30025
8.332,161,2342,30006
8.352,162,2341,29990
8.373,163,2340,29984
8.393,164,2339,29973
8.414,165,2337,29949
8.434,166,2336,29928
8.458,167,2335,29920
8.479,168,2335,29915
8.500,169,2334,29898
8.520,170,2332,29882
8.541,171,2330,29859
8.561,172,2330,29853
8.582,173,2329,29844
8.602,174,2328,29829
8.623,175,2327,29810
8.643,176,2326,29798
8.664,177,2325,29785
8.688,178,2324,29772
8.708,179,2322,29754
8.729,180,2321,29733
8.750,181,2320,29728
8.770,182,2319,29711
8.791,183,2318,29702
8.811,184,2317,29692
8.831,185,2317,29680
8.852,186,2316,29671
8.873,187,2315,29656
8.897,188,2313,29640
8.917,189,2313,29631
8.938,190,2312,29621
8.958,191,2311,29609
8.979,192,2310,29599
9.000,193,2309,29583
9.020,194,2309,29578
9.040,195,2307,29561
9.061,196,2306,29551
9.081,197,2305,29533
9.105,198,2304,29521
9.126,199,2303,29507
9.146,200,2302,29497
9.167,201,2301,29481
9.188,202,2300,29472
9.208,203,2299,29459
9.228,204,2299,29449
9.249,205,2297,29435
9.269,206,2296,29417
9.290,207,2295,29406
9.314,208,2294,29388
9.335,209,2292,29369
9.355,210,2290,29346
9.376,211,2290,29343
9.396,212,2289,29328
9.417,213,2287,29307
9.437,214,2285,29281
9.458,215,2283,29255
9.478,216,2282,29238
9.499,217,2281,29226
9.523,218,2280,29213
9.543,219,2278,29192
9.564,220,2277,29179
9.585,221,2277,29171
9.605,222,2276,29160
9.626,223,2276,29157
9.646,224,2276,29156
9.667,225,2275,29149
9.688,226,2274,29138
9.708,227,2274,29133
9.732,228,2273,29124
9.753,229,2273,29117
9.773,230,2272,29107
9.794,231,2270,29088
9.814,232,2269,29069
9.835,233,2268,29059
9.856,234,2267,29040
9.876,235,2265,29017
9.897,236,2263,28989
9.917,237,2261,28971
9.937,238,2260,28956
9.962,239,2259,28941
9.982,240,2258,28930
10.003,241,2257,28913
10.024,242,2256,28906
10.044,243,2255,28894
10.064,244,2256,28901
10.085,245,2255,28895
10.106,246,2254,28883
10.126,247,2253,28869
10.147,248,2251,28846
10.171,249,2250,28823
10.191,250,2248,28804
10.212,251,2247,28789
10.233,252,2246,28776
10.253,253,2245,28765
10.274,254,2245,28758
10.294,255,2243,28741
10.314,0,2457,31484
10.335,1,2499,32016
10.355,2,2510,32158
10.376,3,2510,32154
10.396,4,2509,32147
10.420,5,2508,32131
10.441,6,2505,32100
10.461,7,2503,32068
10.483,8,2501,32048
10.503,9,2500,32034
10.524,10,2500,32031
10.544,11,2499,32015
10.564,12,2497,31996
10.585,13,2496,31982
10.605,14,2496,31979
10.626,15,2495,31969
10.646,16,2495,31969
10.670,17,2495,31962
10.691,18,2493,31947
10.712,19,2492,31924
10.733,20,2491,31910
10.753,21,2489,31888
10.773,22,2488,31872
10.794,23,2487,31859
10.814,24,2485,31842
10.835,25,2484,31826
10.856,26,2483,31815
10.875,27,2482,31806
10.900,28,2481,31794
10.920,29,2481,31783
10.941,30,2480,31775
10.962,31,2480,31769
10.982,32,2479,31763
11.002,33,2478,31751
11.024,34,2477,31737
11.044,35,2476,31725
11.065,36,2475,31710
11.085,37,2474,31699
11.105,38,2473,31679
11.129,39,2471,31665
11.150,40,2471,31656
11.170,41,2470,31642
11.191,42,2468,31624
11.212,43,2467,31604
11.232,44,2466,31594
11.252,45,2465,31577
11.273,46,2464,31568
11.293,47,2463,31551
11.314,48,2461,31531
11.334,49,2460,31525
11.355,50,2460,31518
11.379,51,2459,31505
11.399,52,2458,31490
11.420,53,2456,31473
11.440,54,2456,31467
11.461,55,2455,31451
11.481,56,2453,31430
11.502,57,2452,31411
11.522,58,2450,31391
11.543,59,2449,31380
11.563,60,2448,31366
11.584,61,2447,31347
11.608,62,2445,31323
11.629,63,2443,31303
11.649,64,2442,31288
11.670,65,2441,31280
11.691,66,2440,31265
11.711,67,2439,31249
11.732,68,2438,31241
11.752,69,2437,31229
11.773,70,2437,31225
11.793,71,2436,31208
11.814,72,2435,31200
11.837,73,2434,31186
11.858,74,2433,31174
11.879,75,2432,31162
11.900,76,2431,31153
11.920,77,2431,31141
11.941,78,2430,31133
11.961,79,2429,31125
11.982,80,2428,31107
12.002,81,2426,31089
12.023,82,2425,31075
12.043,83,2425,31063
12.064,84,2423,31046
12.087,85,2422,31030
12.108,86,2421,31014
12.128,87,2420,31008
12.149,88,2419,30997
12.170,89,2418,30984
12.190,90,2417,30962
12.211,91,2415,30940
12.231,92,2415,30936
12.252,93,2413,30918
12.272,94,2413,30911
12.293,95,2411,30888
12.317,96,2410,30872
12.337,97,2409,30864
12.358,98,2409,30861
12.379,99,2408,30855
12.399,100,2407,30839
12.419,101,2405,30816
12.440,102,2404,30806
12.460,103,2404,30801
12.481,104,2403,30787
12.502,105,2402,30773
12.525,106,2401,30763
12.546,107,2400,30745
12.567,108,2400,30744
12.588,109,2398,30723
12.608,110,2397,30707
12.628,111,2396,30697
12.649,112,2395,30684
12.670,113,2394,30668
12.690,114,2392,30652
12.711,115,2392,30642
12.731,116,2391,30637
12.755,117,2390,30618
12.776,118,2388,30596
12.797,119,2387,30583
12.817,120,2387,30578
12.837,121,2386,30565
12.858,122,2384,30548
12.879,123,2383,30530
12.899,124,2382,30520
12.919,125,2382,30516
12.940,126,2381,30502
12.964,127,2379,30479
12.985,128,2377,30457
13.005,129,2376,30441
13.027,130,2376,30436
13.047,131,2374,30415
13.067,132,2373,30403
13.087,133,2372,30387
13.108,134,2371,30376
13.128,135,2370,30362
13.149,136,2369,30347
13.173,137,2368,30338
13.194,138,2367,30328
13.214,139,2366,30308
13.235,140,2364,30290
13.255,141,2364,30283
13.276,142,2363,30274
13.296,143,2362,30265
13.317,144,2361,30246
13.337,145,2359,30229
13.358,146,2359,30228
13.382,147,2359,30219
13.402,148,2357,30201
13.423,149,2356,30183
13.444,150,2355,30169
13.464,151,2355,30168
13.485,152,2354,30155
13.505,153,2352,30136
13.526,154,2351,30120
13.546,155,2350,30107
13.567,156,2349,30091
13.591,157,2347,30066
13.611,158,2345,30051
13.632,159,2344,30034
13.652,160,2344,30026
13.673,161,2342,30004
13.693,162,2341,29997
13.714,163,2340,29982
13.734,164,2339,29969
13.755,165,2338,29959
13.775,166,2336,29935
13.799,167,2335,29916
13.820,168,2334,29902
13.840,169,2333,29896
13.861,170,2332,29885
13.882,171,2331,29869
13.902,172,2330,29858
13.923,173,2329,29845
13.943,174,2328,29829
13.964,175,2327,29812
13.985,176,2325,29791
14.008,177,2325,29784
14.029,178,2324,29769
14.050,179,2322,29752
14.070,180,2321,29741
14.091,181,2320,29727
14.111,182,2319,29717
14.132,183,2318,29702
14.153,184,2317,29687
14.173,185,2316,29672
14.193,186,2316,29668
14.214,187,2314,29653
14.238,188,2313,29638
14.259,189,2313,29629
14.279,190,2312,29627
14.300,191,2311,29615
14.320,192,2310,29600
14.341,193,2309,29581
14.361,194,2308,29569
14.381,195,2307,29559
14.402,196,2306,29544
14.422,197,2305,29531
14.447,198,2304,29525
14.467,199,2303,29510
14.488,200,2302,29498
14.509,201,2301,29483
14.529,202,2300,29472
14.550,203,2299,29459
14.570,204,2298,29444
14.590,205,2297,29431
14.611,206,2296,29419
14.632,207,2295,29402
14.656,208,2294,29395
14.677,209,2293,29375
14.697,210,2291,29349
14.718,211,2289,29333
14.738,212,2289,29326
14.759,213,2287,29303
14.779,214,2285,29280
14.800,215,2283,29251
14.820,216,2282,29234
14.840,217,2281,29229
14.864,218,2280,29207
14.885,219,2279,29200
14.906,220,2277,29179
14.926,221,2277,29168
14.947,222,2276,29161
14.968,223,2275,29154
14.988,224,2275,29152
15.008,225,2275,29144
15.029,226,2275,29146
15.049,227,2274,29133
15.074,228,2273,29127
15.094,229,2273,29117
15.115,230,2272,29106
15.136,231,2271,29091
15.156,232,2270,29078
15.177,233,2268,29055
15.197,234,2266,29034
15.217,235,2265,29018
15.238,236,2263,28997
15.258,237,2262,28977
15.282,238,2260,28960
15.303,239,2260,28951
15.324,240,2258,28934
15.345,241,2257,28917
15.365,242,2256,28899
15.385,243,2255,28898
15.405,244,2255,28894
15.426,245,2255,28894
15.446,246,2255,28886
15.467,247,2254,28875
15.487,248,2252,28847
15.512,249,2250,28824
15.532,250,2248,28803
15.553,251,2246,28780
15.573,252,2246,28774
15.594,253,2245,28761
15.615,254,2244,28757
15.635,255,2243,28738
15.655,0,2457,31485
15.676,1,2498,32006
15.697,2,2510,32160
15.717,3,2509,32150
15.741,4,2509,32144
15.762,5,2507,32119
15.782,6,2505,32094
15.802,7,2503,32075
15.824,8,2502,32054
15.844,9,2500,32036
15.864,10,2499,32023
15.885,11,2498,32009
15.905,12,2497,31992
15.925,13,2496,31978
15.946,14,2495,31969
15.966,15,2495,31971
15.990,16,2495,31968
16.011,17,2494,31958
16.032,18,2493,31947
16.052,19,2492,31930
16.073,20,2490,31905
16.093,21,2489,31884
16.114,22,2488,31877
16.135,23,2486,31856
16.155,24,2485,31840
16.175,25,2484,31824
16.196,26,2484,31821
16.217,27,2483,31811
16.241,28,2482,31800
16.261,29,2481,31789
16.282,30,2480,31778
16.302,31,2479,31764
16.323,32,2478,31755
16.344,33,2478,31746
16.364,34,2477,31737
16.384,35,2476,31721
16.405,36,2475,31712
16.425,37,2474,31702
16.446,38,2473,31679
16.470,39,2472,31670
16.490,40,2471,31653
16.511,41,2469,31640
16.532,42,2468,31616
16.552,43,2466,31600
16.573,44,2465,31588
16.593,45,2465,31582
16.614,46,2464,31571
16.634,47,2462,31550
16.655,48,2462,31541
16.675,49,2460,31523
16.699,50,2460,31515
16.720,51,2458,31498
16.741,52,2457,31485
16.761,53,2456,31469
16.782,54,2455,31460
16.803,55,2455,31449
16.823,56,2453,31434
16.844,57,2452,31413
16.864,58,2450,31396
16.884,59,2449,31380
16.905,60,2448,31361
16.925,61,2446,31342
16.949,62,2445,31320
16.970,63,2443,31304
16.990,64,2442,31290
17.011,65,2442,31282
17.032,66,2441,31269
17.052,67,2439,31249
17.072,68,2438,31235
17.093,69,2437,31230
17.114,70,2437,31222
17.134,71,2436,31207
17.155,72,2435,31196
17.179,73,2434,31186
17.199,74,2434,31184
17.220,75,2433,31171
17.241,76,2432,31163
17.261,77,2431,31143
17.281,78,2430,31128
17.302,79,2429,31120
17.323,80,2428,31107
17.343,81,2426,31086
17.363,82,2425,31072
17.384,83,2424,31060
17.408,84,2423,31048
17.428,85,2422,31035
17.449,86,2421,31018
17.470,87,2420,31000
17.490,88,2419,30991
17.511,89,2418,30979
17.531,90,2416,30958
17.552,91,2415,30942
17.573,92,2414,30924
17.593,93,2413,30921
17.613,94,2412,30907
17.634,95,2411,30894
17.658,96,2410,30874
17.678,97,2409,30858
17.699,98,2408,30855
17.719,99,2408,30846
17.740,100,2407,30840
17.761,101,2405,30817
17.781,102,2404,30807
17.802,103,2404,30798
17.822,104,2403,30791
17.843,105,2401,30766
17.867,106,2400,30752
17.887,107,2399,30742
17.908,108,2399,30731
17.929,109,2398,30720
17.949,110,2397,30709
17.970,111,2396,30701
17.990,112,2395,30686
18.011,113,2394,30671
18.032,114,2392,30653
18.052,115,2392,30648
18.075,116,2391,30631
18.096,117,2390,30619
18.117,118,2388,30598
18.137,119,2388,30590
18.158,120,2387,30580
18.178,121,2386,30570
18.199,122,2384,30548
18.219,123,2383,30526
18.239,124,2382,30518
18.260,125,2381,30506
18.284,126,2380,30491
18.305,127,2378,30466
18.325,128,2377,30453
18.346,129,2376,30443
18.367,130,2376,30437
18.387,131,2374,30416
18.408,132,2373,30404
18.428,133,2372,30389
18.449,134,2371,30379
18.469,135,2370,30363
18.490,136,2368,30343
18.514,137,2368,30338
18.535,138,2367,30330
18.556,139,2366,30318
18.576,140,2365,30297
18.596,141,2364,30287
18.617,142,2363,30273
18.637,143,2362,30262
18.658,144,2361,30246
18.678,145,2359,30229
18.699,146,2359,30220
18.723,147,2358,30214
18.743,148,2357,30204
18.764,149,2356,30189
18.785,150,2355,30173
18.805,151,2354,30159
18.826,152,2354,30154
18.847,153,2352,30130
18.867,154,2350,30115
18.888,155,2349,30102
18.908,156,2349,30090
18.932,157,2347,30069
18.952,158,2346,30051
18.973,159,2344,30038
18.994,160,2344,30028
19.014,161,2342,30009
19.035,162,2341,29997
19.055,163,2340,29981
19.076,164,2339,29967
19.096,165,2338,29958
19.117,166,2337,29942
19.140,167,2335,29916
19.161,168,2335,29911
19.182,169,2334,29902
19.202,170,2332,29884
19.223,171,2331,29865
19.244,172,2330,29851
19.264,173,2329,29838
19.284,174,2328,29829
19.305,175,2327,29817
19.326,176,2326,29802
19.350,177,2325,29784
19.370,178,2323,29769
19.391,179,2322,29746
19.411,180,2321,29739
19.432,181,2320,29724
19.452,182,2319,29715
19.473,183,2318,29702
19.494,184,2318,29695
19.514,185,2317,29682
19.534,186,2316,29672
19.555,187,2315,29659
19.579,188,2314,29646
19.599,189,2313,29630
19.620,190,2312,29623
19.641,191,2312,29623
19.661,192,2311,29604
19.681,193,2309,29581
19.702,194,2308,29572
19.722,195,2307,29563
19.743,196,2307,29554
19.764,197,2305,29535
19.788,198,2304,29522
19.808,199,2303,29510
19.829,200,2302,29495
19.849,201,2301,29477
19.870,202,2300,29470
19.890,203,2299,29461
19.911,204,2298,29446
19.931,205,2298,29437
19.952,206,2296,29420
19.973,207,2295,29406
19.997,208,2294,29394
20.017,209,2293,29373
20.038,210,2291,29357
20.059,211,2290,29334
20.080,212,2289,29322
20.100,213,2287,29306
20.120,214,2286,29290
20.141,215,2284,29262
20.161,216,2282,29238
20.182,217,2281,29223
20.205,218,2280,29212
20.226,219,2278,29191
20.247,220,2277,29178
20.267,221,2277,29178
20.288,222,2276,29158
20.308,223,2276,29160
20.329,224,2276,29156
20.349,225,2275,29150
20.370,226,2274,29140
20.390,227,2274,29131
20.414,228,2273,29129
20.435,229,2273,29119
20.455,230,2272,29111
20.476,231,2271,29093
20.496,232,2270,29080
20.517,233,2268,29057
20.537,234,2267,29045
20.558,235,2266,29028
20.578,236,2263,28995
20.599,237,2261,28974
20.623,238,2260,28957
20.644,239,2259,28944
20.664,240,2258,28933
20.685,241,2257,28912
20.706,242,2256,28905
20.726,243,2255,28896
20.747,244,2255,28890
20.767,245,2255,28894
20.788,246,2255,28889
20.808,247,2254,28876
20.829,248,2252,28856
20.853,249,2250,28827
20.874,250,2248,28806
20.894,251,2247,28786
20.915,252,2246,28778
20.935,253,2245,28769
20.956,254,2245,28759
20.976,255,2243,28742
20.997,0,2457,31485
21.017,1,2497,31988
21.037,2,2510,32160
21.058,3,2509,32152
21.082,4,2509,32143
21.103,5,2507,32126
21.123,6,2505,32099
21.144,7,2503,32073
21.165,8,2502,32051
21.185,9,2500,32037
21.205,10,2499,32022
21.226,11,2498,32004
21.247,12,2497,31993
21.267,13,2496,31980
21.287,14,2496,31973
21.308,15,2495,31967
21.328,16,2495,31969
21.352,17,2495,31960
21.373,18,2493,31946
21.393,19,2492,31926
21.414,20,2490,31907
21.434,21,2489,31886
21.455,22,2488,31874
21.476,23,2486,31857
21.496,24,2485,31843
21.516,25,2484,31826
21.537,26,2483,31814
21.558,27,2483,31807
21.582,28,2482,31799
21.602,29,2481,31784
21.623,30,2480,31780
21.644,31,2479,31766
21.664,32,2479,31758
21.685,33,2478,31749
21.705,34,2477,31738
21.726,35,2476,31720
21.746,36,2475,31709
21.767,37,2474,31695
21.787,38,2472,31678
21.811,39,2471,31665
21.832,40,2470,31650
21.852,41,2470,31642
21.873,42,2468,31624
21.893,43,2467,31605
21.914,44,2466,31590
21.934,45,2465,31577
21.955,46,2463,31562
21.975,47,2463,31555
21.996,48,2461,31532
22.016,49,2460,31521
22.040,50,2460,31512
22.061,51,2459,31505
22.081,52,2458,31490
22.102,53,2456,31470
22.123,54,2455,31455
22.143,55,2454,31442
22.164,56,2454,31436
22.184,57,2452,31410
22.205,58,2450,31393
22.225,59,2449,31376
22.246,60,2448,31367
22.266,61,2447,31346
22.290,62,2445,31324
22.311,63,2443,31304
22.332,64,2442,31290
22.352,65,2441,31278
22.372,66,2440,31261
22.393,67,2440,31257
22.413,68,2439,31246
22.434,69,2437,31226
22.454,70,2437,31220
22.475,71,2436,31213
22.495,72,2435,31199
22.519,73,2434,31186
22.540,74,2433,31173
22.561,75,2433,31166
22.581,76,2432,31155
22.601,77,2430,31140
22.622,78,2430,31132
22.643,79,2429,31125
22.663,80,2428,31111
22.684,81,2426,31085
22.704,82,2426,31077
22.725,83,2424,31058
22.749,84,2423,31045
22.769,85,2422,31030
22.790,86,2421,31012
22.810,87,2419,30999
22.831,88,2419,30991
22.851,89,2417,30973
22.872,90,2417,30963
22.892,91,2415,30940
22.913,92,2414,30923
22.933,93,2412,30909
22.954,94,2412,30906
22.974,95,2411,30889
22.999,96,2410,30876
23.019,97,2409,30867
23.040,98,2408,30854
23.060,99,2408,30849
23.081,100,2407,30837
23.101,101,2405,30818
23.122,102,2404,30803
23.142,103,2403,30792
23.163,104,2403,30782
23.183,105,2402,30776
23.208,106,2400,30754
23.228,107,2400,30745
23.249,108,2399,30738
23.269,109,2398,30721
23.290,110,2397,30715
23.311,111,2396,30696
23.331,112,2395,30686
23.352,113,2394,30668
23.372,114,2393,30657
23.393,115,2391,30639
23.416,116,2391,30633
23.437,117,2390,30620
23.458,118,2389,30602
23.479,119,2387,30580
23.499,120,2386,30567
23.520,121,2386,30566
23.540,122,2384,30550
23.561,123,2383,30526
23.581,124,2381,30512
23.601,125,2382,30515
23.625,126,2380,30498
23.646,127,2379,30477
23.667,128,2377,30458
23.687,129,2376,30447
23.708,130,2375,30428
23.729,131,2374,30419
23.749,132,2373,30401
23.770,133,2372,30395
23.790,134,2372,30387
23.810,135,2370,30366
23.834,136,2369,30350
23.855,137,2368,30337
23.875,138,2367,30326
23.896,139,2366,30309
23.917,140,2365,30302
23.937,141,2364,30282
23.958,142,2363,30271
23.978,143,2362,30264
23.999,144,2361,30253
24.019,145,2360,30234
24.040,146,2359,30220
24.064,147,2358,30212
24.084,148,2358,30206
24.105,149,2356,30188
24.126,150,2355,30171
24.146,151,2354,30164
24.167,152,2354,30157
24.187,153,2352,30136
24.208,154,2351,30118
24.229,155,2350,30103
24.249,156,2348,30089
24.273,157,2347,30071
24.293,158,2346,30056
24.314,159,2344,30033
24.335,160,2344,30026
24.355,161,2342,30010
24.376,162,2341,29996
24.396,163,2340,29981
24.417,164,2340,29975
24.437,165,2338,29957
24.457,166,2337,29939
24.481,167,2335,29916
24.502,168,2334,29907
24.523,169,2334,29899
24.544,170,2333,29893
24.564,171,2331,29866
24.584,172,2330,29855
24.605,173,2329,29843
24.625,174,2329,29836
24.646,175,2328,29822
24.667,176,2326,29800
24.690,177,2324,29779
24.711,178,2324,29771
24.732,179,2322,29752
24.752,180,2321,29736
24.773,181,2320,29730
24.794,182,2320,29719
24.814,183,2319,29705
24.835,184,2317,29692
24.855,185,2316,29680
24.876,186,2315,29666
24.896,187,2314,29653
24.920,188,2314,29645
24.940,189,2313,29630
24.961,190,2312,29624
24.982,191,2312,29624
25.002,192,2311,29612
25.022,193,2310,29590
25.043,194,2308,29572
25.064,195,2307,29557
25.084,196,2307,29552
25.105,197,2305,29533
25.129,198,2304,29525
25.149,199,2304,29515
25.170,200,2303,29504
25.191,201,2301,29486
25.212,202,2300,29474
25.232,203,2299,29458
25.252,204,2298,29448
25.273,205,2298,29443
25.293,206,2296,29418
25.314,207,2295,29408
25.337,208,2294,29388
25.358,209,2293,29384
25.379,210,2292,29360
25.400,211,2290,29337
25.420,212,2288,29319
25.440,213,2287,29302
25.461,214,2286,29290
25.482,215,2284,29259
25.502,216,2282,29244
25.523,217,2281,29228
25.546,218,2281,29220
25.567,219,2279,29200
25.588,220,2278,29187
25.609,221,2277,29173
25.629,222,2276,29159
25.650,223,2275,29153
25.670,224,2276,29156
25.691,225,2275,29147
25.711,226,2275,29149
25.732,227,2274,29141
25.755,228,2273,29127
25.776,229,2273,29121
25.797,230,2272,29114
25.817,231,2271,29094
25.838,232,2269,29076
25.858,233,2268,29055
25.879,234,2266,29037
25.899,235,2266,29028
25.920,236,2264,29005
25.941,237,2262,28984
25.961,238,2260,28960
25.985,239,2259,28942
26.006,240,2258,28934
26.026,241,2257,28916
26.047,242,2256,28904
26.067,243,2255,28896
26.088,244,2255,28891
26.108,245,2255,28889
26.129,246,2255,28892
26.149,247,2254,28878
26.170,248,2252,28859
26.194,249,2250,28828
26.214,250,2249,28809
26.235,251,2247,28784
26.256,252,2246,28779
26.277,253,2245,28765
26.297,254,2245,28762
26.317,255,2244,28745
26.337,0,2458,31487
26.358,1,2495,31960
26.379,2,2510,32155
26.399,3,2510,32155
26.420,4,2508,32140
26.443,5,2507,32122
26.464,6,2505,32099
26.484,7,2503,32074
26.505,8,2502,32055
26.528,9,2501,32038
26.546,10,2500,32028
26.567,11,2498,32009
26.587,12,2497,31996
26.608,13,2496,31980
26.628,14,2495,31973
26.649,15,2495,31970
26.669,16,2495,31965
26.693,17,2494,31959
26.714,18,2493,31945
26.735,19,2492,31930
26.756,20,2490,31909
26.776,21,2488,31883
26.797,22,2487,31869
26.817,23,2486,31854
26.837,24,2485,31841
26.858,25,2484,31827
26.878,26,2483,31811
26.899,27,2482,31806
26.923,28,2482,31795
26.944,29,2482,31795
26.964,30,2480,31778
26.985,31,2480,31770
27.005,32,2479,31757
27.026,33,2478,31747
27.047,34,2477,31738
27.067,35,2476,31728
27.087,36,2476,31719
27.108,37,2474,31699
27.128,38,2473,31680
27.152,39,2472,31667
27.173,40,2471,31657
27.193,41,2469,31637
27.214,42,2468,31621
27.235,43,2467,31603
27.255,44,2465,31588
27.276,45,2465,31577
27.296,46,2464,31567
27.317,47,2463,31554
27.337,48,2461,31535
27.357,49,2460,31521
27.381,50,2460,31516
27.402,51,2459,31505
27.423,52,2458,31491
27.443,53,2457,31478
27.464,54,2455,31459
27.485,55,2454,31448
27.505,56,2454,31437
27.526,57,2453,31423
27.546,58,2450,31395
27.566,59,2449,31374
27.587,60,2448,31359
27.607,61,2447,31347
27.631,62,2445,31331
27.652,63,2443,31302
27.673,64,2442,31287
27.693,65,2441,31279
27.714,66,2441,31270
27.734,67,2440,31257
27.755,68,2439,31245
27.775,69,2437,31228
27.796,70,2436,31216
27.816,71,2436,31209
27.837,72,2435,31197
27.860,73,2434,31190
27.881,74,2434,31182
27.902,75,2433,31170
27.922,76,2433,31167
27.943,77,2431,31146
27.963,78,2430,31130
27.984,79,2429,31119
28.004,80,2428,31106
28.025,81,2427,31100
28.045,82,2425,31073
28.066,83,2424,31060
28.090,84,2424,31052
28.110,85,2422,31037
28.131,86,2421,31021
28.152,87,2419,30999
28.173,88,2418,30982
28.193,89,2417,30971
28.213,90,2416,30960
28.234,91,2415,30942
28.254,92,2414,30930
28.275,93,2413,30919
28.295,94,2413,30911
28.316,95,2412,30900
28.341,96,2410,30879
28.360,97,2408,30858
28.381,98,2409,30860
28.401,99,2408,30852
28.422,100,2407,30838
28.443,101,2406,30822
28.463,102,2405,30813
28.483,103,2404,30802
28.504,104,2403,30787
28.525,105,2402,30776
28.549,106,2400,30753
28.569,107,2400,30746
28.590,108,2398,30730
28.611,109,2398,30722
28.631,110,2397,30717
28.652,111,2396,30697
28.672,112,2395,30690
28.693,113,2394,30674
28.713,114,2393,30654
28.734,115,2391,30636
28.758,116,2391,30635
28.778,117,2390,30618
28.799,118,2389,30606
28.820,119,2387,30582
28.840,120,2386,30573
28.861,121,2385,30562
28.881,122,2385,30558
28.902,123,2383,30536
28.922,124,2382,30517
28.943,125,2381,30502
28.966,126,2380,30498
28.987,127,2379,30480
29.008,128,2378,30466
29.029,129,2376,30445
29.049,130,2375,30435
29.070,131,2375,30427
29.090,132,2373,30404
29.111,133,2372,30389
29.131,134,2371,30375
29.152,135,2371,30374
29.172,136,2369,30350
29.196,137,2367,30333
29.217,138,2367,30327
29.238,139,2366,30319
29.258,140,2365,30304
29.279,141,2364,30287
29.299,142,2363,30277
29.320,143,2362,30265
29.340,144,2361,30253
29.361,145,2360,30232
29.381,146,2359,30222
29.405,147,2358,30215
29.425,148,2358,30211
29.446,149,2357,30193
29.467,150,2355,30177
29.488,151,2354,30159
29.508,152,2353,30150
29.529,153,2352,30139
29.549,154,2351,30117
29.569,155,2349,30099
29.590,156,2348,30090
29.614,157,2348,30080
29.634,158,2346,30053
29.655,159,2345,30045
29.676,160,2344,30030
29.696,161,2343,30018
29.717,162,2341,29998
29.737,163,2340,29983
29.758,164,2339,29971
29.779,165,2338,29959
29.799,166,2337,29947
29.823,167,2336,29925
29.844,168,2335,29912
29.864,169,2334,29902
29.885,170,2333,29890
29.906,171,2331,29871
29.926,172,2330,29856
29.946,173,2329,29842
29.967,174,2329,29836
29.987,175,2327,29814
30.008,176,2326,29802
30.031,177,2325,29784
30.052,178,2324,29772
30.073,179,2322,29754
30.094,180,2321,29735
30.114,181,2320,29725
30.135,182,2319,29715
30.155,183,2319,29708
30.175,184,2317,29692
30.196,185,2317,29685
30.216,186,2316,29671
30.240,187,2315,29666
30.261,188,2314,29648
30.282,189,2313,29633
30.303,190,2313,29629
30.324,191,2312,29616
30.344,192,2311,29607
30.364,193,2310,29594
30.385,194,2309,29582
30.405,195,2308,29566
30.425,196,2307,29554
30.449,197,2306,29542
30.470,198,2304,29525
30.491,199,2303,29510
30.512,200,2303,29501
30.532,201,2301,29485
30.553,202,2300,29470
30.573,203,2300,29464
30.593,204,2299,29452
30.614,205,2298,29440
30.634,206,2296,29421
30.655,207,2295,29404
30.679,208,2294,29394
30.700,209,2293,29383
30.720,210,2291,29354
30.741,211,2290,29338
30.762,212,2288,29317
30.782,213,2288,29315
30.802,214,2286,29292
30.823,215,2285,29270
30.843,216,2282,29243
30.865,217,2281,29228
30.888,218,2280,29218
30.908,219,2279,29197
30.929,220,2278,29186
30.950,221,2277,29169
30.970,222,2276,29162
30.990,223,2276,29159
31.011,224,2276,29155
31.032,225,2275,29152
31.052,226,2275,29144
31.073,227,2274,29136
31.096,228,2273,29124
31.117,229,2273,29118
31.138,230,2272,29111
31.159,231,2272,29105
31.179,232,2270,29086
31.200,233,2268,29060
31.220,234,2267,29046
31.241,235,2265,29026
31.261,236,2264,29002
31.281,237,2262,28979
31.305,238,2260,28959
31.326,239,2259,28943
31.347,240,2258,28931
31.367,241,2257,28921
31.388,242,2256,28908
31.409,243,2256,28902
31.429,244,2255,28893
31.449,245,2255,28891
31.470,246,2255,28887
31.490,247,2253,28871
31.514,248,2252,28857
31.535,249,2251,28840
31.556,250,2249,28811
31.576,251,2248,28796
31.597,252,2246,28777
31.618,253,2246,28771
31.638,254,2245,28760
31.658,255,2244,28746
31.679,0,2458,31488
31.699,1,2494,31953
31.720,2,2510,32157
31.740,3,2510,32161
31.764,4,2509,32146
31.785,5,2508,32128
31.805,6,2506,32102
31.826,7,2503,32072
31.846,8,2501,32047
31.867,9,2500,32037
31.888,10,2499,32022
31.908,11,2498,32005
31.928,12,2497,31996
31.949,13,2496,31982
31.970,14,2496,31973
31.990,15,2495,31972
32.014,16,2495,31964
32.034,17,2494,31952
32.055,18,2494,31951
32.076,19,2492,31927
32.096,20,2490,31907
32.117,21,2489,31889
32.137,22,2487,31871
32.158,23,2487,31861
32.178,24,2486,31846
32.199,25,2484,31829
32.219,26,2483,31817
32.240,27,2482,31804
32.264,28,2482,31798
32.285,29,2481,31786
32.305,30,2481,31782
32.326,31,2480,31773
32.346,32,2479,31758
32.367,33,2478,31753
32.387,34,2477,31739
32.408,35,2476,31721
32.428,36,2475,31709
32.449,37,2474,31696
32.469,38,2473,31680
32.493,39,2471,31666
32.514,40,2470,31651
32.534,41,2470,31642
32.555,42,2468,31625
32.575,43,2467,31604
32.596,44,2466,31597
32.616,45,2465,31577
32.637,46,2464,31569
32.658,47,2463,31553
32.678,48,2461,31535
32.699,49,2461,31525
32.722,50,2460,31518
32.743,51,2459,31500
32.764,52,2458,31494
32.785,53,2457,31476
32.805,54,2455,31459
32.825,55,2454,31447
32.846,56,2453,31433
32.867,57,2452,31417
32.887,58,2450,31395
32.908,59,2449,31379
32.928,60,2448,31361
32.952,61,2447,31351
32.972,62,2445,31330
32.993,63,2444,31310
33.014,64,2442,31288
33.034,65,2441,31276
33.055,66,2440,31267
33.075,67,2440,31258
33.096,68,2439,31247
33.116,69,2438,31232
33.137,70,2437,31228
33.157,71,2437,31219
33.178,72,2435,31200
33.202,73,2434,31185
33.222,74,2433,31176
33.243,75,2432,31165
33.264,76,2432,31157
33.284,77,2431,31144
33.305,78,2430,31128
33.325,79,2429,31121
33.346,80,2428,31112
33.366,81,2427,31096
33.387,82,2425,31072
33.407,83,2424,31056
33.431,84,2423,31048
33.452,85,2422,31032
33.472,86,2422,31025
33.493,87,2420,31011
33.513,88,2419,30992
33.534,89,2418,30982
33.554,90,2417,30965
33.575,91,2415,30948
33.595,92,2414,30928
33.616,93,2413,30914
33.636,94,2413,30913
33.657,95,2412,30903
33.681,96,2411,30886
33.701,97,2409,30864
33.723,98,2409,30860
33.743,99,2408,30846
33.764,100,2407,30842
33.784,101,2406,30822
33.805,102,2405,30811
33.825,103,2403,30791
33.846,104,2403,30789
33.866,105,2402,30775
33.890,106,2401,30761
33.910,107,2400,30749
33.931,108,2399,30737
33.952,109,2398,30726
33.972,110,2397,30713
33.993,111,2396,30695
34.013,112,2395,30684
34.034,113,2394,30675
34.054,114,2393,30656
34.075,115,2392,30641
34.099,116,2391,30631
34.119,117,2390,30622
34.140,118,2389,30608
34.161,119,2387,30587
34.181,120,2386,30573
34.202,121,2385,30559
34.222,122,2385,30552
34.243,123,2383,30532
34.264,124,2382,30519
34.284,125,2381,30506
34.308,126,2381,30501
34.328,127,2379,30480
34.349,128,2377,30461
34.369,129,2376,30447
34.390,130,2375,30433
34.410,131,2375,30423
34.431,132,2373,30402
34.451,133,2372,30390
34.472,134,2371,30379
34.493,135,2371,30374
34.516,136,2369,30351
34.537,137,2368,30340
34.558,138,2367,30328
34.578,139,2366,30314
34.599,140,2365,30300
34.619,141,2363,30281
34.640,142,2363,30274
34.661,143,2362,30263
34.681,144,2361,30253
34.702,145,2360,30238
34.722,146,2358,30218
34.746,147,2358,30210
34.767,148,2358,30205
34.787,149,2356,30186
34.808,150,2355,30175
34.828,151,2354,30155
34.849,152,2353,30153
34.869,153,2352,30139
34.890,154,2351,30123
34.911,155,2350,30105
34.931,156,2349,30094
34.955,157,2347,30075
34.976,158,2346,30060
34.996,159,2344,30037
35.017,160,2344,30027
35.038,161,2343,30024
35.058,162,2342,30005
35.078,163,2340,29987
35.099,164,2339,29970
35.119,165,2339,29965
35.140,166,2337,29946
35.164,167,2336,29923
35.184,168,2334,29902
35.206,169,2333,29893
35.226,170,2333,29888
35.247,171,2332,29877
35.268,172,2330,29858
35.287,173,2329,29845
35.309,174,2328,29832
35.329,175,2327,29816
35.349,176,2326,29803
35.373,177,2324,29780
35.393,178,2323,29766
35.414,179,2322,29753
35.435,180,2321,29743
35.455,181,2320,29726
35.476,182,2320,29718
35.496,183,2319,29707
35.517,184,2318,29694
35.537,185,2316,29679
35.558,186,2316,29669
35.582,187,2315,29660
35.602,188,2314,29652
35.623,189,2313,29634
35.644,190,2312,29628
35.664,191,2312,29622
35.685,192,2311,29612
35.705,193,2310,29597
35.727,194,2308,29572
35.747,195,2307,29561
35.768,196,2306,29546
35.790,197,2306,29539
35.811,198,2305,29527
35.832,199,2304,29517
35.852,200,2303,29502
35.873,201,2301,29485
35.893,202,2301,29480
35.914,203,2299,29459
35.935,204,2298,29448
35.955,205,2297,29436
35.976,206,2296,29423
35.999,207,2295,29406
36.020,208,2294,29394
36.041,209,2293,29384
36.062,210,2292,29371
36.083,211,2290,29340
36.102,212,2289,29324
36.123,213,2288,29311
36.144,214,2286,29289
36.164,215,2284,29267
36.184,216,2283,29245
36.205,217,2281,29229
36.229,218,2280,29217
36.249,219,2279,29205
36.270,220,2278,29188
36.291,221,2277,29176
36.311,222,2276,29162
36.332,223,2275,29153
36.352,224,2276,29157
36.373,225,2275,29148
36.393,226,2275,29149
36.414,227,2274,29140
36.438,228,2274,29132
36.458,229,2273,29122
36.479,230,2272,29110
36.500,231,2271,29098
36.520,232,2270,29079
36.540,233,2268,29060
36.561,234,2267,29049
36.582,235,2265,29023
36.602,236,2264,29006
36.623,237,2262,28984
36.647,238,2261,28966
36.667,239,2259,28945
36.688,240,2258,28930
36.709,241,2257,28917
36.729,242,2256,28902
36.750,243,2256,28899
36.770,244,2256,28899
36.790,245,2256,28900
36.811,246,2255,28896
36.831,247,2254,28885
36.855,248,2253,28861
36.876,249,2251,28837
36.897,250,2249,28812
36.918,251,2247,28792
36.938,252,2246,28780
36.959,253,2246,28771
36.979,254,2245,28766
37.000,255,2244,28748
37.020,0,2458,31488
37.040,1,2493,31942
37.061,2,2510,32157
37.082,3,2510,32153
37.105,4,2509,32142
37.126,5,2507,32122
37.147,6,2505,32096
37.167,7,2503,32073
37.188,8,2501,32050
37.208,9,2501,32039
37.229,10,2499,32021
37.250,11,2498,32006
37.270,12,2497,31989
37.290,13,2496,31985
37.311,14,2496,31975
37.332,15,2495,31967
37.355,16,2495,31960
37.376,17,2495,31962
37.396,18,2494,31948
37.417,19,2492,31933
37.437,20,2490,31909
37.458,21,2489,31887
37.479,22,2487,31868
37.499,23,2486,31854
37.520,24,2486,31845
37.540,25,2484,31825
37.560,26,2483,31814
37.584,27,2482,31804
37.605,28,2482,31798
37.626,29,2481,31791
37.646,30,2481,31781
37.667,31,2479,31767
37.688,32,2479,31758
37.708,33,2478,31751
37.729,34,2477,31740
37.749,35,2476,31727
37.769,36,2475,31716
37.790,37,2474,31700
37.811,38,2473,31690
37.834,39,2472,31669
37.855,40,2471,31658
37.876,41,2469,31639
37.896,42,2468,31617
37.917,43,2467,31602
37.937,44,2465,31587
37.959,45,2465,31581
37.978,46,2464,31569
37.999,47,2463,31560
38.019,48,2462,31542
38.039,49,2460,31524
38.064,50,2460,31516
38.084,51,2458,31497
38.105,52,2458,31493
38.126,53,2457,31475
38.147,54,2455,31459
38.167,55,2454,31448
38.187,56,2454,31438
38.208,57,2453,31424
38.229,58,2451,31403
38.249,59,2449,31373
38.269,60,2448,31362
38.293,61,2447,31347
38.314,62,2445,31328
38.334,63,2444,31315
38.355,64,2443,31295
38.375,65,2441,31278
38.396,66,2440,31265
38.417,67,2440,31259
38.437,68,2439,31244
38.457,69,2438,31231
38.478,70,2436,31215
38.498,71,2436,31209
38.522,72,2435,31199
38.543,73,2435,31193
38.563,74,2434,31179
38.584,75,2433,31169
38.605,76,2432,31160
38.625,77,2431,31142
38.646,78,2430,31134
38.666,79,2429,31119
38.687,80,2428,31108
38.707,81,2427,31090
38.728,82,2426,31077
38.748,83,2424,31061
38.772,84,2423,31047
38.793,85,2423,31038
38.814,86,2421,31025
38.834,87,2420,31007
38.855,88,2419,30989
38.875,89,2418,30976
38.895,90,2417,30968
38.916,91,2415,30944
38.936,92,2414,30923
38.957,93,2413,30921
38.978,94,2412,30908
39.001,95,2412,30900
39.022,96,2410,30882
39.043,97,2409,30863
39.063,98,2408,30850
39.084,99,2407,30839
39.105,100,2407,30839
39.125,101,2406,30828
39.146,102,2405,30816
39.166,103,2403,30794
39.186,104,2403,30794
39.207,105,2402,30780
39.231,106,2401,30757
39.252,107,2399,30741
39.272,108,2399,30735
39.293,109,2398,30722
39.313,110,2397,30709
39.334,111,2396,30694
39.354,112,2395,30690
39.375,113,2394,30676
39.395,114,2393,30662
39.416,115,2391,30640
39.440,116,2390,30624
39.460,117,2390,30616
39.482,118,2389,30603
39.502,119,2388,30590
39.522,120,2386,30574
39.543,121,2386,30569
39.563,122,2385,30551
39.584,123,2384,30542
39.604,124,2382,30520
39.625,125,2381,30506
39.649,126,2380,30499
39.669,127,2380,30489
39.690,128,2378,30466
39.710,129,2377,30449
39.731,130,2376,30440
39.752,131,2375,30423
39.772,132,2374,30411
39.793,133,2372,30389
39.813,134,2371,30377
39.834,135,2370,30367
39.858,136,2369,30350
39.878,137,2368,30337
39.899,138,2368,30336
39.920,139,2367,30323
39.940,140,2365,30306
39.960,141,2364,30288
39.981,142,2363,30271
40.002,143,2362,30259
40.022,144,2361,30251
40.042,145,2360,30237
40.066,146,2358,30217
40.087,147,2358,30209
40.108,148,2358,30209
40.128,149,2357,30198
40.149,150,2355,30177
40.169,151,2354,30164
40.190,152,2353,30151
40.210,153,2352,30137
40.231,154,2351,30124
40.251,155,2350,30103
40.275,156,2349,30101
40.296,157,2347,30075
40.317,158,2347,30067
40.337,159,2345,30043
40.358,160,2344,30029
40.378,161,2343,30016
40.399,162,2342,30001
40.419,163,2340,29982
40.440,164,2339,29964
40.460,165,2339,29963
40.484,166,2337,29946
40.505,167,2336,29926
40.525,168,2334,29910
40.546,169,2333,29895
40.567,170,2333,29894
40.587,171,2332,29876
40.608,172,2330,29855
40.628,173,2329,29839
40.649,174,2328,29830
40.669,175,2327,29819
40.690,176,2326,29806
40.714,177,2325,29786
40.734,178,2324,29777
40.755,179,2323,29760
40.776,180,2321,29740
40.796,181,2320,29721
40.816,182,2320,29722
40.837,183,2318,29704
40.858,184,2318,29693
40.878,185,2316,29676
40.898,186,2316,29675
40.922,187,2315,29664
40.943,188,2314,29653
40.964,189,2313,29638
40.984,190,2312,29623
41.005,191,2311,29615
41.025,192,2311,29605
41.046,193,2310,29602
41.066,194,2309,29578
41.087,195,2307,29564
41.107,196,2307,29556
41.131,197,2306,29544
41.152,198,2304,29523
41.173,199,2304,29515
41.194,200,2302,29499
41.214,201,2301,29482
41.234,202,2300,29467
41.255,203,2299,29460
41.275,204,2299,29453
41.296,205,2298,29444
41.316,206,2297,29426
41.340,207,2295,29405
41.361,208,2294,29394
41.382,209,2293,29377
41.402,210,2292,29363
41.423,211,2290,29338
41.443,212,2288,29320
41.464,213,2288,29308
41.484,214,2286,29294
41.505,215,2285,29276
41.525,216,2283,29248
41.549,217,2281,29228
41.570,218,2280,29215
41.590,219,2279,29202
41.611,220,2278,29185
41.631,221,2277,29176
41.652,222,2277,29168
41.672,223,2276,29163
41.693,224,2275,29153
41.713,225,2275,29152
41.734,226,2275,29145
41.758,227,2274,29138
41.779,228,2274,29130
41.799,229,2272,29116
41.820,230,2272,29105
41.841,231,2271,29099
41.861,232,2270,29082
41.881,233,2269,29065
41.902,234,2267,29047
41.923,235,2265,29021
41.943,236,2264,29007
41.963,237,2262,28983
41.987,238,2260,28962
42.008,239,2259,28946
42.029,240,2259,28938
42.049,241,2258,28929
42.070,242,2256,28910
42.091,243,2256,28900
42.111,244,2255,28894
42.132,245,2255,28894
42.152,246,2255,28889
42.173,247,2254,28879
42.196,248,2253,28867
42.217,249,2251,28837
42.238,250,2249,28813
42.258,251,2247,28792
42.279,252,2247,28783
42.300,253,2246,28777
42.320,254,2245,28766
42.341,255,2244,28750
42.361,0,2458,31488
42.382,1,2493,31937
42.402,2,2510,32157
42.425,3,2510,32158
42.446,4,2509,32149
42.467,5,2507,32124
42.488,6,2505,32100
42.508,7,2503,32073
42.529,8,2502,32051
42.549,9,2501,32038
42.569,10,2499,32020
42.590,11,2499,32012
42.611,12,2497,31992
42.631,13,2496,31977
42.652,14,2496,31974
42.672,15,2495,31973
42.696,16,2495,31965
42.717,17,2494,31955
42.737,18,2493,31942
42.758,19,2492,31931
42.779,20,2490,31905
42.799,21,2489,31888
42.819,22,2487,31869
42.840,23,2487,31863
42.860,24,2485,31844
42.881,25,2484,31829
42.901,26,2483,31814
42.925,27,2482,31804
42.946,28,2482,31795
42.967,29,2481,31787
42.987,30,2481,31782
43.008,31,2480,31773
43.028,32,2479,31764
43.049,33,2478,31750
43.069,34,2477,31740
43.090,35,2476,31724
43.110,36,2475,31713
43.131,37,2474,31694
43.155,38,2473,31682
43.175,39,2471,31665
43.196,40,2471,31657
43.217,41,2469,31638
43.237,42,2468,31626
43.258,43,2467,31611
43.278,44,2465,31586
43.299,45,2464,31572
43.319,46,2464,31568
43.339,47,2463,31553
43.360,48,2462,31540
43.384,49,2460,31519
43.404,50,2460,31515
43.425,51,2459,31505
43.446,52,2458,31497
43.467,53,2457,31479
43.487,54,2456,31461
43.508,55,2454,31444
43.528,56,2454,31438
43.549,57,2453,31424
43.569,58,2451,31408
43.590,59,2449,31377
43.610,60,2448,31363
43.634,61,2447,31348
43.655,62,2446,31337
43.675,63,2444,31311
43.696,64,2442,31290
43.716,65,2441,31272
43.737,66,2441,31269
43.757,67,2439,31254
43.778,68,2439,31244
43.799,69,2438,31232
43.819,70,2437,31224
43.840,71,2436,31210
43.863,72,2435,31204
43.884,73,2434,31191
43.905,74,2433,31178
43.925,75,2433,31168
43.946,76,2432,31155
43.966,77,2431,31148
43.987,78,2431,31142
44.007,79,2429,31125
44.028,80,2429,31115
44.049,81,2427,31096
44.069,82,2426,31081
44.093,83,2424,31057
44.113,84,2423,31046
44.134,85,2422,31031
44.155,86,2421,31022
44.176,87,2420,31006
44.196,88,2419,30989
44.216,89,2418,30977
44.237,90,2417,30967
44.257,91,2416,30951
44.278,92,2414,30931
44.298,93,2413,30914
44.319,94,2412,30905
44.343,95,2412,30898
44.364,96,2411,30886
44.384,97,2409,30868
44.405,98,2408,30858
44.425,99,2408,30848
44.446,100,2407,30842
44.466,101,2406,30829
44.487,102,2405,30809
44.507,103,2403,30792
44.528,104,2403,30784
44.551,105,2402,30774
44.572,106,2401,30764
44.593,107,2400,30746
44.614,108,2399,30740
44.634,109,2398,30726
44.655,110,2397,30709
44.675,111,2395,30690
44.696,112,2395,30685
44.716,113,2394,30673
44.736,114,2393,30658
44.760,115,2392,30645
44.781,116,2391,30628
44.802,117,2390,30623
44.822,118,2389,30612
44.843,119,2388,30593
44.863,120,2386,30571
44.884,121,2385,30562
44.905,122,2385,30553
44.925,123,2384,30545
44.946,124,2382,30525
44.969,125,2381,30505
44.990,126,2380,30499
45.010,127,2380,30489
45.031,128,2378,30464
45.052,129,2376,30446
45.073,130,2376,30439
45.093,131,2374,30421
45.113,132,2373,30407
45.134,133,2372,30388
45.154,134,2371,30381
45.178,135,2371,30377
45.199,136,2369,30357
45.219,137,2368,30333
45.239,138,2367,30327
45.260,139,2366,30316
45.281,140,2365,30303
45.302,141,2364,30284
45.322,142,2363,30273
45.343,143,2362,30263
45.363,144,2361,30254
45.383,145,2360,30238
45.408,146,2359,30224
45.428,147,2358,30217
45.448,148,2357,30203
45.469,149,2356,30190
45.490,150,2355,30176
45.510,151,2354,30159
45.531,152,2354,30158
45.551,153,2352,30141
45.571,154,2351,30123
45.592,155,2350,30111
45.616,156,2349,30096
45.637,157,2348,30081
45.657,158,2346,30058
45.678,159,2344,30038
45.698,160,2344,30027
45.719,161,2343,30020
45.739,162,2342,30005
45.760,163,2340,29984
45.781,164,2340,29975
45.801,165,2338,29958
45.825,166,2337,29947
45.846,167,2336,29927
45.866,168,2334,29909
45.887,169,2333,29895
45.908,170,2333,29891
45.928,171,2332,29878
45.949,172,2330,29856
45.969,173,2330,29849
45.990,174,2328,29833
46.010,175,2328,29824
46.034,176,2326,29803
46.055,177,2324,29782
46.075,178,2324,29772
46.096,179,2322,29756
46.117,180,2322,29747
46.137,181,2321,29731
46.158,182,2320,29728
46.178,183,2319,29715
46.199,184,2318,29699
46.219,185,2316,29680
46.243,186,2316,29669
46.264,187,2315,29659
46.284,188,2314,29654
46.305,189,2313,29637
46.326,190,2313,29631
46.347,191,2312,29616
46.366,192,2311,29610
46.387,193,2310,29595
46.407,194,2309,29580
46.428,195,2307,29561
46.452,196,2306,29550
46.472,197,2306,29539
46.493,198,2304,29524
46.514,199,2304,29516
46.534,200,2303,29510
46.555,201,2302,29493
46.575,202,2300,29473
46.596,203,2299,29457
46.616,204,2299,29451
46.637,205,2298,29441
46.657,206,2297,29425
46.681,207,2295,29404
46.702,208,2294,29395
46.722,209,2293,29381
46.743,210,2292,29367
46.764,211,2290,29344
46.784,212,2289,29325
46.805,213,2288,29316
46.826,214,2287,29296
46.846,215,2285,29271
46.866,216,2283,29251
46.890,217,2281,29230
46.911,218,2281,29224
46.931,219,2280,29207
46.952,220,2278,29191
46.973,221,2277,29176
46.994,222,2276,29165
47.013,223,2276,29157
47.034,224,2276,29156
47.054,225,2275,29151
47.075,226,2275,29144
47.099,227,2274,29139
47.120,228,2274,29131
47.140,229,2273,29122
47.161,230,2272,29114
47.181,231,2272,29104
47.202,232,2270,29086
47.222,233,2269,29066
47.243,234,2267,29048
47.263,235,2266,29035
47.284,236,2264,29011
47.308,237,2263,28991
47.329,238,2261,28968
47.349,239,2259,28947
47.370,240,2258,28932
47.390,241,2257,28922
47.411,242,2256,28909
47.431,243,2256,28898
47.452,244,2256,28898
47.472,245,2255,28893
47.493,246,2255,28894
47.517,247,2254,28884
47.537,248,2253,28867
47.558,249,2251,28845
47.579,250,2249,28816
47.599,251,2247,28791
47.620,252,2246,28775
47.640,253,2246,28775
47.661,254,2246,28772
47.681,255,2244,28750
47.702,0,2458,31487
47.722,1,2493,31935
47.743,2,2510,32154
47.767,3,2510,32159
47.787,4,2509,32147
47.808,5,2507,32118
47.828,6,2505,32099
47.849,7,2503,32068
47.869,8,2502,32052
47.890,9,2501,32038
47.910,10,2499,32024
47.931,11,2498,32007
47.951,12,2497,31991
47.972,13,2496,31976
47.993,14,2495,31972
48.017,15,2495,31968
48.037,16,2495,31962
48.058,17,2495,31964
48.079,18,2494,31949
48.099,19,2493,31936
48.119,20,2491,31910
48.140,21,2489,31888
48.160,22,2487,31869
48.181,23,2486,31855
48.201,24,2485,31842
48.222,25,2484,31825
48.242,26,2484,31820
48.267,27,2483,31810
48.287,28,2482,31797
48.308,29,2481,31788
48.329,30,2481,31782
48.349,31,2480,31769
48.369,32,2479,31760
48.390,33,2478,31745
48.410,34,2477,31739
48.431,35,2476,31729
48.451,36,2475,31714
48.472,37,2474,31702
48.496,38,2473,31687
48.516,39,2472,31668
48.537,40,2471,31659
48.558,41,2470,31640
48.578,42,2468,31620
48.599,43,2467,31606
48.619,44,2465,31586
48.640,45,2465,31576
48.660,46,2464,31564
48.680,47,2463,31557
48.702,48,2462,31544
48.725,49,2460,31523
48.746,50,2459,31510
48.767,51,2459,31504
48.787,52,2458,31492
48.808,53,2457,31474
48.828,54,2455,31460
48.849,55,2454,31444
48.869,56,2454,31436
48.890,57,2453,31425
48.911,58,2451,31406
48.931,59,2449,31379
48.954,60,2448,31360
48.975,61,2446,31344
48.996,62,2445,31330
49.017,63,2444,31316
49.037,64,2443,31296
49.058,65,2441,31279
49.078,66,2440,31267
49.098,67,2440,31257
49.119,68,2439,31246
49.139,69,2438,31237
49.160,70,2437,31221
49.181,71,2436,31207
49.205,72,2435,31200
49.225,73,2435,31192
49.246,74,2434,31182
49.266,75,2433,31173
49.287,76,2432,31160
49.307,77,2431,31145
49.328,78,2430,31131
49.349,79,2428,31113
49.369,80,2428,31109
49.389,81,2427,31093
49.410,82,2426,31080
49.434,83,2424,31060
49.454,84,2423,31050
49.475,85,2423,31040
49.496,86,2422,31027
49.516,87,2420,31007
49.536,88,2419,30988
49.557,89,2417,30970
49.578,90,2417,30961
49.598,91,2416,30954
49.619,92,2415,30938
49.639,93,2413,30922
49.663,94,2413,30910
49.684,95,2412,30903
49.705,96,2411,30885
49.725,97,2409,30864
49.745,98,2408,30848
49.766,99,2408,30848
49.787,100,2407,30837
49.807,101,2407,30836
49.828,102,2405,30816
49.848,103,2404,30799
49.869,104,2403,30785
49.893,105,2402,30771
49.913,106,2401,30761
49.934,107,2400,30745
49.955,108,2399,30734
49.975,109,2398,30722
49.995,110,2398,30718
50.015,111,2396,30700
50.036,112,2396,30694
50.056,113,2395,30681
50.077,114,2393,30659
50.101,115,2391,30641
50.122,116,2391,30633
50.142,117,2390,30622
50.163,118,2389,30615
50.184,119,2387,30589
50.204,120,2386,30572
50.225,121,2385,30564
50.245,122,2385,30557
50.266,123,2384,30545
50.286,124,2382,30521
50.310,125,2381,30509
50.331,126,2380,30497
50.352,127,2379,30482
50.372,128,2378,30469
50.393,129,2377,30454
50.413,130,2376,30445
50.434,131,2375,30424
50.454,132,2374,30415
50.475,133,2372,30389
50.495,134,2371,30382
50.519,135,2370,30368
50.540,136,2369,30353
50.561,137,2368,30335
50.581,138,2367,30325
50.602,139,2367,30321
50.622,140,2365,30305
50.642,141,2364,30290
50.663,142,2363,30272
50.683,143,2362,30260
50.704,144,2361,30252
50.728,145,2360,30239
50.749,146,2359,30220
50.770,147,2358,30215
50.791,148,2358,30207
50.812,149,2357,30197
50.831,150,2356,30183
50.852,151,2354,30163
50.873,152,2353,30153
50.893,153,2353,30149
50.913,154,2351,30125
50.937,155,2350,30105
50.958,156,2349,30099
50.978,157,2348,30085
50.999,158,2347,30068
51.020,159,2346,30052
51.040,160,2344,30033
51.060,161,2343,30019
51.081,162,2342,30006
51.102,163,2340,29978
51.123,164,2339,29971
51.143,165,2338,29958
51.166,166,2337,29948
51.187,167,2336,29927
51.208,168,2335,29912
51.229,169,2333,29895
51.249,170,2333,29888
51.269,171,2332,29874
51.290,172,2331,29863
51.311,173,2329,29841
51.331,174,2329,29835
51.352,175,2327,29818
51.375,176,2326,29802
51.396,177,2325,29791
51.417,178,2324,29773
51.437,179,2323,29758
51.458,180,2321,29743
51.478,181,2321,29732
51.499,182,2319,29715
51.519,183,2319,29710
51.540,184,2318,29705
51.560,185,2317,29683
51.584,186,2316,29671
51.605,187,2315,29665
51.625,188,2314,29653
51.646,189,2314,29642
51.667,190,2313,29630
51.688,191,2311,29609
51.708,192,2311,29604
51.728,193,2310,29596
51.749,194,2309,29581
51.769,195,2308,29568
51.793,196,2307,29557
51.814,197,2306,29539
51.834,198,2305,29528
51.856,199,2304,29517
51.876,200,2302,29500
51.897,201,2302,29489
51.917,202,2301,29475
51.937,203,2299,29462
51.959,204,2299,29453
51.979,205,2298,29448
52.002,206,2297,29429
52.023,207,2296,29411
52.043,208,2294,29395
52.064,209,2293,29379
52.085,210,2292,29369
52.105,211,2290,29342
52.126,212,2289,29324
52.147,213,2288,29316
52.167,214,2287,29307
52.187,215,2285,29277
52.208,216,2283,29252
52.231,217,2282,29232
52.252,218,2281,29220
52.273,219,2279,29205
52.293,220,2278,29187
52.314,221,2277,29179
52.334,222,2277,29173
52.355,223,2276,29161
52.375,224,2275,29153
52.396,225,2276,29156
52.416,226,2275,29150
52.440,227,2274,29141
52.461,228,2273,29128
52.482,229,2273,29125
52.502,230,2272,29115
52.523,231,2272,29104
52.543,232,2271,29092
52.564,233,2269,29071
52.584,234,2268,29052
52.605,235,2266,29027
52.625,236,2264,29012
52.649,237,2262,28983
52.670,238,2261,28968
52.690,239,2259,28948
52.711,240,2259,28939
52.732,241,2258,28924
52.752,242,2257,28914
52.773,243,2256,28904
52.793,244,2255,28897
52.814,245,2255,28889
52.834,246,2255,28891
52.858,247,2254,28881
52.878,248,2253,28868
52.899,249,2252,28851
52.920,250,2250,28827
52.941,251,2247,28795
52.961,252,2246,28781
52.981,253,2246,28777
53.002,254,2245,28768
53.023,255,2244,28751
53.043,0,2458,31490
53.063,1,2492,31929
53.087,2,2510,32154
53.108,3,2510,32153
53.129,4,2509,32147
53.149,5,2507,32124
53.170,6,2506,32103
53.191,7,2503,32068
53.212,8,2502,32052
53.232,9,2501,32039
53.252,10,2499,32024
53.273,11,2498,32009
53.293,12,2497,31993
53.313,13,2496,31982
53.334,14,2496,31976
53.358,15,2495,31968
53.379,16,2495,31964
53.399,17,2494,31956
53.420,18,2493,31947
53.440,19,2492,31932
53.461,20,2491,31910
53.481,21,2489,31886
53.502,22,2487,31868
53.522,23,2487,31861
53.543,24,2485,31842
53.563,25,2484,31830
53.587,26,2483,31814
53.608,27,2482,31804
53.629,28,2482,31798
53.649,29,2481,31790
53.670,30,2481,31782
53.690,31,2480,31768
53.711,32,2479,31766
53.731,33,2478,31752
53.751,34,2478,31745
53.772,35,2476,31726
53.792,36,2476,31717
53.817,37,2474,31697
53.837,38,2473,31685
53.858,39,2472,31669
53.880,40,2471,31656
53.899,41,2470,31642
53.920,42,2468,31623
53.940,43,2467,31613
53.961,44,2465,31587
53.981,45,2465,31577
54.001,46,2464,31565
54.022,47,2463,31551
54.046,48,2462,31538
54.066,49,2461,31525
54.087,50,2460,31512
54.108,51,2459,31504
54.129,52,2459,31500
54.149,53,2457,31480
54.170,54,2456,31462
54.191,55,2454,31444
54.211,56,2453,31431
54.231,57,2453,31423
54.251,58,2451,31404
54.272,59,2449,31380
54.296,60,2448,31370
54.316,61,2446,31345
54.337,62,2446,31337
54.358,63,2444,31314
54.378,64,2442,31292
54.399,65,2441,31275
54.419,66,2440,31261
54.439,67,2439,31253
54.460,68,2439,31250
54.480,69,2438,31237
54.501,70,2437,31224
54.525,71,2436,31214
54.546,72,2435,31200
54.566,73,2434,31185
54.587,74,2433,31179
54.608,75,2433,31171
54.628,76,2432,31158
54.649,77,2431,31149
54.669,78,2430,31128
54.690,79,2429,31119
54.710,80,2428,31110
54.730,81,2427,31100
54.754,82,2426,31080
54.775,83,2424,31055
54.796,84,2423,31048
54.816,85,2422,31034
54.837,86,2422,31030
54.857,87,2420,31007
54.878,88,2419,30994
54.898,89,2418,30981
54.919,90,2417,30965
54.939,91,2416,30949
54.960,92,2414,30933
54.980,93,2413,30915
55.004,94,2412,30902
55.025,95,2412,30898
55.046,96,2411,30887
55.066,97,2409,30870
55.087,98,2408,30856
55.107,99,2408,30848
55.128,100,2408,30847
55.148,101,2406,30830
55.169,102,2405,30809
55.189,103,2403,30794
55.213,104,2403,30785
55.234,105,2402,30773
55.254,106,2401,30763
55.275,107,2400,30753
55.296,108,2399,30739
55.316,109,2398,30726
55.337,110,2397,30714
55.357,111,2396,30696
55.378,112,2395,30688
55.398,113,2394,30671
55.422,114,2393,30660
55.443,115,2392,30641
55.463,116,2391,30628
55.484,117,2390,30627
55.505,118,2389,30613
55.525,119,2388,30593
55.546,120,2386,30574
55.566,121,2385,30560
55.587,122,2385,30555
55.607,123,2384,30539
55.631,124,2382,30523
55.652,125,2382,30515
55.672,126,2381,30504
55.693,127,2380,30489
55.713,128,2378,30462
55.734,129,2376,30448
55.754,130,2375,30435
55.775,131,2375,30423
55.795,132,2373,30410
55.816,133,2372,30388
55.836,134,2372,30386
55.860,135,2371,30376
55.881,136,2370,30361
55.902,137,2368,30335
55.922,138,2367,30323
55.942,139,2366,30312
55.963,140,2365,30304
55.984,141,2364,30286
56.004,142,2363,30271
56.025,143,2362,30264
56.045,144,2361,30253
56.069,145,2361,30244
56.090,146,2359,30225
56.110,147,2358,30214
56.131,148,2358,30207
56.152,149,2357,30195
56.172,150,2356,30182
56.193,151,2355,30167
56.213,152,2354,30156
56.234,153,2353,30141
56.254,154,2351,30126
56.278,155,2350,30110
56.299,156,2349,30094
56.319,157,2348,30078
56.340,158,2346,30058
56.361,159,2344,30037
56.381,160,2344,30031
56.402,161,2343,30025
56.422,162,2342,30010
56.443,163,2340,29985
56.463,164,2339,29969
56.487,165,2338,29956
56.508,166,2337,29948
56.529,167,2336,29928
56.549,168,2334,29908
56.570,169,2333,29895
56.591,170,2333,29891
56.611,171,2332,29875
56.631,172,2331,29864
56.652,173,2330,29847
56.672,174,2329,29835
56.696,175,2328,29821
56.717,176,2326,29802
56.738,177,2325,29787
56.758,178,2324,29776
56.779,179,2323,29759
56.799,180,2322,29744
56.819,181,2320,29730
56.840,182,2320,29720
56.860,183,2319,29714
56.881,184,2318,29698
56.905,185,2317,29681
56.925,186,2316,29667
56.946,187,2315,29658
56.967,188,2314,29651
56.987,189,2313,29639
57.008,190,2313,29629
57.028,191,2312,29619
57.049,192,2312,29617
57.069,193,2310,29596
57.090,194,2309,29583
57.114,195,2307,29562
57.134,196,2307,29556
57.155,197,2306,29541
57.176,198,2304,29524
57.196,199,2304,29519
57.217,200,2303,29505
57.237,201,2302,29495
57.258,202,2300,29473
57.278,203,2299,29459
57.299,204,2299,29454
57.322,205,2298,29438
57.343,206,2297,29426
57.364,207,2296,29418
57.384,208,2294,29394
57.405,209,2294,29393
57.425,210,2292,29368
57.446,211,2290,29346
57.466,212,2289,29325
57.487,213,2288,29314
57.508,214,2287,29297
57.528,215,2285,29279
57.552,216,2284,29257
57.573,217,2282,29237
57.593,218,2281,29224
57.614,219,2280,29208
57.635,220,2278,29192
57.655,221,2277,29178
57.675,222,2277,29169
57.696,223,2276,29159
57.717,224,2275,29149
57.737,225,2275,29146
57.761,226,2275,29145
57.782,227,2275,29146
57.802,228,2274,29140
57.823,229,2273,29121
57.844,230,2272,29106
57.865,231,2271,29102
57.884,232,2270,29086
57.905,233,2269,29070
57.926,234,2267,29051
57.946,235,2265,29026
57.970,236,2264,29010
57.990,237,2263,28994
58.011,238,2261,28974
58.032,239,2260,28955
58.052,240,2258,28935
58.073,241,2257,28923
58.093,242,2257,28913
58.114,243,2256,28908
58.134,244,2256,28903
58.155,245,2255,28894
58.178,246,2255,28897
58.199,247,2255,28888
58.220,248,2254,28874
58.241,249,2251,28846
58.261,250,2249,28820
58.282,251,2247,28795
58.302,252,2246,28782
58.323,253,2245,28769
58.344,254,2246,28770
58.364,255,2244,28751
58.384,0,2458,31489
58.408,1,2493,31941
58.428,2,2510,32161
58.449,3,2510,32154
58.470,4,2509,32144
58.490,5,2507,32122
58.511,6,2505,32100
58.532,7,2503,32067
58.552,8,2502,32056
58.572,9,2501,32040
58.593,10,2500,32027
58.613,11,2498,32005
58.634,12,2497,31991
58.655,13,2496,31976
58.678,14,2496,31976
58.699,15,2495,31965
58.720,16,2495,31962
58.740,17,2494,31955
58.761,18,2493,31946
58.782,19,2492,31934
58.802,20,2491,31909
58.823,21,2489,31889
58.843,22,2488,31873
58.863,23,2486,31857
58.884,24,2485,31843
58.908,25,2485,31832
58.928,26,2484,31823
58.949,27,2483,31811
58.970,28,2482,31804
58.990,29,2481,31792
59.011,30,2481,31781
59.031,31,2480,31769
59.052,32,2479,31760
59.072,33,2478,31751
59.093,34,2477,31736
59.113,35,2476,31727
59.133,36,2475,31714
59.157,37,2475,31705
59.178,38,2473,31688
59.199,39,2472,31666
59.220,40,2470,31652
59.240,41,2469,31634
59.261,42,2468,31622
59.281,43,2467,31605
59.301,44,2466,31590
59.322,45,2464,31573
59.342,46,2464,31567
59.363,47,2463,31558
59.387,48,2462,31543
59.408,49,2461,31526
59.428,50,2460,31513
59.449,51,2459,31500
59.469,52,2458,31494
59.490,53,2457,31484
59.511,54,2456,31464
59.531,55,2455,31449
59.552,56,2454,31437
59.572,57,2453,31425
59.592,58,2451,31402
59.617,59,2450,31386
59.637,60,2448,31363
59.658,61,2446,31345
59.678,62,2446,31333
59.700,63,2444,31315
59.719,64,2443,31297
59.740,65,2442,31284
59.761,66,2440,31267
59.781,67,2440,31256
59.802,68,2439,31249
59.822,69,2438,31233
59.843,70,2437,31221
59.866,71,2436,31208
59.887,72,2435,31196
59.908,73,2434,31188
59.929,74,2434,31181
59.949,75,2433,31177
59.969,76,2432,31163
59.991,77,2431,31149
60.011,78,2430,31130
60.031,79,2429,31115
60.051,80,2428,31109
60.072,81,2427,31094
60.095,82,2425,31074
60.116,83,2424,31061
60.137,84,2424,31053
60.157,85,2423,31041
60.178,86,2422,31031
60.199,87,2420,31009
60.219,88,2419,30995
60.240,89,2418,30977
60.260,90,2417,30968
60.280,91,2416,30952
60.301,92,2415,30939
60.325,93,2413,30918
60.346,94,2413,30912
60.366,95,2412,30898
60.387,96,2411,30886
60.407,97,2409,30866
60.428,98,2408,30851
60.448,99,2407,30842
60.469,100,2407,30841
60.489,101,2406,30827
60.510,102,2405,30816
60.530,103,2404,30802
60.555,104,2403,30785
60.575,105,2402,30774
60.596,106,2401,30760
60.616,107,2399,30742
60.637,108,2399,30735
60.658,109,2398,30727
60.678,110,2397,30715
60.699,111,2396,30703
60.719,112,2395,30685
60.739,113,2395,30681
60.763,114,2393,30666
60.784,115,2392,30644
60.805,116,2390,30627
60.826,117,2390,30623
60.847,118,2389,30612
60.867,119,2388,30595
60.887,120,2387,30585
60.907,121,2386,30564
60.928,122,2385,30559
60.948,123,2384,30544
60.972,124,2382,30524
60.993,125,2381,30506
61.013,126,2380,30496
61.034,127,2379,30483
61.055,128,2378,30465
61.075,129,2376,30446
61.096,130,2376,30437
61.116,131,2375,30427
61.137,132,2373,30406
61.158,133,2372,30391
61.181,134,2371,30384
61.201,135,2371,30375
61.222,136,2369,30355
61.243,137,2368,30341
61.263,138,2366,30320
61.284,139,2367,30323
61.305,140,2366,30311
61.325,141,2364,30289
61.346,142,2363,30280
61.366,143,2362,30260
61.390,144,2362,30258
61.410,145,2360,30240
61.431,146,2360,30231
61.452,147,2358,30210
61.472,148,2358,30210
61.493,149,2357,30201
61.514,150,2356,30183
61.534,151,2355,30169
61.554,152,2353,30153
61.575,153,2353,30144
61.595,154,2351,30120
61.619,155,2350,30112
61.640,156,2349,30097
61.661,157,2349,30092
61.681,158,2347,30067
61.702,159,2345,30045
61.723,160,2344,30029
61.743,161,2343,30023
61.763,162,2342,30007
61.784,163,2341,29987
61.805,164,2339,29971
61.829,165,2338,29957
61.849,166,2337,29946
61.870,167,2336,29934
61.891,168,2335,29915
61.911,169,2334,29898
61.931,170,2333,29888
61.952,171,2332,29874
61.972,172,2330,29859
61.993,173,2329,29838
62.013,174,2329,29841
62.037,175,2328,29825
62.058,176,2326,29804
62.079,177,2325,29786
62.099,178,2324,29776
62.119,179,2323,29767
62.140,180,2322,29747
62.160,181,2320,29727
62.181,182,2319,29716
62.202,183,2319,29711
62.222,184,2318,29702
62.245,185,2317,29686
62.266,186,2316,29676
62.287,187,2315,29665
62.308,188,2314,29651
62.328,189,2314,29643
62.349,190,2312,29626
62.370,191,2311,29613
62.390,192,2311,29611
62.410,193,2310,29600
62.431,194,2309,29583
62.451,195,2308,29565
62.475,196,2307,29558
62.496,197,2306,29543
62.517,198,2305,29527
62.538,199,2303,29510
62.558,200,2303,29507
62.578,201,2302,29492
62.599,202,2301,29476
62.619,203,2299,29460
62.640,204,2299,29452
62.660,205,2299,29450
62.684,206,2297,29432
62.705,207,2296,29419
62.725,208,2294,29394
62.746,209,2294,29386
62.767,210,2293,29373
62.787,211,2291,29353
62.808,212,2290,29338
62.828,213,2288,29309
62.849,214,2286,29294
62.869,215,2285,29282
62.893,216,2284,29258
62.914,217,2281,29231
62.934,218,2281,29220
62.955,219,2280,29210
62.976,220,2278,29187
62.996,221,2277,29176
63.017,222,2277,29175
63.037,223,2276,29167
63.057,224,2275,29153
63.078,225,2275,29149
63.102,226,2275,29150
63.123,227,2274,29139
63.143,228,2274,29133
63.165,229,2273,29122
63.185,230,2272,29108
63.205,231,2271,29099
63.225,232,2271,29093
63.246,233,2269,29076
63.266,234,2268,29054
63.287,235,2266,29034
63.311,236,2264,29011
63.332,237,2263,28992
63.352,238,2261,28968
63.373,239,2260,28955
63.393,240,2259,28938
63.414,241,2258,28933
63.435,242,2257,28913
63.455,243,2256,28908
63.475,244,2256,28900
63.496,245,2255,28894
63.516,246,2255,28891
63.540,247,2254,28885
63.561,248,2253,28868
63.581,249,2252,28849
63.602,250,2250,28829
63.623,251,2248,28798
63.643,252,2246,28782
63.664,253,2246,28779
63.684,254,2246,28771
63.705,255,2244,28754
63.725,0,2458,31489
63.745,1,2490,31903
63.769,2,2509,32152
63.790,3,2510,32159
63.811,4,2509,32149
63.831,5,2507,32123
63.852,6,2505,32097
63.872,7,2503,32069
63.893,8,2501,32049
63.913,9,2500,32033
63.934,10,2500,32025
63.954,11,2498,32005
63.975,12,2497,31990
63.995,13,2496,31979
64.019,14,2495,31972
64.040,15,2495,31972
64.060,16,2495,31969
64.081,17,2494,31953
64.101,18,2493,31943
64.122,19,2492,31930
64.143,20,2491,31915
64.164,21,2489,31894
64.184,22,2488,31879
64.204,23,2487,31858
64.224,24,2486,31845
64.245,25,2485,31833
64.269,26,2483,31818
64.290,27,2482,31805
64.311,28,2482,31796
64.331,29,2481,31788
64.352,30,2480,31778
64.372,31,2480,31769
64.393,32,2479,31764
64.413,33,2478,31753
64.434,34,2477,31738
64.454,35,2476,31724
64.475,36,2475,31715
64.498,37,2474,31701
64.519,38,2473,31686
64.540,39,2472,31673
64.561,40,2471,31656
64.581,41,2470,31641
64.602,42,2468,31624
64.622,43,2467,31611
64.643,44,2466,31590
64.663,45,2465,31578
64.684,46,2464,31568
64.704,47,2463,31553
64.728,48,2462,31550
64.749,49,2460,31523
64.769,50,2460,31515
64.790,51,2459,31505
64.811,52,2458,31491
64.831,53,2457,31479
64.852,54,2456,31462
64.872,55,2454,31448
64.892,56,2453,31433
64.913,57,2453,31427
64.933,58,2451,31406
64.954,59,2450,31393
64.978,60,2448,31368
64.999,61,2447,31352
65.019,62,2446,31337
65.040,63,2444,31318
65.060,64,2442,31292
65.081,65,2441,31273
65.101,66,2440,31264
65.122,67,2439,31255
65.142,68,2439,31245
65.163,69,2438,31232
65.183,70,2437,31222
65.207,71,2436,31213
65.228,72,2435,31200
65.248,73,2434,31188
65.269,74,2434,31183
65.290,75,2432,31164
65.310,76,2432,31161
65.331,77,2431,31152
65.351,78,2430,31137
65.372,79,2429,31124
65.392,80,2428,31113
65.413,81,2427,31099
65.437,82,2426,31087
65.457,83,2424,31061
65.477,84,2423,31044
65.498,85,2422,31033
65.519,86,2422,31029
65.540,87,2421,31021
65.560,88,2419,30997
65.580,89,2418,30984
65.601,90,2416,30961
65.621,91,2416,30952
65.642,92,2415,30936
65.662,93,2413,30917
65.686,94,2412,30900
65.707,95,2411,30892
65.728,96,2411,30884
65.748,97,2410,30874
65.769,98,2408,30858
65.790,99,2407,30843
65.810,100,2407,30833
65.830,101,2406,30826
65.851,102,2405,30814
65.871,103,2404,30796
65.895,104,2403,30783
65.916,105,2402,30777
65.937,106,2402,30770
65.957,107,2400,30749
65.977,108,2399,30738
65.998,109,2398,30730
66.019,110,2397,30717
66.039,111,2396,30697
66.059,112,2395,30682
66.080,113,2394,30674
66.104,114,2394,30669
66.124,115,2392,30650
66.145,116,2391,30638
66.166,117,2390,30624
66.186,118,2390,30617
66.207,119,2388,30601
66.228,120,2387,30579
66.248,121,2385,30562
66.268,122,2385,30556
66.289,123,2384,30543
66.313,124,2383,30529
66.333,125,2381,30511
66.354,126,2380,30499
66.375,127,2379,30485
66.396,128,2378,30471
66.416,129,2377,30455
66.436,130,2376,30437
66.457,131,2375,30427
66.477,132,2374,30410
66.498,133,2372,30395
66.518,134,2371,30382
66.542,135,2371,30374
66.563,136,2370,30367
66.584,137,2368,30345
66.605,138,2367,30322
66.625,139,2366,30314
66.646,140,2365,30305
66.666,141,2364,30293
66.687,142,2363,30272
66.707,143,2362,30267
66.727,144,2361,30252
66.751,145,2361,30245
66.772,146,2359,30227
66.793,147,2358,30217
66.814,148,2357,30205
66.834,149,2357,30193
66.855,150,2356,30182
66.875,151,2355,30172
66.895,152,2354,30159
66.916,153,2353,30149
66.937,154,2352,30137
66.960,155,2350,30111
66.981,156,2349,30096
67.002,157,2348,30083
67.023,158,2346,30064
67.043,159,2345,30050
67.064,160,2344,30031
67.084,161,2343,30016
67.105,162,2342,30010
67.126,163,2341,29998
67.146,164,2339,29973
67.169,165,2339,29962
67.190,166,2337,29946
67.211,167,2336,29930
67.232,168,2335,29916
67.252,169,2334,29900
67.272,170,2332,29884
67.293,171,2332,29880
67.313,172,2331,29867
67.334,173,2330,29854
67.355,174,2329,29837
67.378,175,2328,29823
67.399,176,2326,29805
67.419,177,2325,29790
67.440,178,2324,29772
67.460,179,2323,29763
67.481,180,2322,29755
67.502,181,2321,29733
67.522,182,2320,29723
67.543,183,2319,29716
67.563,184,2318,29703
67.587,185,2317,29685
67.607,186,2316,29667
67.628,187,2315,29660
67.649,188,2315,29657
67.669,189,2314,29645
67.690,190,2313,29632
67.710,191,2312,29620
67.731,192,2311,29611
67.752,193,2310,29597
67.772,194,2309,29586
67.792,195,2308,29570
67.816,196,2306,29551
67.837,197,2306,29541
67.858,198,2305,29528
67.878,199,2304,29516
67.899,200,2303,29510
67.919,201,2302,29495
67.940,202,2301,29480
67.961,203,2300,29464
67.982,204,2299,29451
68.002,205,2298,29443
68.026,206,2298,29439
68.046,207,2296,29417
68.067,208,2295,29400
68.087,209,2293,29378
68.108,210,2293,29374
68.128,211,2291,29353
68.149,212,2290,29335
68.169,213,2288,29310
68.190,214,2287,29295
68.210,215,2285,29280
68.234,216,2284,29263
68.255,217,2282,29238
68.276,218,2281,29222
68.296,219,2280,29209
68.317,220,2279,29201
68.337,221,2278,29181
68.358,222,2277,29169
68.379,223,2276,29158
68.399,224,2275,29154
68.419,225,2275,29152
68.443,226,2275,29148
68.463,227,2275,29145
68.484,228,2274,29139
68.505,229,2273,29127
68.525,230,2272,29112
68.546,231,2271,29098
68.567,232,2270,29087
68.587,233,2269,29068
68.607,234,2268,29053
68.628,235,2266,29028
68.651,236,2265,29016
68.672,237,2263,29000
68.693,238,2261,28974
68.714,239,2260,28957
68.735,240,2259,28943
68.755,241,2257,28921
68.776,242,2256,28911
68.796,243,2256,28903
68.816,244,2256,28903
68.837,245,2255,28893
68.858,246,2255,28895
68.881,247,2255,28886
68.902,248,2254,28873
68.923,249,2252,28849
68.943,250,2250,28830
68.964,251,2248,28798
68.984,252,2246,28774
69.005,253,2246,28772
69.025,254,2246,28773
69.046,255,2244,28755
69.066,0,2458,31491
69.087,1,2488,31877
69.111,2,2509,32148
69.131,3,2509,32151
69.152,4,2509,32151
69.172,5,2507,32123
69.193,6,2505,32096
69.214,7,2503,32068
69.234,8,2502,32053
69.255,9,2500,32036
69.275,10,2500,32030
69.296,11,2499,32012
69.316,12,2497,31995
69.337,13,2496,31980
69.360,14,2495,31969
69.381,15,2495,31971
69.402,16,2495,31972
69.422,17,2494,31956
69.443,18,2493,31944
69.464,19,2492,31933
69.484,20,2491,31911
69.504,21,2489,31894
69.525,22,2487,31869
69.546,23,2486,31856
69.566,24,2485,31840
69.587,25,2484,31831
69.610,26,2483,31815
69.631,27,2483,31811
69.652,28,2482,31802
69.672,29,2481,31788
69.693,30,2481,31785
69.714,31,2480,31769
69.734,32,2479,31762
69.754,33,2478,31749
69.775,34,2478,31744
69.796,35,2477,31730
69.816,36,2475,31713
69.840,37,2474,31702
69.860,38,2473,31690
69.881,39,2472,31672
69.902,40,2471,31654
69.922,41,2469,31638
69.943,42,2468,31616
69.963,43,2467,31605
69.984,44,2466,31592
70.005,45,2465,31580
70.025,46,2463,31562
70.046,47,2463,31556
70.069,48,2462,31542
70.090,49,2461,31532
70.110,50,2460,31513
70.131,51,2459,31500
70.152,52,2458,31489
70.172,53,2457,31480
70.193,54,2456,31467
70.213,55,2455,31451
70.234,56,2454,31439
70.254,57,2452,31417
70.274,58,2452,31410
70.298,59,2450,31388
70.319,60,2448,31366
70.340,61,2446,31342
70.360,62,2445,31328
70.381,63,2444,31314
70.401,64,2443,31298
70.422,65,2441,31274
70.442,66,2440,31265
70.463,67,2440,31257
70.483,68,2439,31246
70.504,69,2438,31231
70.524,70,2437,31224
70.548,71,2436,31211
70.569,72,2435,31201
70.589,73,2434,31188
70.610,74,2434,31181
70.631,75,2433,31171
70.651,76,2432,31158
70.672,77,2432,31153
70.692,78,2430,31137
70.712,79,2429,31116
70.733,80,2428,31110
70.754,81,2427,31095
70.777,82,2427,31090
70.798,83,2425,31068
70.819,84,2423,31050
70.839,85,2422,31035
70.860,86,2422,31030
70.880,87,2421,31015
70.901,88,2419,30997
70.922,89,2417,30973
70.942,90,2416,30958
70.963,91,2416,30950
70.983,92,2415,30940
71.003,93,2414,30923
71.027,94,2412,30905
71.048,95,2411,30892
71.069,96,2411,30889
71.089,97,2410,30880
71.110,98,2408,30858
71.130,99,2407,30843
71.151,100,2407,30836
71.172,101,2406,30828
71.192,102,2405,30818
71.212,103,2404,30802
71.236,104,2403,30786
71.257,105,2402,30772
71.277,106,2401,30762
71.298,107,2400,30745
71.319,108,2399,30733
71.339,109,2398,30722
71.360,110,2397,30714
71.380,111,2396,30701
71.401,112,2396,30697
71.421,113,2395,30684
71.445,114,2393,30666
71.466,115,2392,30653
71.486,116,2391,30630
71.507,117,2390,30616
71.528,118,2389,30608
71.548,119,2389,30608
71.569,120,2387,30584
71.589,121,2386,30567
71.610,122,2385,30556
71.630,123,2384,30547
71.654,124,2383,30528
71.675,125,2381,30509
71.695,126,2380,30496
71.716,127,2379,30486
71.737,128,2378,30470
71.757,129,2377,30450
71.778,130,2376,30439
71.798,131,2375,30426
71.819,132,2374,30411
71.839,133,2373,30400
71.859,134,2371,30380
71.883,135,2370,30360
71.904,136,2369,30358
71.925,137,2368,30343
71.945,138,2367,30325
71.966,139,2366,30317
71.986,140,2365,30307
72.007,141,2365,30297
72.027,142,2363,30279
72.048,143,2362,30260
72.068,144,2361,30247
72.092,145,2360,30243
72.113,146,2359,30226
72.134,147,2359,30221
72.154,148,2358,30207
72.175,149,2357,30202
72.195,150,2356,30186
72.216,151,2355,30173
72.236,152,2353,30153
72.257,153,2353,30141
72.277,154,2352,30135
72.301,155,2350,30112
72.322,156,2349,30097
72.343,157,2348,30080
72.363,158,2347,30073
72.384,159,2346,30052
72.404,160,2344,30028
72.425,161,2342,30012
72.445,162,2342,30011
72.466,163,2341,29992
72.486,164,2339,29974
72.510,165,2338,29959
72.531,166,2338,29952
72.552,167,2337,29940
72.572,168,2335,29917
72.593,169,2334,29905
72.613,170,2332,29883
72.634,171,2332,29875
72.654,172,2331,29867
72.675,173,2330,29848
72.695,174,2329,29836
72.719,175,2328,29825
72.740,176,2326,29805
72.760,177,2325,29791
72.781,178,2324,29779
72.801,179,2323,29762
72.822,180,2322,29748
72.843,181,2321,29735
72.863,182,2319,29715
72.883,183,2319,29713
72.904,184,2319,29710
72.928,185,2317,29692
72.948,186,2316,29678
72.969,187,2315,29663
72.990,188,2315,29656
73.011,189,2314,29645
73.031,190,2313,29635
73.051,191,2312,29619
73.072,192,2311,29603
73.093,193,2310,29599
73.113,194,2309,29587
73.133,195,2308,29568
73.157,196,2307,29555
73.178,197,2306,29547
73.199,198,2305,29528
73.219,199,2304,29518
73.240,200,2303,29504
73.260,201,2301,29486
73.281,202,2301,29476
73.301,203,2300,29463
73.322,204,2299,29456
73.342,205,2298,29442
73.366,206,2297,29434
73.387,207,2296,29421
73.408,208,2294,29397
73.428,209,2294,29387
73.449,210,2293,29372
73.469,211,2291,29354
73.489,212,2290,29340
73.510,213,2288,29317
73.530,214,2288,29308
73.551,215,2286,29283
73.575,216,2284,29259
73.596,217,2282,29238
73.616,218,2281,29219
73.637,219,2280,29206
73.658,220,2278,29190
73.678,221,2277,29179
73.699,222,2277,29170
73.719,223,2277,29168
73.740,224,2276,29156
73.760,225,2275,29152
73.784,226,2275,29142
73.805,227,2274,29137
73.825,228,2274,29136
73.846,229,2273,29124
73.867,230,2272,29109
73.887,231,2272,29104
73.908,232,2271,29091
73.928,233,2270,29081
73.948,234,2268,29059
73.969,235,2266,29036
73.993,236,2264,29012
74.013,237,2263,28997
74.034,238,2262,28980
74.055,239,2260,28958
74.075,240,2259,28946
74.096,241,2258,28928
74.116,242,2257,28913
74.137,243,2256,28905
74.157,244,2256,28899
74.178,245,2255,28896
74.198,246,2255,28889
74.222,247,2254,28881
74.243,248,2253,28866
74.264,249,2252,28856
74.285,250,2250,28831
74.305,251,2249,28809
74.325,252,2246,28782
74.346,253,2246,28771
74.366,254,2246,28774
74.387,255,2244,28757
74.407,0,2458,31492
74.427,1,2505,32095
74.451,2,2510,32155
74.472,3,2510,32161
74.493,4,2509,32144
74.513,5,2507,32126
74.534,6,2506,32102
74.555,7,2503,32068
74.575,8,2501,32049
74.595,9,2500,32032
74.616,10,2500,32026
74.637,11,2498,32005
74.657,12,2497,31993
74.678,13,2496,31980
74.701,14,2495,31972
74.722,15,2495,31971
74.743,16,2495,31970
74.763,17,2494,31958
74.784,18,2493,31946
74.804,19,2492,31930
74.825,20,2491,31909
74.845,21,2489,31890
74.866,22,2488,31874
74.886,23,2487,31858
74.907,24,2486,31846
74.928,25,2484,31830
74.951,26,2484,31820
74.972,27,2483,31809
74.993,28,2482,31797
75.013,29,2481,31785
75.034,30,2480,31778
75.054,31,2480,31772
75.076,32,2479,31762
75.096,33,2479,31756
75.116,34,2478,31746
75.136,35,2476,31728
75.157,36,2475,31709
75.181,37,2474,31695
75.202,38,2473,31685
75.222,39,2472,31668
75.243,40,2471,31659
75.264,41,2469,31637
75.284,42,2468,31620
75.305,43,2467,31609
75.326,44,2466,31592
75.345,45,2465,31580
75.366,46,2463,31560
75.386,47,2462,31550
75.410,48,2462,31538
75.431,49,2461,31533
75.451,50,2460,31518
75.472,51,2459,31502
75.492,52,2458,31489
75.513,53,2457,31486
75.534,54,2456,31466
75.554,55,2455,31450
75.574,56,2453,31431
75.595,57,2452,31415
75.616,58,2451,31404
75.636,59,2450,31392
75.660,60,2448,31369
75.681,61,2446,31343
75.701,62,2445,31332
75.723,63,2444,31311
75.743,64,2443,31301
75.763,65,2441,31278
75.783,66,2440,31263
75.804,67,2439,31253
75.825,68,2439,31247
75.845,69,2438,31236
75.865,70,2437,31224
75.889,71,2436,31212
75.910,72,2435,31198
75.931,73,2434,31191
75.951,74,2433,31178
75.972,75,2433,31172
75.992,76,2433,31166
76.013,77,2431,31145
76.033,78,2430,31138
76.054,79,2429,31120
76.075,80,2428,31113
76.095,81,2427,31098
76.119,82,2426,31086
76.139,83,2425,31066
76.160,84,2423,31049
76.181,85,2422,31025
76.201,86,2421,31024
76.222,87,2421,31014
76.243,88,2420,31001
76.263,89,2418,30980
76.283,90,2417,30968
76.304,91,2416,30948
76.324,92,2415,30940
76.345,93,2414,30923
76.368,94,2412,30905
76.389,95,2411,30892
76.410,96,2410,30884
76.431,97,2411,30884
76.451,98,2409,30862
76.471,99,2408,30847
76.492,100,2406,30831
76.513,101,2406,30827
76.533,102,2405,30816
76.554,103,2404,30802
76.577,104,2403,30785
76.598,105,2402,30771
76.619,106,2401,30765
76.640,107,2400,30750
76.660,108,2399,30742
76.681,109,2398,30727
76.701,110,2397,30714
76.722,111,2396,30703
76.743,112,2395,30684
76.763,113,2394,30671
76.783,114,2394,30669
76.807,115,2393,30660
76.828,116,2392,30645
76.848,117,2390,30620
76.870,118,2389,30611
76.890,119,2389,30608
76.911,120,2387,30584
76.931,121,2385,30561
76.951,122,2384,30543
76.972,123,2384,30542
76.992,124,2383,30532
77.016,125,2382,30520
77.037,126,2381,30501
77.057,127,2379,30482
77.078,128,2378,30467
77.098,129,2377,30453
77.119,130,2376,30440
77.139,131,2374,30420
77.159,132,2373,30410
77.180,133,2372,30394
77.201,134,2371,30380
77.225,135,2370,30370
77.245,136,2370,30363
77.266,137,2369,30348
77.287,138,2367,30331
77.307,139,2366,30308
77.328,140,2365,30304
77.348,141,2364,30293
77.369,142,2364,30286
77.389,143,2362,30264
77.409,144,2361,30255
77.433,145,2361,30244
77.454,146,2360,30235
77.475,147,2359,30219
77.496,148,2358,30206
77.516,149,2357,30197
77.537,150,2356,30185
77.557,151,2355,30172
77.578,152,2354,30155
77.598,153,2352,30139
77.619,154,2352,30132
77.642,155,2351,30115
77.663,156,2349,30097
77.684,157,2348,30083
77.704,158,2347,30066
77.725,159,2345,30051
77.745,160,2344,30030
77.766,161,2342,30010
77.786,162,2342,30006
77.807,163,2341,29996
77.827,164,2340,29983
77.851,165,2338,29959
77.872,166,2337,29946
77.892,167,2336,29931
77.913,168,2335,29917
77.934,169,2333,29897
77.955,170,2332,29882
77.975,171,2331,29870
77.995,172,2332,29873
78.016,173,2330,29855
78.036,174,2329,29836
78.060,175,2328,29824
78.081,176,2326,29807
78.101,177,2325,29792
78.122,178,2324,29771
78.143,179,2323,29768
78.163,180,2322,29756
78.184,181,2322,29745
78.204,182,2320,29726
78.225,183,2319,29714
78.246,184,2318,29699
78.266,185,2317,29691
78.290,186,2316,29677
78.310,187,2315,29657
78.331,188,2314,29653
78.352,189,2314,29644
78.372,190,2313,29636
78.393,191,2312,29624
78.413,192,2311,29609
78.433,193,2310,29595
78.454,194,2309,29584
78.475,195,2308,29567
78.498,196,2307,29554
78.519,197,2306,29542
78.540,198,2305,29532
78.561,199,2304,29524
78.581,200,2303,29507
78.601,201,2302,29494
78.622,202,2301,29481
78.643,203,2300,29467
78.663,204,2299,29451
78.684,205,2298,29444
78.707,206,2297,29436
78.728,207,2297,29426
78.749,208,2296,29412
78.769,209,2293,29383
78.790,210,2292,29370
78.810,211,2292,29363
78.831,212,2290,29339
78.852,213,2288,29317
78.872,214,2287,29297
78.893,215,2285,29276
78.916,216,2284,29262
78.937,217,2282,29243
78.958,218,2281,29226
78.979,219,2280,29207
78.999,220,2279,29199
79.019,221,2278,29182
79.040,222,2277,29176
79.060,223,2276,29160
79.081,224,2275,29152
79.101,225,2275,29147
79.125,226,2275,29148
79.146,227,2275,29142
79.166,228,2274,29138
79.187,229,2274,29131
79.208,230,2272,29116
79.228,231,2271,29101
79.248,232,2270,29085
79.269,233,2269,29073
79.289,234,2268,29060
79.310,235,2267,29041
79.334,236,2265,29016
79.354,237,2263,28998
79.375,238,2262,28978
79.396,239,2260,28960
79.416,240,2259,28946
79.437,241,2258,28925
79.457,242,2256,28910
79.478,243,2256,28900
79.498,244,2256,28902
79.519,245,2256,28900
79.540,246,2256,28899
79.563,247,2254,28883
79.584,248,2254,28875
79.605,249,2252,28857
79.625,250,2250,28831
79.646,251,2248,28808
79.666,252,2247,28786
79.687,253,2245,28768
79.707,254,2246,28774
79.729,255,2245,28758
79.748,0,2458,31491
79.769,1,2503,32074
79.793,2,2510,32157
79.813,3,2510,32155
79.834,4,2509,32148
79.855,5,2507,32121
79.875,6,2505,32098
79.896,7,2503,32073
79.916,8,2502,32056
79.937,9,2500,32036
79.958,10,2500,32029
79.978,11,2498,32009
79.998,12,2497,31991
80.019,13,2496,31978
80.042,14,2495,31970
80.063,15,2495,31969
80.084,16,2495,31968
80.104,17,2494,31959
80.125,18,2494,31948
80.145,19,2492,31926
80.166,20,2491,31913
80.186,21,2489,31896
80.207,22,2488,31874
80.227,23,2486,31855
80.248,24,2485,31844
80.268,25,2484,31832
80.292,26,2484,31820
80.313,27,2483,31815
80.334,28,2482,31799
80.354,29,2481,31793
80.375,30,2480,31780
80.395,31,2479,31766
80.416,32,2479,31758
80.436,33,2478,31750
80.457,34,2477,31742
80.477,35,2476,31723
80.498,36,2475,31717
80.522,37,2474,31698
80.542,38,2473,31685
80.563,39,2472,31671
80.584,40,2471,31656
80.604,41,2469,31634
80.626,42,2468,31620
80.646,43,2467,31605
80.666,44,2466,31596
80.686,45,2465,31578
80.707,46,2464,31572
80.728,47,2463,31558
80.751,48,2462,31547
80.772,49,2461,31535
80.793,50,2460,31513
80.814,51,2459,31504
80.834,52,2457,31485
80.854,53,2457,31486
80.875,54,2456,31469
80.895,55,2455,31452
80.915,56,2453,31431
80.936,57,2452,31417
80.957,58,2451,31406
80.977,59,2450,31390
81.001,60,2448,31370
81.022,61,2446,31342
81.043,62,2445,31326
81.063,63,2444,31310
81.084,64,2443,31303
81.104,65,2442,31284
81.125,66,2440,31267
81.145,67,2439,31253
81.166,68,2439,31245
81.186,69,2438,31232
81.206,70,2437,31223
81.230,71,2436,31207
81.251,72,2435,31201
81.272,73,2434,31188
81.292,74,2434,31183
81.313,75,2433,31171
81.333,76,2432,31155
81.354,77,2431,31151
81.374,78,2430,31138
81.395,79,2429,31125
81.415,80,2427,31100
81.436,81,2427,31092
81.460,82,2426,31080
81.480,83,2425,31075
81.501,84,2424,31056
81.522,85,2422,31038
81.542,86,2422,31029
81.563,87,2421,31014
81.583,88,2420,31002
81.604,89,2418,30975
81.624,90,2417,30968
81.645,91,2415,30946
81.665,92,2415,30939
81.689,93,2414,30925
81.710,94,2413,30910
81.730,95,2411,30895
81.751,96,2410,30877
81.772,97,2409,30870
81.792,98,2409,30862
81.813,99,2408,30847
81.833,100,2406,30830
81.854,101,2406,30827
81.874,102,2405,30818
81.895,103,2404,30804
81.918,104,2403,30792
81.939,105,2402,30774
81.960,106,2401,30760
81.981,107,2400,30749
82.001,108,2399,30735
82.022,109,2399,30733
82.042,110,2398,30723
82.063,111,2397,30707
82.083,112,2396,30692
82.104,113,2394,30675
82.127,114,2394,30667
82.148,115,2392,30652
82.168,116,2391,30640
82.189,117,2390,30615
82.210,118,2388,30602
82.230,119,2388,30602
82.251,120,2387,30589
82.271,121,2386,30569
82.292,122,2385,30552
82.312,123,2383,30536
82.336,124,2383,30537
82.357,125,2382,30518
82.377,126,2380,30494
82.399,127,2379,30480
82.419,128,2378,30474
82.439,129,2378,30463
82.459,130,2376,30439
82.480,131,2374,30421
82.501,132,2374,30415
82.521,133,2372,30397
82.541,134,2371,30382
82.565,135,2370,30364
82.586,136,2369,30357
82.607,137,2368,30344
82.628,138,2367,30327
82.648,139,2366,30314
82.669,140,2365,30305
82.689,141,2365,30301
82.710,142,2364,30287
82.730,143,2362,30262
82.751,144,2361,30248
82.775,145,2360,30238
82.795,146,2360,30238
82.816,147,2359,30222
82.837,148,2357,30203
82.857,149,2357,30196
82.878,150,2356,30187
82.898,151,2355,30179
82.919,152,2354,30158
82.939,153,2352,30140
82.960,154,2352,30132
82.983,155,2351,30117
83.004,156,2349,30090
83.025,157,2348,30083
83.045,158,2347,30070
83.065,159,2346,30056
83.086,160,2344,30032
83.107,161,2342,30013
83.128,162,2342,30002
83.148,163,2341,29991
83.169,164,2340,29982
83.192,165,2338,29957
83.213,166,2338,29949
83.234,167,2336,29931
83.254,168,2336,29923
83.275,169,2334,29903
83.295,170,2333,29890
83.316,171,2332,29874
83.336,172,2331,29868
83.357,173,2330,29848
83.377,174,2329,29835
83.401,175,2328,29826
83.422,176,2327,29819
83.442,177,2326,29801
83.463,178,2325,29786
83.484,179,2323,29766
83.504,180,2322,29749
83.525,181,2321,29741
83.545,182,2320,29719
83.565,183,2319,29712
83.586,184,2318,29700
83.610,185,2318,29694
83.631,186,2316,29678
83.651,187,2315,29667
83.672,188,2314,29653
83.693,189,2313,29640
83.713,190,2313,29638
83.734,191,2312,29623
83.754,192,2311,29611
83.775,193,2310,29596
83.796,194,2309,29590
83.819,195,2308,29576
83.840,196,2307,29562
83.860,197,2306,29544
83.881,198,2305,29531
83.902,199,2304,29520
83.922,200,2303,29510
83.943,201,2302,29497
83.963,202,2301,29484
83.983,203,2300,29466
84.004,204,2299,29456
84.024,205,2298,29445
84.048,206,2297,29435
84.069,207,2297,29424
84.090,208,2295,29405
84.111,209,2293,29383
84.131,210,2292,29362
84.152,211,2291,29358
84.172,212,2291,29347
84.193,213,2288,29320
84.213,214,2287,29301
84.233,215,2285,29280
84.257,216,2284,29265
84.278,217,2283,29245
84.298,218,2281,29225
84.320,219,2279,29203
84.340,220,2279,29196
84.361,221,2278,29183
84.381,222,2276,29167
84.401,223,2276,29164
84.422,224,2276,29161
84.442,225,2275,29151
84.466,226,2275,29145
84.487,227,2274,29140
84.507,228,2274,29139
84.528,229,2273,29127
84.549,230,2272,29115
84.569,231,2272,29104
84.590,232,2271,29092
84.610,233,2270,29082
84.631,234,2268,29063
84.651,235,2267,29042
84.675,236,2265,29018
84.695,237,2263,28994
84.716,238,2262,28976
84.737,239,2260,28958
84.758,240,2259,28945
84.778,241,2258,28934
84.798,242,2257,28920
84.819,243,2256,28907
84.839,244,2256,28906
84.860,245,2255,28898
84.884,246,2255,28890
84.904,247,2254,28884
84.925,248,2254,28875
84.946,249,2252,28856
84.966,250,2250,28832
84.987,251,2249,28813
85.008,252,2247,28787
85.028,253,2245,28769
85.048,254,2245,28766
85.069,255,2244,28757
85.089,0,2458,31492
85.113,1,2503,32070
85.134,2,2510,32155
85.155,3,2510,32163
85.175,4,2509,32152
85.196,5,2508,32132
85.216,6,2505,32098
85.237,7,2503,32071
85.257,8,2501,32046
85.278,9,2500,32036
85.298,10,2500,32030
85.320,11,2499,32015
85.340,12,2497,31994
85.361,13,2496,31983
85.384,14,2496,31974
85.404,15,2495,31972
85.425,16,2495,31968
85.445,17,2494,31958
85.466,18,2493,31944
85.487,19,2492,31926
85.507,20,2491,31914
85.528,21,2489,31893
85.548,22,2488,31876
85.568,23,2487,31861
85.590,24,2485,31843
85.613,25,2485,31833
85.633,26,2484,31823
85.654,27,2483,31808
85.675,28,2482,31800
85.695,29,2481,31788
85.716,30,2481,31783
85.736,31,2480,31770
85.757,32,2479,31760
85.778,33,2478,31755
85.798,34,2477,31741
85.818,35,2476,31727
85.839,36,2475,31711
85.863,37,2474,31696
85.884,38,2473,31685
85.904,39,2472,31666
85.925,40,2471,31658
85.945,41,2469,31635
85.966,42,2468,31622
85.986,43,2467,31611
86.007,44,2466,31597
86.027,45,2465,31581
86.048,46,2464,31568
86.069,47,2463,31555
86.093,48,2462,31541
86.113,49,2461,31531
86.134,50,2460,31524
86.154,51,2459,31504
86.175,52,2458,31495
86.196,53,2457,31479
86.216,54,2456,31470
86.236,55,2455,31455
86.257,56,2453,31429
86.277,57,2452,31414
86.298,58,2451,31397
86.322,59,2450,31391
86.342,60,2448,31369
86.363,61,2447,31349
86.383,62,2445,31327
86.404,63,2444,31313
86.424,64,2443,31296
86.445,65,2441,31279
86.465,66,2440,31265
86.486,67,2439,31248
86.506,68,2439,31250
86.527,69,2438,31236
86.547,70,2437,31228
86.571,71,2436,31213
86.592,72,2435,31204
86.613,73,2435,31193
86.633,74,2434,31180
86.654,75,2433,31172
86.674,76,2432,31157
86.695,77,2431,31149
86.715,78,2431,31143
86.736,79,2430,31131
86.756,80,2428,31108
86.777,81,2427,31101
86.801,82,2426,31083
86.821,83,2425,31072
86.842,84,2423,31046
86.863,85,2422,31035
86.883,86,2421,31023
86.904,87,2421,31013
86.924,88,2420,31005
86.944,89,2418,30986
86.965,90,2417,30962
86.986,91,2415,30946
87.006,92,2415,30938
87.030,93,2414,30928
87.050,94,2412,30908
87.071,95,2411,30893
87.092,96,2410,30882
87.112,97,2410,30872
87.133,98,2409,30864
87.154,99,2408,30849
87.174,100,2407,30836
87.195,101,2406,30822
87.215,102,2405,30817
87.236,103,2404,30804
87.259,104,2403,30791
87.280,105,2401,30768
87.300,106,2401,30767
87.321,107,2401,30760
87.342,108,2399,30742
87.362,109,2398,30730
87.382,110,2397,30715
87.403,111,2397,30709
87.423,112,2395,30686
87.444,113,2394,30673
87.468,114,2393,30661
87.489,115,2392,30653
87.509,116,2392,30641
87.530,117,2390,30622
87.550,118,2389,30608
87.571,119,2389,30603
87.591,120,2388,30590
87.612,121,2386,30565
87.632,122,2384,30547
87.653,123,2384,30543
87.677,124,2383,30536
87.698,125,2382,30518
87.718,126,2380,30499
87.738,127,2379,30483
87.759,128,2378,30468
87.780,129,2377,30451
87.800,130,2376,30441
87.821,131,2374,30415
87.841,132,2374,30410
87.862,133,2373,30399
87.886,134,2371,30378
87.906,135,2370,30371
87.927,136,2370,30364
87.948,137,2369,30350
87.968,138,2367,30333
87.989,139,2366,30314
88.009,140,2365,30300
88.029,141,2365,30296
88.050,142,2364,30283
88.070,143,2362,30269
88.095,144,2362,30260
88.115,145,2360,30238
88.136,146,2360,30237
88.156,147,2359,30224
88.177,148,2358,30208
88.198,149,2356,30192
88.218,150,2356,30184
88.238,151,2355,30173
88.259,152,2354,30157
88.279,153,2353,30143
88.300,154,2352,30134
88.324,155,2351,30119
88.345,156,2349,30098
88.365,157,2347,30076
88.386,158,2347,30065
88.406,159,2346,30053
88.427,160,2344,30030
88.447,161,2342,30013
88.468,162,2341,30000
88.488,163,2341,29999
88.509,164,2340,29986
88.533,165,2339,29966
88.554,166,2337,29942
88.574,167,2336,29929
88.595,168,2335,29921
88.615,169,2334,29909
88.636,170,2333,29897
88.656,171,2332,29877
88.677,172,2331,29866
88.697,173,2331,29861
88.718,174,2329,29843
88.742,175,2328,29823
88.762,176,2327,29810
88.783,177,2326,29797
88.803,178,2325,29783
88.824,179,2323,29766
88.845,180,2322,29749
88.865,181,2321,29740
88.886,182,2320,29727
88.906,183,2319,29708
88.927,184,2319,29706
88.951,185,2318,29701
88.972,186,2316,29677
88.992,187,2315,29663
89.013,188,2315,29657
89.033,189,2313,29641
89.054,190,2313,29634
89.075,191,2313,29630
89.095,192,2311,29610
89.115,193,2310,29599
89.136,194,2310,29590
89.160,195,2308,29574
89.181,196,2307,29559
89.201,197,2305,29537
89.221,198,2305,29531
89.242,199,2304,29522
89.263,200,2303,29509
89.283,201,2302,29493
89.304,202,2302,29491
89.324,203,2300,29471
89.345,204,2299,29454
89.365,205,2298,29440
89.389,206,2297,29432
89.410,207,2297,29433
89.430,208,2296,29416
89.451,209,2294,29390
89.471,210,2293,29374
89.492,211,2292,29360
89.512,212,2291,29347
89.533,213,2289,29321
89.554,214,2287,29303
89.574,215,2286,29283
89.598,216,2283,29257
89.619,217,2283,29247
89.639,218,2281,29228
89.660,219,2280,29209
89.680,220,2279,29198
89.701,221,2278,29183
89.722,222,2276,29166
89.742,223,2276,29162
89.762,224,2275,29153
89.783,225,2275,29151
89.807,226,2275,29144
89.828,227,2275,29147
89.848,228,2274,29139
89.869,229,2274,29130
89.889,230,2273,29122
89.910,231,2272,29104
89.930,232,2271,29093
89.951,233,2269,29076
89.971,234,2268,29057
89.991,235,2267,29040
90.016,236,2266,29027
90.037,237,2263,28996
90.057,238,2262,28985
90.078,239,2261,28963
90.098,240,2259,28945
90.119,241,2258,28926
90.139,242,2257,28915
90.160,243,2256,28906
90.180,244,2256,28902
90.201,245,2256,28902
90.225,246,2255,28893
90.245,247,2255,28891
90.266,248,2254,28874
90.287,249,2252,28849
90.307,250,2250,28832
90.328,251,2249,28811
90.348,252,2246,28782
90.369,253,2245,28768
90.389,254,2245,28767
90.410,255,2245,28758
90.430,0,2458,31494
90.454,1,2502,32053
90.475,2,2510,32161
90.495,3,2509,32152
90.516,4,2509,32144
90.536,5,2508,32129
90.557,6,2505,32100
90.578,7,2503,32069
90.598,8,2501,32046
90.618,9,2501,32041
90.639,10,2500,32030
90.659,11,2499,32017
90.680,12,2497,31997
90.700,13,2496,31981
90.724,14,2495,31970
90.745,15,2495,31968
90.766,16,2495,31962
90.786,17,2495,31960
90.807,18,2493,31946
90.827,19,2492,31934
90.848,20,2491,31918
90.868,21,2490,31899
90.889,22,2488,31878
90.909,23,2486,31857
90.930,24,2485,31841
90.954,25,2484,31826
90.975,26,2483,31817
90.995,27,2483,31811
91.016,28,2482,31802
91.036,29,2481,31789
91.057,30,2480,31779
91.078,31,2479,31767
91.098,32,2479,31757
91.118,33,2478,31747
91.139,34,2477,31738
91.159,35,2476,31728
91.183,36,2475,31714
91.204,37,2474,31699
91.225,38,2473,31688
91.245,39,2472,31671
91.266,40,2471,31660
91.286,41,2470,31642
91.307,42,2468,31617
91.328,43,2467,31606
91.348,44,2466,31592
91.368,45,2465,31585
91.389,46,2464,31574
91.409,47,2463,31555
91.433,48,2462,31544
91.454,49,2461,31534
91.474,50,2460,31521
91.495,51,2459,31504
91.515,52,2458,31491
91.536,53,2457,31478
91.556,54,2456,31466
91.577,55,2455,31453
91.597,56,2454,31437
91.617,57,2452,31420
91.638,58,2451,31406
91.662,59,2450,31384
91.683,60,2449,31373
91.703,61,2447,31349
91.724,62,2445,31324
91.745,63,2444,31310
91.765,64,2443,31298
91.786,65,2442,31289
91.807,66,2440,31267
91.827,67,2440,31257
91.848,68,2439,31244
91.868,69,2438,31235
91.892,70,2437,31224
91.913,71,2436,31213
91.933,72,2435,31202
91.954,73,2434,31186
91.975,74,2434,31182
91.994,75,2433,31174
92.015,76,2433,31167
92.036,77,2431,31150
92.056,78,2430,31140
92.077,79,2430,31128
92.097,80,2428,31113
92.118,81,2427,31090
92.142,82,2426,31084
92.162,83,2425,31076
92.183,84,2424,31061
92.203,85,2423,31041
92.224,86,2421,31020
92.244,87,2421,31013
92.265,88,2420,31000
92.285,89,2418,30985
92.306,90,2416,30958
92.326,91,2416,30948
92.347,92,2414,30935
92.371,93,2414,30928
92.392,94,2413,30912
92.412,95,2411,30896
92.433,96,2410,30881
92.453,97,2409,30870
92.474,98,2409,30865
92.494,99,2408,30846
92.515,100,2407,30835
92.535,101,2406,30821
92.556,102,2405,30817
92.576,103,2405,30810
92.600,104,2403,30789
92.621,105,2402,30775
92.642,106,2401,30763
92.662,107,2400,30749
92.683,108,2399,30743
92.703,109,2398,30723
92.724,110,2398,30719
92.745,111,2397,30711
92.765,112,2396,30697
92.785,113,2394,30678
92.809,114,2393,30666
92.830,115,2393,30655
92.851,116,2392,30642
92.871,117,2390,30623
92.892,118,2389,30605
92.912,119,2388,30595
92.933,120,2387,30588
92.953,121,2386,30576
92.974,122,2385,30554
92.994,123,2383,30537
93.018,124,2383,30527
93.039,125,2382,30514
93.060,126,2380,30500
93.080,127,2379,30478
93.101,128,2378,30468
93.121,129,2377,30456
93.142,130,2376,30445
93.162,131,2375,30427
93.183,132,2374,30418
93.203,133,2373,30405
93.227,134,2372,30385
93.248,135,2370,30370
93.268,136,2370,30359
93.289,137,2369,30349
93.309,138,2368,30342
93.330,139,2366,30312
93.351,140,2365,30302
93.371,141,2365,30299
93.391,142,2364,30284
93.412,143,2362,30268
93.436,144,2361,30249
93.457,145,2360,30240
93.477,146,2359,30227
93.498,147,2359,30223
93.519,148,2358,30210
93.539,149,2357,30198
93.560,150,2356,30185
93.580,151,2355,30174
93.600,152,2354,30165
93.621,153,2353,30141
93.645,154,2352,30131
93.666,155,2351,30121
93.687,156,2350,30104
93.707,157,2348,30079
93.727,158,2347,30067
93.747,159,2346,30056
93.768,160,2345,30042
93.788,161,2343,30015
93.809,162,2341,29997
93.829,163,2341,29995
93.850,164,2340,29986
93.874,165,2338,29961
93.895,166,2337,29947
93.915,167,2336,29932
93.936,168,2336,29924
93.957,169,2335,29912
93.977,170,2333,29891
93.998,171,2332,29875
94.018,172,2331,29862
94.039,173,2330,29851
94.059,174,2329,29838
94.083,175,2328,29823
94.104,176,2327,29810
94.124,177,2326,29800
94.145,178,2325,29783
94.166,179,2323,29764
94.186,180,2322,29751
94.206,181,2321,29740
94.227,182,2320,29727
94.247,183,2318,29705
94.268,184,2318,29703
94.292,185,2318,29694
94.313,186,2317,29682
94.333,187,2315,29667
94.355,188,2314,29652
94.375,189,2314,29643
94.395,190,2313,29637
94.415,191,2312,29620
94.436,192,2311,29612
94.456,193,2310,29594
94.477,194,2309,29587
94.501,195,2309,29579
94.521,196,2307,29563
94.542,197,2306,29547
94.563,198,2305,29533
94.583,199,2304,29524
94.604,200,2303,29504
94.624,201,2302,29493
94.645,202,2301,29486
94.665,203,2301,29476
94.686,204,2300,29463
94.710,205,2298,29445
94.730,206,2297,29433
94.751,207,2296,29423
94.772,208,2296,29411
94.793,209,2294,29388
94.813,210,2292,29368
94.834,211,2291,29352
94.854,212,2290,29343
94.874,213,2288,29316
94.895,214,2287,29302
94.915,215,2285,29279
94.939,216,2284,29263
94.960,217,2282,29239
94.980,218,2281,29226
95.001,219,2280,29210
95.022,220,2279,29196
95.042,221,2278,29188
95.062,222,2277,29179
95.083,223,2276,29163
95.104,224,2276,29161
95.124,225,2276,29155
95.148,226,2275,29145
95.169,227,2274,29139
95.189,228,2274,29134
95.210,229,2273,29126
95.230,230,2273,29122
95.251,231,2271,29103
95.271,232,2271,29098
95.292,233,2270,29084
95.313,234,2269,29069
95.333,235,2267,29040
95.357,236,2265,29020
95.377,237,2263,28995
95.398,238,2262,28980
95.419,239,2261,28962
95.439,240,2259,28949
95.460,241,2259,28937
95.480,242,2257,28919
95.501,243,2256,28902
95.521,244,2255,28898
95.542,245,2256,28902
95.566,246,2255,28893
95.586,247,2254,28885
95.607,248,2253,28871
95.627,249,2252,28855
95.648,250,2251,28835
95.669,251,2249,28816
95.689,252,2247,28790
95.709,253,2246,28773
95.730,254,2245,28763
95.750,255,2245,28759
95.771,0,2458,31492
95.795,1,2500,32030
95.816,2,2510,32157
95.836,3,2510,32155
95.857,4,2509,32147
95.877,5,2507,32125
95.898,6,2506,32104
95.918,7,2503,32074
95.939,8,2502,32050
95.959,9,2500,32033
95.980,10,2499,32022
96.000,11,2498,32010
96.021,12,2497,31993
96.041,13,2496,31983
96.065,14,2496,31977
96.086,15,2495,31973
96.106,16,2495,31971
96.127,17,2495,31964
96.147,18,2493,31943
96.168,19,2492,31926
96.189,20,2490,31906
96.209,21,2489,31895
96.230,22,2488,31874
96.250,23,2487,31862
96.271,24,2486,31847
96.295,25,2484,31830
96.315,26,2483,31816
96.336,27,2482,31806
96.357,28,2482,31802
96.377,29,2481,31789
96.397,30,2480,31777
96.418,31,2479,31766
96.439,32,2479,31761
96.459,33,2478,31752
96.480,34,2478,31744
96.500,35,2476,31729
96.521,36,2475,31714
96.545,37,2474,31698
96.565,38,2473,31681
96.586,39,2472,31676
96.607,40,2471,31662
96.627,41,2469,31639
96.647,42,2468,31620
96.668,43,2467,31606
96.688,44,2466,31597
96.709,45,2465,31585
96.729,46,2464,31567
96.750,47,2463,31552
96.774,48,2461,31533
96.795,49,2461,31529
96.815,50,2460,31517
96.836,51,2459,31512
96.856,52,2458,31492
96.877,53,2457,31474
96.897,54,2456,31466
96.918,55,2455,31456
96.938,56,2454,31438
96.959,57,2452,31418
96.979,58,2451,31400
97.003,59,2450,31389
97.024,60,2449,31377
97.045,61,2447,31355
97.065,62,2445,31330
97.086,63,2444,31310
97.106,64,2443,31297
97.127,65,2442,31284
97.147,66,2440,31267
97.168,67,2439,31250
97.188,68,2439,31245
97.209,69,2438,31237
97.229,70,2437,31225
97.253,71,2437,31218
97.274,72,2436,31207
97.295,73,2434,31190
97.315,74,2434,31179
97.336,75,2433,31173
97.356,76,2432,31160
97.377,77,2431,31148
97.397,78,2431,31143
97.417,79,2430,31129
97.438,80,2429,31118
97.459,81,2427,31095
97.483,82,2426,31084
97.503,83,2425,31069
97.524,84,2424,31056
97.545,85,2422,31034
97.565,86,2421,31020
97.586,87,2420,31011
97.606,88,2419,30999
97.627,89,2419,30989
97.647,90,2417,30966
97.668,91,2416,30949
97.689,92,2414,30931
97.712,93,2413,30922
97.733,94,2413,30912
97.754,95,2411,30897
97.774,96,2410,30881
97.795,97,2409,30869
97.815,98,2409,30866
97.835,99,2409,30860
97.856,100,2407,30836
97.876,101,2406,30823
97.897,102,2405,30815
97.917,103,2405,30812
97.941,104,2404,30795
97.962,105,2402,30776
97.983,106,2401,30764
98.003,107,2400,30749
98.024,108,2400,30748
98.044,109,2399,30731
98.065,110,2397,30716
98.085,111,2397,30706
98.106,112,2396,30693
98.126,113,2394,30674
98.150,114,2394,30666
98.171,115,2393,30655
98.192,116,2392,30649
98.212,117,2391,30630
98.232,118,2389,30608
98.253,119,2388,30593
98.273,120,2387,30587
98.294,121,2386,30576
98.314,122,2385,30551
98.335,123,2383,30535
98.359,124,2383,30527
98.380,125,2382,30523
98.400,126,2381,30501
98.421,127,2379,30485
98.441,128,2378,30469
98.462,129,2377,30455
98.483,130,2376,30443
98.503,131,2374,30420
98.524,132,2374,30413
98.544,133,2372,30397
98.568,134,2372,30392
98.589,135,2371,30375
98.609,136,2370,30361
98.630,137,2368,30345
98.651,138,2368,30339
98.671,139,2366,30316
98.692,140,2365,30301
98.712,141,2364,30288
98.733,142,2364,30289
98.753,143,2363,30273
98.777,144,2362,30259
98.798,145,2360,30243
98.819,146,2360,30238
98.839,147,2359,30227
98.860,148,2358,30212
98.880,149,2357,30195
98.900,150,2356,30183
98.920,151,2355,30176
98.941,152,2354,30158
98.962,153,2353,30149
98.986,154,2352,30130
99.007,155,2351,30124
99.027,156,2349,30099
99.048,157,2348,30080
99.069,158,2346,30063
99.089,159,2345,30047
99.109,160,2344,30038
99.129,161,2343,30019
99.150,162,2342,30009
99.170,163,2341,29994
99.195,164,2341,29990
99.216,165,2339,29970
99.236,166,2337,29948
99.257,167,2335,29923
99.277,168,2335,29920
99.298,169,2335,29911
99.318,170,2334,29902
99.339,171,2332,29875
99.360,172,2331,29871
99.380,173,2330,29857
99.400,174,2329,29844
99.424,175,2328,29832
99.445,176,2327,29809
99.465,177,2326,29802
99.486,178,2324,29778
99.507,179,2323,29764
99.527,180,2322,29751
99.548,181,2322,29744
99.568,182,2320,29729
99.589,183,2319,29713
99.609,184,2318,29700
99.633,185,2317,29688
99.654,186,2317,29685
99.675,187,2315,29666
99.696,188,2314,29652
99.716,189,2314,29643
99.736,190,2313,29635
99.757,191,2312,29626
99.777,192,2312,29616
99.798,193,2310,29599
99.818,194,2309,29589
99.842,195,2308,29572
99.863,196,2307,29555
99.883,197,2306,29542
99.904,198,2306,29539
99.925,199,2304,29520
99.945,200,2304,29516
99.965,201,2302,29496
99.986,202,2301,29482
100.007,203,2300,29472
100.027,204,2299,29456
100.052,205,2298,29444
100.072,206,2298,29438
100.092,207,2296,29422
100.113,208,2296,29412
100.133,209,2294,29396
100.154,210,2292,29372
100.175,211,2291,29353
100.195,212,2291,29348
100.215,213,2289,29326
100.236,214,2287,29303
100.260,215,2286,29283
100.280,216,2284,29268
100.301,217,2283,29249
100.322,218,2281,29231
100.342,219,2280,29215
100.363,220,2279,29201
100.384,221,2278,29186
100.403,222,2276,29166
100.424,223,2276,29157
100.444,224,2276,29157
100.468,225,2275,29148
100.489,226,2275,29149
100.509,227,2275,29147
100.530,228,2274,29136
100.551,229,2274,29136
100.571,230,2273,29122
100.592,231,2272,29109
100.612,232,2270,29090
100.633,233,2269,29073
100.653,234,2269,29065
100.674,235,2268,29053
100.698,236,2265,29024
100.719,237,2264,29003
100.739,238,2262,28981
100.760,239,2261,28965
100.780,240,2260,28951
100.801,241,2258,28932
100.822,242,2257,28915
100.842,243,2256,28903
100.863,244,2256,28899
100.883,245,2255,28895
100.907,246,2256,28900
100.928,247,2255,28890
100.948,248,2254,28876
100.969,249,2252,28850
100.990,250,2250,28832
101.010,251,2249,28809
101.031,252,2247,28790
101.051,253,2246,28782
101.072,254,2245,28770
101.092,255,2245,28760
101.112,0,2458,31494
101.136,1,2500,32030
101.157,2,2510,32158
101.177,3,2510,32154
101.198,4,2509,32140
101.219,5,2507,32120
101.239,6,2506,32103
101.260,7,2503,32072
101.280,8,2502,32060
101.301,9,2501,32042
101.321,10,2500,32030
101.342,11,2499,32014
101.362,12,2497,31996
101.386,13,2496,31982
101.407,14,2496,31976
101.427,15,2495,31970
101.448,16,2495,31967
101.469,17,2495,31962
101.489,18,2494,31950
101.509,19,2492,31929
101.530,20,2491,31909
101.551,21,2489,31890
101.571,22,2488,31877
101.592,23,2487,31861
101.612,24,2486,31845
101.636,25,2484,31828
101.656,26,2483,31819
101.677,27,2483,31808
101.698,28,2482,31802
101.718,29,2482,31794
101.739,30,2480,31777
101.760,31,2480,31773
101.780,32,2479,31756
101.800,33,2478,31750
101.821,34,2477,31740
101.842,35,2476,31724
101.866,36,2475,31712
101.886,37,2474,31703
101.907,38,2473,31689
101.928,39,2472,31671
101.948,40,2471,31659
101.968,41,2470,31643
101.989,42,2468,31622
102.010,43,2466,31601
102.030,44,2466,31591
102.050,45,2465,31582
102.071,46,2464,31572
102.095,47,2463,31553
102.115,48,2462,31547
102.136,49,2461,31529
102.157,50,2460,31520
102.178,51,2459,31508
102.198,52,2458,31490
102.218,53,2457,31479
102.238,54,2456,31470
102.259,55,2455,31455
102.279,56,2454,31442
102.300,57,2452,31421
102.321,58,2451,31401
102.345,59,2449,31382
102.365,60,2449,31372
102.386,61,2447,31351
102.406,62,2445,31323
102.427,63,2444,31310
102.447,64,2443,31297
102.468,65,2442,31288
102.488,66,2441,31275
102.509,67,2440,31260
102.529,68,2439,31247
102.550,69,2438,31234
102.574,70,2437,31223
102.594,71,2436,31210
102.615,72,2435,31203
102.635,73,2435,31196
102.656,74,2434,31187
102.676,75,2433,31174
102.697,76,2432,31164
102.717,77,2431,31150
102.738,78,2430,31140
102.758,79,2430,31129
102.779,80,2429,31118
102.799,81,2427,31095
102.824,82,2425,31075
102.844,83,2425,31069
102.865,84,2424,31060
102.885,85,2423,31043
102.906,86,2421,31024
102.926,87,2420,31006
102.947,88,2420,31002
102.967,89,2419,30987
102.988,90,2417,30965
103.008,91,2416,30951
103.029,92,2415,30937
103.053,93,2414,30928
103.074,94,2413,30914
103.094,95,2412,30900
103.115,96,2411,30885
103.135,97,2409,30868
103.156,98,2408,30858
103.176,99,2408,30855
103.197,100,2407,30843
103.217,101,2406,30824
103.238,102,2405,30811
103.258,103,2405,30808
103.282,104,2403,30794
103.303,105,2402,30777
103.323,106,2401,30762
103.344,107,2400,30749
103.365,108,2399,30740
103.385,109,2399,30731
103.406,110,2397,30713
103.426,111,2397,30708
103.446,112,2396,30702
103.467,113,2394,30677
103.491,114,2393,30665
103.512,115,2392,30649
103.532,116,2392,30643
103.553,117,2391,30628
103.573,118,2389,30606
103.594,119,2388,30592
103.614,120,2387,30583
103.635,121,2386,30573
103.656,122,2385,30560
103.676,123,2384,30539
103.700,124,2382,30525
103.721,125,2382,30516
103.741,126,2381,30505
103.762,127,2379,30478
103.782,128,2378,30465
103.803,129,2378,30461
103.823,130,2376,30444
103.844,131,2375,30434
103.864,132,2373,30410
103.885,133,2373,30402
103.909,134,2372,30387
103.930,135,2370,30371
103.950,136,2369,30357
103.971,137,2369,30347
103.991,138,2368,30338
104.012,139,2367,30329
104.032,140,2366,30312
104.053,141,2365,30302
104.073,142,2364,30288
104.094,143,2363,30273
104.118,144,2362,30258
104.139,145,2360,30240
104.159,146,2359,30228
104.180,147,2359,30223
104.200,148,2358,30214
104.221,149,2357,30199
104.241,150,2356,30186
104.262,151,2355,30171
104.282,152,2354,30164
104.303,153,2352,30138
104.327,154,2352,30129
104.347,155,2350,30114
104.368,156,2350,30104
104.388,157,2348,30079
104.409,158,2347,30066
104.430,159,2346,30060
104.450,160,2345,30042
104.471,161,2343,30024
104.491,162,2341,30000
104.512,163,2341,29992
104.532,164,2340,29982
104.557,165,2339,29970
104.577,166,2338,29954
104.598,167,2336,29933
104.619,168,2335,29916
104.639,169,2335,29915
104.660,170,2334,29898
104.680,171,2332,29879
104.701,172,2331,29861
104.721,173,2330,29854
104.741,174,2329,29843
104.765,175,2328,29825
104.786,176,2327,29815
104.806,177,2326,29803
104.827,178,2325,29787
104.848,179,2323,29765
104.868,180,2322,29755
104.888,181,2321,29743
104.909,182,2320,29726
104.929,183,2319,29712
104.950,184,2318,29697
104.974,185,2317,29690
104.995,186,2317,29685
105.015,187,2316,29671
105.036,188,2315,29656
105.056,189,2313,29641
105.077,190,2313,29633
105.097,191,2312,29627
105.118,192,2311,29613
105.138,193,2310,29597
105.159,194,2309,29586
105.183,195,2309,29578
105.203,196,2308,29566
105.224,197,2306,29549
105.245,198,2305,29533
105.265,199,2304,29523
105.286,200,2303,29509
105.306,201,2302,29497
105.327,202,2302,29489
105.347,203,2301,29479
105.368,204,2300,29462
105.392,205,2298,29448
105.412,206,2298,29439
105.433,207,2296,29423
105.453,208,2295,29410
105.474,209,2294,29394
105.494,210,2293,29372
105.515,211,2291,29355
105.535,212,2290,29345
105.556,213,2290,29335
105.576,214,2287,29304
105.600,215,2286,29287
105.621,216,2284,29259
105.642,217,2283,29246
105.662,218,2281,29231
105.683,219,2280,29206
105.704,220,2279,29197
105.724,221,2278,29187
105.745,222,2277,29173
105.765,223,2276,29161
105.786,224,2276,29158
105.806,225,2275,29153
105.830,226,2275,29147
105.851,227,2274,29141
105.872,228,2274,29132
105.893,229,2274,29131
105.913,230,2274,29134
105.933,231,2272,29115
105.953,232,2271,29099
105.974,233,2270,29086
105.995,234,2269,29067
106.015,235,2267,29051
106.039,236,2265,29024
106.060,237,2264,29005
106.081,238,2262,28977
106.101,239,2261,28962
106.122,240,2259,28947
106.142,241,2259,28937
106.163,242,2257,28919
106.183,243,2256,28908
106.204,244,2255,28895
106.224,245,2255,28892
106.248,246,2255,28895
106.269,247,2255,28889
106.289,248,2254,28873
106.310,249,2252,28859
106.330,250,2251,28835
106.351,251,2249,28814
106.372,252,2247,28794
106.392,253,2246,28776
106.412,254,2245,28768
106.433,255,2245,28759
106.453,0,2458,31496
106.477,1,2497,31994
106.498,2,2511,32167
106.519,3,2510,32156
106.539,4,2509,32145
106.560,5,2508,32131
106.580,6,2506,32102
106.601,7,2504,32079
106.622,8,2501,32049
106.642,9,2501,32038
106.663,10,2500,32027
106.683,11,2498,32008
106.703,12,2497,31997
106.724,13,2496,31983
106.748,14,2495,31972
106.769,15,2495,31972
106.789,16,2495,31970
106.810,17,2495,31963
106.830,18,2494,31953
106.851,19,2492,31931
106.871,20,2490,31907
106.892,21,2490,31899
106.912,22,2488,31878
106.932,23,2487,31861
106.953,24,2486,31848
106.977,25,2484,31828
106.998,26,2483,31819
107.018,27,2483,31811
107.039,28,2482,31797
107.059,29,2481,31785
107.080,30,2480,31776
107.100,31,2479,31767
107.121,32,2479,31758
107.141,33,2478,31753
107.162,34,2477,31737
107.182,35,2476,31728
107.206,36,2475,31715
107.227,37,2474,31699
107.247,38,2473,31682
107.268,39,2472,31669
107.288,40,2471,31659
107.309,41,2470,31645
107.330,42,2469,31629
107.350,43,2467,31610
107.371,44,2466,31594
107.391,45,2465,31583
107.411,46,2464,31574
107.436,47,2463,31555
107.456,48,2461,31537
107.477,49,2461,31526
107.497,50,2460,31520
107.518,51,2460,31512
107.539,52,2459,31501
107.560,53,2457,31477
107.580,54,2456,31463
107.600,55,2454,31448
107.621,56,2454,31442
107.642,57,2452,31419
107.662,58,2451,31399
107.686,59,2450,31387
107.706,60,2449,31377
107.727,61,2447,31358
107.748,62,2446,31336
107.768,63,2444,31313
107.788,64,2442,31293
107.809,65,2442,31283
107.830,66,2440,31268
107.850,67,2440,31261
107.871,68,2439,31252
107.891,69,2438,31234
107.915,70,2437,31225
107.936,71,2437,31218
107.957,72,2435,31204
107.977,73,2435,31192
107.998,74,2434,31183
108.018,75,2433,31173
108.038,76,2432,31162
108.059,77,2431,31144
108.079,78,2430,31139
108.100,79,2430,31128
108.121,80,2429,31117
108.144,81,2427,31094
108.165,82,2427,31091
108.186,83,2425,31065
108.206,84,2424,31059
108.227,85,2423,31042
108.247,86,2422,31026
108.268,87,2421,31013
108.288,88,2419,30998
108.309,89,2419,30992
108.329,90,2417,30970
108.350,91,2416,30949
108.371,92,2414,30935
108.394,93,2413,30920
108.415,94,2413,30921
108.435,95,2412,30898
108.456,96,2410,30880
108.477,97,2409,30871
108.497,98,2409,30867
108.518,99,2408,30856
108.538,100,2407,30843
108.559,101,2406,30826
108.580,102,2405,30813
108.603,103,2404,30802
108.624,104,2403,30789
108.644,105,2402,30775
108.665,106,2401,30768
108.686,107,2401,30756
108.706,108,2400,30746
108.727,109,2399,30731
108.748,110,2397,30715
108.768,111,2397,30705
108.788,112,2396,30696
108.809,113,2395,30680
108.833,114,2393,30658
108.854,115,2392,30647
108.874,116,2391,30640
108.894,117,2391,30637
108.916,118,2389,30612
108.935,119,2388,30595
108.956,120,2387,30581
108.977,121,2386,30570
108.997,122,2385,30559
109.017,123,2384,30541
109.042,124,2383,30530
109.062,125,2382,30523
109.083,126,2381,30509
109.103,127,2380,30487
109.124,128,2379,30475
109.144,129,2377,30455
109.165,130,2376,30443
109.185,131,2375,30424
109.206,132,2374,30411
109.226,133,2373,30401
109.250,134,2372,30394
109.271,135,2371,30372
109.291,136,2370,30361
109.312,137,2369,30348
109.333,138,2368,30340
109.353,139,2367,30322
109.373,140,2365,30303
109.394,141,2364,30295
109.414,142,2364,30283
109.435,143,2363,30274
109.459,144,2362,30257
109.480,145,2360,30242
109.500,146,2359,30227
109.521,147,2359,30222
109.541,148,2359,30218
109.562,149,2357,30198
109.583,150,2356,30186
109.603,151,2355,30173
109.624,152,2355,30168
109.644,153,2353,30146
109.668,154,2352,30132
109.689,155,2351,30122
109.709,156,2350,30109
109.730,157,2348,30082
109.751,158,2347,30070
109.771,159,2345,30046
109.792,160,2345,30045
109.812,161,2343,30022
109.832,162,2342,30010
109.853,163,2341,29991
109.877,164,2340,29983
109.898,165,2340,29980
109.918,166,2338,29951
109.939,167,2336,29933
109.960,168,2335,29915
109.980,169,2334,29909
110.001,170,2333,29895
110.021,171,2332,29883
110.042,172,2331,29869
110.062,173,2330,29856
110.086,174,2329,29843
110.107,175,2328,29828
110.128,176,2327,29812
110.148,177,2326,29799
110.168,178,2325,29784
110.189,179,2323,29765
110.210,180,2322,29756
110.230,181,2321,29735
110.250,182,2321,29732
110.270,183,2320,29719
110.295,184,2318,29702
110.315,185,2317,29685
110.336,186,2317,29680
110.358,187,2315,29665
110.377,188,2314,29653
110.398,189,2314,29646
110.418,190,2313,29632
110.438,191,2313,29629
110.459,192,2312,29621
110.479,193,2311,29603
110.500,194,2309,29584
110.524,195,2308,29573
110.545,196,2307,29558
110.565,197,2306,29547
110.586,198,2305,29536
110.607,199,2305,29531
110.627,200,2304,29519
110.648,201,2303,29502
110.668,202,2301,29486
110.689,203,2301,29479
110.709,204,2299,29461
110.733,205,2298,29447
110.754,206,2297,29431
110.775,207,2297,29426
110.795,208,2297,29424
110.815,209,2295,29401
110.836,210,2293,29377
110.856,211,2291,29353
110.877,212,2290,29344
110.897,213,2289,29323
110.918,214,2288,29309
110.942,215,2286,29285
110.963,216,2284,29265
110.983,217,2283,29251
111.004,218,2281,29231
111.025,219,2280,29216
111.045,220,2279,29198
111.065,221,2278,29190
111.086,222,2277,29172
111.107,223,2276,29159
111.127,224,2275,29152
111.151,225,2276,29160
111.172,226,2275,29153
111.192,227,2275,29146
111.213,228,2274,29138
111.233,229,2273,29127
111.254,230,2273,29128
111.274,231,2272,29113
111.294,232,2271,29094
111.315,233,2270,29079
111.336,234,2268,29063
111.357,235,2267,29045
111.380,236,2266,29033
111.401,237,2264,29005
111.421,238,2262,28984
111.442,239,2261,28966
111.463,240,2260,28952
111.483,241,2258,28936
111.504,242,2257,28918
111.524,243,2256,28907
111.545,244,2256,28899
111.565,245,2256,28902
111.589,246,2255,28893
111.609,247,2255,28893
111.630,248,2254,28881
111.651,249,2253,28860
111.671,250,2251,28835
111.692,251,2249,28817
111.712,252,2247,28795
111.733,253,2246,28771
111.753,254,2245,28770
111.773,255,2245,28761
111.794,0,2458,31496
111.819,1,2496,31979
111.839,2,2510,32162
111.859,3,2510,32158
111.880,4,2509,32146
111.901,5,2507,32126
111.921,6,2505,32098
111.942,7,2503,32074
111.962,8,2502,32055
111.983,9,2501,32038
112.003,10,2500,32029
112.024,11,2499,32016
112.044,12,2497,31992
112.065,13,2496,31983
112.089,14,2496,31974
112.109,15,2495,31970
112.130,16,2495,31962
112.151,17,2495,31962
112.171,18,2493,31943
112.192,19,2493,31937
112.213,20,2491,31909
112.233,21,2489,31889
112.253,22,2488,31873
112.274,23,2486,31856
112.294,24,2485,31844
112.318,25,2484,31826
112.339,26,2483,31818
112.359,27,2483,31812
112.380,28,2482,31798
112.400,29,2481,31791
112.421,30,2480,31781
112.441,31,2479,31768
112.462,32,2479,31761
112.482,33,2478,31747
112.503,34,2477,31735
112.523,35,2477,31730
112.547,36,2476,31721
112.568,37,2474,31698
112.589,38,2473,31684
112.609,39,2472,31677
112.630,40,2471,31661
112.650,41,2470,31645
112.671,42,2468,31624
112.692,43,2467,31607
112.712,44,2466,31594
112.732,45,2465,31579
112.753,46,2464,31575
112.773,47,2463,31563
112.797,48,2462,31540
112.818,49,2461,31527
112.839,50,2460,31519
112.860,51,2459,31508
112.880,52,2458,31492
112.900,53,2457,31476
112.921,54,2456,31464
112.941,55,2455,31449
112.961,56,2454,31444
112.982,57,2452,31421
113.003,58,2451,31399
113.027,59,2449,31383
113.047,60,2448,31365
113.068,61,2447,31354
113.089,62,2446,31339
113.109,63,2444,31310
113.130,64,2443,31296
113.150,65,2442,31287
113.171,66,2441,31270
113.192,67,2440,31260
113.212,68,2439,31245
113.232,69,2438,31236
113.256,70,2437,31221
113.277,71,2436,31212
113.297,72,2435,31201
113.318,73,2435,31196
113.338,74,2434,31186
113.359,75,2433,31176
113.379,76,2433,31170
113.400,77,2432,31153
113.420,78,2430,31138
113.441,79,2430,31128
113.461,80,2428,31114
113.482,81,2427,31096
113.506,82,2426,31083
113.526,83,2425,31066
113.547,84,2424,31060
113.568,85,2423,31045
113.588,86,2422,31030
113.609,87,2420,31006
113.629,88,2419,30992
113.650,89,2418,30982
113.670,90,2417,30970
113.691,91,2416,30949
113.711,92,2414,30930
113.735,93,2413,30922
113.756,94,2413,30913
113.776,95,2412,30906
113.797,96,2411,30887
113.818,97,2410,30872
113.838,98,2409,30861
113.858,99,2408,30850
113.879,100,2408,30850
113.899,101,2407,30833
113.920,102,2406,30822
113.940,103,2404,30807
113.964,104,2404,30798
113.985,105,2403,30783
114.005,106,2401,30765
114.026,107,2400,30748
114.047,108,2400,30748
114.067,109,2398,30729
114.088,110,2398,30721
114.109,111,2396,30702
114.129,112,2396,30700
114.150,113,2395,30683
114.173,114,2393,30664
114.194,115,2392,30646
114.215,116,2391,30640
114.235,117,2391,30633
114.256,118,2389,30613
114.276,119,2388,30596
114.297,120,2387,30585
114.317,121,2387,30577
114.338,122,2386,30564
114.358,123,2384,30546
114.382,124,2383,30526
114.403,125,2382,30515
114.424,126,2381,30506
114.444,127,2380,30499
114.465,128,2379,30476
114.485,129,2377,30454
114.506,130,2376,30446
114.526,131,2375,30431
114.547,132,2374,30418
114.567,133,2373,30400
114.591,134,2372,30391
114.612,135,2371,30379
114.633,136,2370,30360
114.653,137,2368,30341
114.674,138,2368,30339
114.694,139,2367,30332
114.715,140,2366,30312
114.735,141,2364,30292
114.756,142,2364,30287
114.776,143,2363,30276
114.800,144,2362,30260
114.821,145,2361,30245
114.842,146,2359,30229
114.862,147,2359,30223
114.883,148,2358,30214
114.903,149,2357,30201
114.924,150,2356,30186
114.944,151,2355,30172
114.965,152,2354,30165
114.985,153,2353,30151
115.010,154,2352,30128
115.030,155,2351,30118
115.050,156,2350,30106
115.071,157,2349,30093
115.093,158,2347,30073
115.112,159,2345,30049
115.133,160,2345,30043
115.153,161,2344,30028
115.174,162,2342,30009
115.194,163,2340,29986
115.218,164,2340,29980
115.239,165,2339,29972
115.260,166,2338,29958
115.280,167,2336,29934
115.300,168,2335,29922
115.322,169,2334,29910
115.342,170,2334,29903
115.363,171,2332,29884
115.382,172,2331,29864
115.403,173,2330,29854
115.423,174,2329,29843
115.447,175,2329,29834
115.468,176,2328,29821
115.489,177,2326,29800
115.509,178,2325,29787
115.530,179,2323,29768
115.550,180,2322,29753
115.571,181,2321,29732
115.591,182,2321,29732
115.612,183,2319,29715
115.632,184,2318,29700
115.657,185,2318,29695
115.677,186,2317,29681
115.698,187,2316,29676
115.718,188,2315,29662
115.739,189,2314,29644
115.759,190,2313,29633
115.780,191,2312,29624
115.800,192,2312,29616
115.821,193,2311,29604
115.841,194,2310,29590
115.865,195,2308,29571
115.886,196,2308,29569
115.907,197,2307,29556
115.927,198,2305,29533
115.948,199,2304,29526
115.969,200,2303,29512
115.989,201,2302,29495
116.009,202,2301,29483
116.030,203,2300,29472
116.050,204,2300,29466
116.074,205,2299,29453
116.095,206,2297,29435
116.115,207,2296,29422
116.136,208,2296,29414
116.157,209,2294,29396
116.177,210,2293,29380
116.198,211,2291,29352
116.218,212,2290,29340
116.239,213,2289,29327
116.259,214,2288,29314
116.283,215,2286,29287
116.304,216,2284,29265
116.324,217,2283,29245
116.345,218,2281,29231
116.366,219,2280,29214
116.386,220,2279,29198
116.406,221,2278,29184
116.427,222,2277,29179
116.447,223,2277,29169
116.468,224,2276,29156
116.492,225,2276,29156
116.513,226,2275,29154
116.533,227,2275,29143
116.554,228,2275,29142
116.575,229,2274,29133
116.595,230,2273,29120
116.616,231,2272,29112
116.636,232,2271,29098
116.658,233,2270,29081
116.677,234,2269,29069
116.698,235,2268,29055
116.721,236,2266,29032
116.742,237,2264,29004
116.763,238,2262,28982
116.784,239,2260,28961
116.804,240,2260,28957
116.825,241,2258,28936
116.845,242,2257,28919
116.866,243,2257,28912
116.886,244,2255,28898
116.906,245,2255,28891
116.930,246,2255,28895
116.951,247,2255,28892
116.972,248,2254,28877
116.993,249,2253,28866
117.013,250,2250,28834
117.034,251,2249,28820
117.054,252,2248,28803
117.074,253,2246,28782
117.095,254,2245,28769
117.115,255,2245,28762
117.136,0,2458,31494
117.160,1,2494,31960
117.180,2,2510,32156
117.201,3,2510,32156
117.222,4,2509,32150
117.243,5,2508,32128
117.263,6,2506,32107
117.283,7,2504,32079
117.304,8,2502,32060
117.325,9,2501,32040
117.345,10,2500,32025
117.365,11,2498,32008
117.385,12,2497,31996
117.409,13,2496,31982
117.430,14,2496,31978
117.451,15,2495,31972
117.472,16,2495,31967
117.492,17,2494,31956
117.512,18,2494,31950
117.533,19,2493,31935
117.554,20,2491,31909
117.574,21,2489,31889
117.594,22,2488,31873
117.615,23,2487,31860
117.635,24,2486,31847
117.659,25,2484,31830
117.680,26,2483,31819
117.701,27,2483,31809
117.722,28,2482,31798
117.742,29,2481,31792
117.762,30,2481,31784
117.783,31,2479,31768
117.804,32,2479,31758
117.824,33,2478,31747
117.844,34,2478,31744
117.865,35,2476,31727
117.889,36,2475,31717
117.909,37,2474,31700
117.930,38,2473,31685
117.951,39,2472,31672
117.971,40,2471,31660
117.992,41,2470,31645
118.012,42,2469,31631
118.033,43,2467,31607
118.053,44,2466,31596
118.074,45,2465,31580
118.094,46,2464,31570
118.118,47,2463,31559
118.139,48,2462,31541
118.160,49,2461,31530
118.180,50,2460,31514
118.201,51,2459,31511
118.221,52,2458,31493
118.242,53,2457,31482
118.262,54,2456,31461
118.282,55,2455,31454
118.303,56,2454,31438
118.324,57,2452,31421
118.344,58,2451,31402
118.368,59,2449,31379
118.388,60,2449,31372
118.409,61,2448,31361
118.430,62,2446,31341
118.450,63,2444,31311
118.471,64,2442,31293
118.491,65,2441,31277
118.511,66,2440,31268
118.532,67,2440,31257
118.553,68,2439,31247
118.573,69,2438,31235
118.597,70,2437,31229
118.618,71,2437,31217
118.638,72,2436,31206
118.659,73,2435,31197
118.679,74,2434,31184
118.700,75,2433,31176
118.721,76,2432,31159
118.741,77,2431,31149
118.761,78,2430,31137
118.782,79,2430,31130
118.803,80,2429,31116
118.826,81,2428,31102
118.847,82,2426,31080
118.867,83,2424,31059
118.888,84,2424,31054
118.909,85,2423,31043
118.930,86,2422,31036
118.950,87,2420,31012
118.970,88,2419,30995
118.991,89,2419,30988
119.011,90,2418,30979
119.032,91,2416,30958
119.052,92,2414,30933
119.076,93,2413,30915
119.097,94,2413,30913
119.118,95,2412,30903
119.138,96,2411,30892
119.159,97,2409,30871
119.179,98,2409,30863
119.200,99,2408,30852
119.220,100,2407,30846
119.241,101,2406,30831
119.262,102,2405,30811
119.281,103,2404,30801
119.306,104,2403,30794
119.326,105,2402,30781
119.347,106,2401,30767
119.368,107,2400,30754
119.388,108,2399,30743
119.409,109,2399,30732
119.429,110,2398,30721
119.449,111,2397,30707
119.470,112,2396,30696
119.491,113,2394,30678
119.515,114,2394,30669
119.535,115,2392,30650
119.556,116,2392,30641
119.577,117,2391,30632
119.597,118,2390,30621
119.618,119,2388,30595
119.638,120,2387,30579
119.658,121,2386,30565
119.679,122,2385,30561
119.699,123,2384,30541
119.723,124,2382,30522
119.744,125,2381,30509
119.765,126,2381,30511
119.785,127,2380,30495
119.806,128,2378,30472
119.826,129,2377,30456
119.847,130,2376,30439
119.867,131,2376,30438
119.888,132,2374,30411
119.908,133,2372,30395
119.932,134,2372,30392
119.953,135,2371,30384
119.973,136,2370,30370
119.994,137,2368,30343
120.015,138,2367,30330
120.036,139,2367,30327
120.056,140,2366,30311
120.077,141,2364,30293
120.097,142,2363,30281
120.117,143,2363,30269
120.141,144,2362,30266
120.162,145,2360,30243
120.183,146,2360,30231
120.203,147,2358,30218
120.224,148,2358,30210
120.244,149,2357,30194
120.264,150,2356,30185
120.285,151,2355,30169
120.306,152,2354,30160
120.326,153,2353,30154
120.350,154,2352,30133
120.371,155,2350,30115
120.391,156,2350,30105
120.412,157,2349,30094
120.432,158,2346,30061
120.453,159,2345,30048
120.474,160,2344,30036
120.494,161,2344,30032
120.514,162,2343,30019
120.535,163,2341,29997
120.559,164,2340,29983
120.580,165,2339,29973
120.600,166,2338,29956
120.621,167,2336,29934
120.642,168,2335,29918
120.662,169,2334,29907
120.682,170,2334,29905
120.703,171,2333,29888
120.723,172,2331,29871
120.744,173,2330,29858
120.764,174,2329,29846
120.789,175,2328,29828
120.809,176,2327,29819
120.830,177,2325,29794
120.850,178,2325,29785
120.871,179,2323,29767
120.891,180,2322,29750
120.912,181,2321,29742
120.933,182,2320,29729
120.953,183,2320,29723
120.974,184,2318,29705
120.997,185,2317,29691
121.018,186,2316,29678
121.039,187,2316,29675
121.060,188,2315,29663
121.080,189,2314,29643
121.100,190,2313,29634
121.121,191,2312,29628
121.141,192,2312,29619
121.162,193,2311,29607
121.182,194,2310,29590
121.206,195,2308,29577
121.227,196,2307,29563
121.247,197,2306,29549
121.268,198,2305,29535
121.289,199,2304,29523
121.309,200,2304,29517
121.330,201,2302,29498
121.350,202,2301,29485
121.370,203,2301,29475
121.391,204,2300,29462
121.415,205,2298,29449
121.436,206,2297,29436
121.456,207,2296,29418
121.477,208,2295,29407
121.498,209,2295,29400
121.518,210,2293,29382
121.539,211,2292,29363
121.559,212,2290,29342
121.580,213,2289,29325
121.600,214,2288,29312
121.624,215,2286,29284
121.645,216,2284,29263
121.665,217,2282,29242
121.686,218,2282,29236
121.706,219,2281,29226
121.727,220,2279,29201
121.748,221,2278,29188
121.768,222,2277,29174
121.789,223,2276,29163
121.809,224,2276,29157
121.833,225,2275,29152
121.853,226,2275,29152
121.874,227,2275,29144
121.895,228,2275,29144
121.915,229,2273,29126
121.936,230,2273,29124
121.957,231,2273,29118
121.977,232,2271,29098
121.997,233,2270,29080
122.018,234,2268,29062
122.038,235,2268,29054
122.063,236,2266,29029
122.083,237,2265,29015
122.104,238,2262,28983
122.124,239,2261,28965
122.145,240,2260,28950
122.166,241,2258,28933
122.186,242,2257,28921
122.206,243,2256,28907
122.227,244,2256,28899
122.247,245,2255,28896
122.271,246,2255,28898
122.292,247,2255,28894
122.312,248,2254,28885
122.333,249,2253,28864
122.354,250,2251,28843
122.374,251,2249,28819
122.395,252,2247,28792
122.415,253,2247,28784
122.436,254,2246,28775
122.456,255,2245,28761
122.476,0,2458,31497
122.501,1,2494,31948
122.521,2,2509,32152
122.542,3,2510,32158
122.563,4,2509,32145
122.583,5,2507,32123
122.604,6,2505,32095
122.624,7,2503,32072
122.645,8,2502,32055
122.665,9,2501,32044
122.686,10,2500,32026
122.706,11,2498,32009
122.726,12,2497,31996
122.750,13,2497,31986
122.771,14,2496,31976
122.792,15,2495,31968
122.813,16,2495,31963
122.833,17,2494,31960
122.853,18,2494,31949
122.874,19,2492,31931
122.895,20,2491,31910
122.915,21,2489,31890
122.935,22,2488,31875
122.956,23,2487,31860
122.976,24,2485,31845
123.000,25,2484,31825
123.021,26,2483,31814
123.042,27,2482,31806
123.062,28,2482,31801
123.083,29,2481,31793
123.104,30,2481,31784
123.124,31,2480,31774
123.144,32,2479,31761
123.165,33,2478,31751
123.185,34,2477,31740
123.206,35,2477,31732
123.230,36,2476,31717
123.250,37,2475,31705
123.271,38,2473,31691
123.292,39,2472,31674
123.312,40,2471,31662
123.333,41,2470,31644
123.353,42,2468,31627
123.374,43,2467,31607
123.395,44,2466,31593
123.415,45,2465,31577
123.435,46,2464,31572
123.459,47,2464,31564
123.480,48,2462,31547
123.500,49,2461,31525
123.521,50,2460,31517
123.542,51,2459,31501
123.562,52,2458,31497
123.583,53,2457,31479
123.603,54,2456,31466
123.623,55,2455,31456
123.644,56,2454,31444
123.664,57,2453,31430
123.685,58,2452,31410
123.709,59,2450,31385
123.729,60,2448,31369
123.750,61,2447,31356
123.771,62,2446,31339
123.791,63,2444,31314
123.812,64,2443,31299
123.832,65,2441,31280
123.853,66,2441,31271
123.873,67,2440,31263
123.894,68,2439,31248
123.914,69,2438,31237
123.938,70,2437,31225
123.959,71,2436,31215
123.980,72,2436,31207
124.000,73,2434,31190
124.021,74,2434,31187
124.041,75,2433,31177
124.062,76,2433,31169
124.083,77,2431,31149
124.103,78,2431,31141
124.123,79,2430,31128
124.144,80,2429,31115
124.168,81,2427,31101
124.188,82,2426,31084
124.209,83,2425,31068
124.230,84,2424,31051
124.250,85,2423,31048
124.271,86,2422,31034
124.291,87,2421,31015
124.312,88,2419,30989
124.332,89,2418,30983
124.353,90,2417,30971
124.373,91,2416,30952
124.397,92,2415,30936
124.417,93,2414,30925
124.438,94,2413,30915
124.459,95,2413,30914
124.480,96,2411,30890
124.500,97,2410,30875
124.520,98,2408,30851
124.541,99,2408,30851
124.562,100,2407,30845
124.582,101,2406,30832
124.603,102,2406,30824
124.626,103,2404,30803
124.647,104,2404,30803
124.668,105,2403,30787
124.689,106,2402,30770
124.709,107,2400,30753
124.730,108,2399,30738
124.750,109,2398,30727
124.770,110,2397,30714
124.791,111,2397,30710
124.811,112,2396,30700
124.835,113,2395,30688
124.855,114,2394,30666
124.876,115,2392,30650
124.897,116,2391,30634
124.918,117,2391,30628
124.938,118,2390,30619
124.958,119,2388,30597
124.979,120,2387,30577
124.999,121,2386,30575
125.020,122,2386,30565
125.044,123,2384,30547
125.065,124,2383,30532
125.085,125,2382,30519
125.106,126,2381,30506
125.126,127,2380,30496
125.147,128,2378,30471
125.168,129,2377,30460
125.188,130,2377,30457
125.208,131,2376,30436
125.228,132,2374,30416
125.253,133,2372,30394
125.273,134,2372,30392
125.294,135,2371,30381
125.314,136,2370,30360
125.335,137,2368,30338
125.355,138,2368,30335
125.376,139,2367,30329
125.396,140,2366,30316
125.417,141,2365,30295
125.437,142,2364,30283
125.458,143,2363,30270
125.482,144,2362,30263
125.503,145,2361,30246
125.524,146,2359,30227
125.544,147,2359,30223
125.565,148,2358,30215
125.585,149,2357,30204
125.606,150,2356,30191
125.626,151,2355,30177
125.647,152,2354,30162
125.667,153,2353,30153
125.691,154,2352,30129
125.712,155,2351,30118
125.733,156,2350,30112
125.753,157,2348,30088
125.774,158,2347,30068
125.794,159,2346,30054
125.815,160,2345,30047
125.835,161,2344,30033
125.856,162,2343,30014
125.876,163,2341,29989
125.900,164,2340,29982
125.921,165,2340,29979
125.942,166,2338,29959
125.962,167,2337,29936
125.983,168,2335,29923
126.003,169,2334,29909
126.023,170,2334,29899
126.044,171,2333,29891
126.064,172,2331,29870
126.085,173,2330,29853
126.109,174,2329,29844
126.129,175,2328,29832
126.150,176,2327,29810
126.171,177,2326,29802
126.192,178,2325,29790
126.212,179,2324,29774
126.233,180,2322,29752
126.253,181,2321,29737
126.273,182,2320,29727
126.294,183,2319,29716
126.318,184,2318,29703
126.339,185,2317,29688
126.359,186,2316,29676
126.380,187,2316,29670
126.400,188,2315,29659
126.421,189,2314,29649
126.441,190,2313,29635
126.462,191,2312,29621
126.482,192,2312,29621
126.503,193,2310,29602
126.527,194,2310,29595
126.548,195,2309,29578
126.568,196,2308,29571
126.589,197,2307,29555
126.609,198,2306,29540
126.630,199,2304,29523
126.651,200,2303,29513
126.671,201,2303,29501
126.691,202,2301,29480
126.712,203,2300,29471
126.736,204,2300,29466
126.757,205,2299,29453
126.777,206,2298,29437
126.797,207,2297,29424
126.818,208,2296,29412
126.839,209,2294,29393
126.859,210,2293,29376
126.879,211,2292,29363
126.900,212,2290,29344
126.921,213,2289,29328
126.945,214,2288,29313
126.965,215,2287,29296
126.986,216,2285,29274
127.007,217,2283,29245
127.027,218,2282,29235
127.048,219,2280,29216
127.068,220,2279,29202
127.089,221,2278,29191
127.110,222,2278,29183
127.129,223,2276,29166
127.150,224,2276,29157
127.174,225,2275,29154
127.195,226,2276,29157
127.215,227,2275,29146
127.236,228,2274,29136
127.257,229,2273,29126
127.277,230,2273,29119
127.297,231,2272,29115
127.318,232,2271,29103
127.339,233,2270,29085
127.359,234,2269,29065
127.383,235,2267,29046
127.403,236,2266,29036
127.424,237,2264,29006
127.445,238,2262,28985
127.465,239,2261,28964
127.485,240,2260,28952
127.506,241,2259,28939
127.526,242,2257,28921
127.547,243,2256,28909
127.567,244,2256,28902
127.592,245,2255,28894
127.612,246,2255,28890
127.633,247,2255,28895
127.654,248,2255,28886
127.674,249,2252,28857
127.695,250,2251,28838
127.715,251,2250,28822
127.735,252,2248,28802
127.756,253,2246,28778
127.777,254,2245,28769
127.800,255,2245,28761
127.821,0,2458,31494
127.842,1,2494,31948
127.862,2,2510,32154
127.883,3,2510,32160
127.903,4,2509,32145
127.924,5,2507,32127
127.944,6,2505,32097
127.965,7,2504,32079
127.985,8,2502,32057
128.006,9,2500,32037
128.026,10,2499,32022
128.047,11,2498,32005
128.067,12,2497,31992
128.091,13,2496,31982
128.112,14,2496,31975
128.133,15,2496,31975
128.153,16,2495,31965
128.174,17,2494,31956
128.194,18,2494,31948
128.215,19,2492,31927
128.235,20,2490,31907
128.256,21,2489,31888
128.276,22,2488,31871
128.296,23,2487,31863
128.321,24,2486,31849
128.341,25,2484,31832
128.362,26,2483,31818
128.383,27,2483,31808
128.403,28,2482,31798
128.424,29,2481,31791
128.444,30,2480,31779
128.465,31,2480,31775
128.485,32,2479,31765
128.505,33,2478,31751
128.526,34,2478,31744
128.550,35,2476,31727
128.571,36,2475,31713
128.592,37,2474,31702
128.612,38,2473,31685
128.632,39,2472,31669
128.653,40,2471,31657
128.673,41,2470,31641
128.694,42,2469,31632
128.715,43,2467,31610
128.735,44,2466,31590
128.756,45,2465,31576
128.779,46,2464,31573
128.800,47,2463,31559
128.821,48,2462,31545
128.841,49,2461,31529
128.862,50,2460,31521
128.882,51,2459,31506
128.903,52,2458,31495
128.924,53,2457,31483
128.944,54,2455,31459
128.964,55,2455,31448
128.985,56,2454,31439
129.006,57,2453,31428
129.030,58,2451,31408
129.050,59,2450,31384
129.071,60,2448,31366
129.091,61,2447,31356
129.112,62,2446,31337
129.133,63,2444,31315
129.153,64,2443,31296
129.173,65,2441,31281
129.194,66,2440,31266
129.214,67,2440,31262
129.235,68,2439,31252
129.259,69,2438,31240
129.279,70,2437,31229
129.300,71,2437,31218
129.320,72,2436,31210
129.341,73,2434,31189
129.362,74,2434,31182
129.382,75,2433,31171
129.403,76,2432,31163
129.423,77,2431,31144
129.444,78,2430,31135
129.464,79,2430,31131
129.488,80,2429,31116
129.509,81,2428,31103
129.529,82,2426,31082
129.550,83,2424,31063
129.570,84,2423,31048
129.591,85,2423,31041
129.611,86,2422,31028
129.631,87,2421,31018
129.652,88,2420,31001
129.672,89,2419,30989
129.693,90,2417,30971
129.713,91,2416,30956
129.738,92,2415,30936
129.758,93,2414,30923
129.779,94,2413,30911
129.799,95,2412,30903
129.820,96,2411,30891
129.841,97,2409,30870
129.861,98,2409,30870
129.882,99,2408,30853
129.902,100,2408,30850
129.923,101,2407,30834
129.943,102,2405,30816
129.967,103,2404,30803
129.988,104,2403,30790
130.008,105,2402,30779
130.029,106,2401,30769
130.050,107,2400,30755
130.070,108,2400,30743
130.091,109,2398,30730
130.111,110,2397,30716
130.132,111,2396,30699
130.152,112,2396,30695
130.176,113,2395,30682
130.197,114,2394,30667
130.218,115,2392,30652
130.238,116,2391,30639
130.259,117,2391,30633
130.279,118,2390,30620
130.300,119,2388,30599
130.320,120,2387,30581
130.341,121,2386,30565
130.361,122,2385,30557
130.385,123,2384,30545
130.406,124,2383,30535
130.426,125,2382,30515
130.447,126,2382,30514
130.467,127,2380,30494
130.488,128,2379,30478
130.508,129,2377,30456
130.529,130,2376,30444
130.549,131,2375,30428
130.570,132,2374,30416
130.594,133,2372,30393
130.615,134,2372,30392
130.635,135,2371,30381
130.656,136,2370,30365
130.676,137,2368,30344
130.697,138,2367,30333
130.717,139,2367,30328
130.738,140,2366,30312
130.758,141,2365,30295
130.779,142,2363,30275
130.803,143,2363,30276
130.824,144,2362,30266
130.844,145,2361,30247
130.865,146,2360,30233
130.885,147,2359,30219
130.906,148,2358,30208
130.926,149,2357,30200
130.946,150,2356,30185
130.967,151,2355,30170
130.987,152,2354,30165
131.008,153,2353,30154
131.032,154,2352,30139
131.053,155,2351,30121
131.074,156,2350,30109
131.094,157,2349,30092
131.115,158,2347,30072
131.135,159,2345,30049
131.155,160,2345,30039
131.176,161,2344,30027
131.196,162,2343,30018
131.217,163,2341,29996
131.241,164,2340,29986
131.262,165,2339,29971
131.282,166,2339,29965
131.303,167,2337,29942
131.324,168,2335,29918
131.344,169,2334,29903
131.365,170,2334,29898
131.385,171,2333,29886
131.405,172,2331,29870
131.426,173,2331,29861
131.450,174,2329,29841
131.471,175,2328,29831
131.491,176,2327,29814
131.512,177,2325,29793
131.532,178,2324,29781
131.553,179,2323,29767
131.573,180,2322,29753
131.594,181,2321,29740
131.614,182,2320,29726
131.635,183,2320,29719
131.659,184,2319,29708
131.680,185,2317,29691
131.700,186,2316,29679
131.721,187,2316,29670
131.742,188,2315,29665
131.762,189,2314,29649
131.782,190,2314,29643
131.803,191,2312,29624
131.823,192,2312,29623
131.844,193,2311,29610
131.868,194,2310,29591
131.888,195,2308,29577
131.909,196,2307,29563
131.929,197,2307,29556
131.950,198,2306,29540
131.970,199,2305,29527
131.991,200,2304,29517
132.011,201,2303,29504
132.032,202,2301,29485
132.052,203,2300,29470
132.077,204,2300,29462
132.097,205,2299,29453
132.118,206,2298,29440
132.139,207,2297,29425
132.160,208,2296,29413
132.180,209,2295,29402
132.200,210,2294,29389
132.220,211,2292,29362
132.241,212,2290,29340
132.261,213,2289,29325
132.282,214,2288,29317
132.306,215,2286,29294
132.327,216,2285,29272
132.347,217,2282,29243
132.368,218,2282,29237
132.389,219,2280,29218
132.409,220,2280,29206
132.429,221,2278,29187
132.450,222,2277,29178
132.470,223,2276,29164
132.491,224,2276,29156
132.515,225,2275,29151
132.536,226,2276,29155
132.556,227,2275,29150
132.577,228,2275,29146
132.597,229,2274,29133
132.618,230,2273,29124
132.638,231,2272,29112
132.659,232,2271,29101
132.679,233,2270,29082
132.700,234,2269,29066
132.724,235,2267,29051
132.745,236,2266,29031
132.765,237,2264,29010
132.786,238,2262,28987
132.806,239,2261,28971
132.827,240,2260,28952
132.847,241,2258,28933
132.868,242,2257,28922
132.889,243,2256,28902
132.909,244,2255,28895
132.933,245,2255,28891
132.954,246,2255,28894
132.974,247,2256,28900
132.995,248,2255,28886
133.015,249,2253,28863
133.036,250,2251,28842
133.057,251,2249,28814
133.077,252,2248,28797
133.097,253,2246,28775
133.118,254,2246,28772
133.142,255,2245,28761
133.162,0,2458,31494
133.183,1,2492,31930
133.203,2,2510,32154
133.224,3,2510,32158
133.245,4,2509,32147
133.265,5,2507,32123
133.285,6,2505,32095
133.306,7,2503,32075
133.326,8,2502,32056
133.347,9,2501,32044
133.367,10,2500,32026
133.388,11,2498,32008
133.408,12,2497,31991
133.432,13,2496,31977
133.453,14,2496,31974
133.474,15,2495,31968
133.494,16,2495,31961
133.515,17,2495,31963
133.535,18,2494,31953
133.556,19,2492,31932
133.576,20,2491,31914
133.597,21,2489,31889
133.617,22,2488,31874
133.638,23,2486,31857
133.662,24,2485,31844
133.682,25,2484,31826
133.704,26,2484,31821
133.724,27,2483,31807
133.745,28,2482,31798
133.765,29,2481,31793
133.785,30,2480,31779
133.806,31,2480,31774
133.826,32,2479,31762
133.847,33,2478,31748
133.867,34,2477,31735
133.891,35,2476,31726
133.912,36,2475,31715
133.932,37,2474,31701
133.953,38,2473,31688
133.974,39,2472,31671
133.994,40,2471,31657
134.015,41,2470,31641
134.035,42,2469,31629
134.056,43,2467,31608
134.076,44,2466,31596
134.096,45,2465,31581
134.120,46,2464,31569
134.141,47,2464,31564
134.161,48,2463,31551
134.182,49,2461,31528
134.203,50,2460,31515
134.223,51,2459,31505
134.243,52,2458,31493
134.264,53,2457,31476
134.284,54,2455,31459
134.305,55,2454,31447
134.326,56,2454,31442
134.346,57,2453,31424
134.370,58,2452,31410
134.391,59,2450,31386
134.411,60,2448,31364
134.432,61,2447,31352
134.453,62,2446,31336
134.473,63,2444,31315
134.493,64,2443,31300
134.514,65,2442,31282
134.534,66,2441,31275
134.555,67,2440,31263
134.575,68,2439,31252
134.600,69,2438,31235
134.620,70,2437,31225
134.641,71,2436,31214
134.661,72,2435,31199
134.682,73,2434,31186
134.702,74,2434,31185
134.723,75,2433,31172
134.743,76,2432,31163
134.764,77,2431,31147
134.784,78,2430,31132
134.805,79,2429,31116
134.829,80,2428,31110
134.850,81,2427,31101
134.870,82,2426,31079
134.891,83,2425,31068
134.911,84,2424,31057
134.932,85,2423,31045
134.952,86,2422,31031
134.973,87,2421,31014
134.993,88,2419,30993
135.014,89,2418,30977
135.034,90,2417,30973
135.055,91,2416,30960
135.079,92,2415,30941
135.099,93,2413,30918
135.120,94,2412,30910
135.141,95,2412,30905
135.161,96,2411,30892
135.181,97,2410,30874
135.202,98,2409,30859
135.223,99,2408,30847
